-- phpMyAdmin SQL Dump
-- version 5.0.3
-- https://www.phpmyadmin.net/
--
-- Servidor: 127.0.0.1
-- Tiempo de generación: 27-02-2022 a las 01:51:13
-- Versión del servidor: 10.4.14-MariaDB
-- Versión de PHP: 7.4.11

SET SQL_MODE = "NO_AUTO_VALUE_ON_ZERO";
START TRANSACTION;
SET time_zone = "+00:00";


/*!40101 SET @OLD_CHARACTER_SET_CLIENT=@@CHARACTER_SET_CLIENT */;
/*!40101 SET @OLD_CHARACTER_SET_RESULTS=@@CHARACTER_SET_RESULTS */;
/*!40101 SET @OLD_COLLATION_CONNECTION=@@COLLATION_CONNECTION */;
/*!40101 SET NAMES utf8mb4 */;

--
-- Base de datos: `casos`
--

-- --------------------------------------------------------

--
-- Estructura de tabla para la tabla `cargos`
--

CREATE TABLE `cargos` (
  `id_cargo` int(11) NOT NULL,
  `nombre` varchar(255) DEFAULT NULL
) ENGINE=InnoDB DEFAULT CHARSET=latin1;

--
-- Volcado de datos para la tabla `cargos`
--

INSERT INTO `cargos` (`id_cargo`, `nombre`) VALUES
(1, 'Vendedor'),
(2, 'Cajero'),
(3, 'Supervisor'),
(4, 'Gerente'),
(5, 'Impulsador'),
(6, 'Motorista'),
(7, 'Logistica'),
(8, 'Vendedor Rutero');

-- --------------------------------------------------------

--
-- Estructura de tabla para la tabla `clientes`
--

CREATE TABLE `clientes` (
  `id_cliente` int(11) NOT NULL,
  `nombre` varchar(255) DEFAULT NULL,
  `apellido` varchar(255) DEFAULT NULL,
  `genero` int(11) DEFAULT NULL,
  `estado_civil` int(11) DEFAULT NULL,
  `doc_identificacion` varchar(255) DEFAULT NULL,
  `pais` int(11) DEFAULT NULL
) ENGINE=InnoDB DEFAULT CHARSET=latin1;

--
-- Volcado de datos para la tabla `clientes`
--

INSERT INTO `clientes` (`id_cliente`, `nombre`, `apellido`, `genero`, `estado_civil`, `doc_identificacion`, `pais`) VALUES
(1, 'ESTEFANIA', 'AROCAS PASADAS', 1, 3, 'ESAR314', 8),
(2, 'QUERALT', 'VISO GILABERT', 1, 3, 'QUVI6335', 6),
(3, 'JOAN', 'AYALA FERRERAS', 2, 3, 'JOAY4156', 8),
(4, 'JOAN', 'BAEZ TEJADO', 2, 4, 'JOBA5970', 7),
(5, 'MARC', 'BASTARDES SOTO', 2, 5, 'MABA4942', 7),
(6, 'JOSEP', 'ANGUERA VILAFRANCA', 2, 1, 'JOAN4929', 10),
(7, 'ESTHER', 'PASCUAL ALOY', 1, 2, 'ESPA9867', 5),
(8, 'LAURA', 'VALLES GIRVENT', 1, 1, 'LAVA9191', 10),
(9, 'RAQUEL', 'RAYA GARCIA', 1, 1, 'RARA2289', 9),
(10, 'JOAN', 'ANDREU CRUZ', 2, 3, 'JOAN3725', 10),
(11, 'MARIA ISABEL', 'BARALDES COMAS', 1, 2, 'MABA2931', 9),
(12, 'ADRIÀ', 'BERENGUERAS CULLERES', 2, 5, 'ADBE4923', 5),
(13, 'GERARD', 'LOPEZ DE PABLO GARCIA UCEDA', 2, 2, 'GELO4301', 3),
(14, 'ELIOT', 'ARNAU MORENO', 2, 5, 'ELAR6143', 3),
(15, 'JORDI', 'RAYA GAVILAN', 2, 1, 'JORA9134', 1),
(16, 'LUIS', 'ZAMBUDIO FIGULS', 2, 5, 'LUZA6794', 3),
(17, 'LAURA', 'BIDAULT CULLERES', 1, 1, 'LABI9228', 9),
(18, 'JORDI', 'BIOSCA FONTANET', 2, 3, 'JOBI4565', 1),
(19, 'DOUNYA', 'ZAFRA FIGULS', 1, 4, 'DOZA1318', 7),
(20, 'JULIO', 'ALEU ICART', 2, 3, 'JUAL9500', 8),
(21, 'ANDREU', 'BADIA TORNE', 2, 4, 'ANBA4586', 4),
(22, 'RAMON', 'MORALES GESE', 2, 1, 'RAMO7654', 9),
(23, 'DAVID-JESE', 'BLANCO FONTANET', 2, 3, 'DABL6010', 1),
(24, 'ARAN', 'ALVAREZ FERNANDEZ', 2, 5, 'ARAL5318', 6),
(25, 'GEMMA', 'GARCIA ALMOGUERA', 1, 5, 'GEGA4746', 2),
(26, 'IVAN', 'LIBORI FIGUERAS', 2, 2, 'IVLI431', 5),
(27, 'DAVID', 'BIDAULT PUEYO', 2, 2, 'DABI6725', 3),
(28, 'XAVIER', 'BENITEZ JOSE', 2, 2, 'XABE8106', 5),
(29, 'MARIO', 'PASCUAL FLORES', 2, 4, 'MAPA3238', 2),
(30, 'JESUS', 'AYALA TORNE', 2, 4, 'JEAY6251', 9),
(31, 'GEMMA', 'LISTAN FIGUERAS', 1, 2, 'GELI5232', 3),
(32, 'SILVIA', 'RASERO GAVILAN', 1, 5, 'SIRA5914', 7),
(33, 'ALBERT', 'ARNALOT PUIG', 2, 5, 'ALAR2920', 8),
(34, 'MARIA', 'MOLINER GARRIDO', 1, 1, 'MAMO8612', 4),
(35, 'BERTA', 'GALOBART GARCIA', 1, 4, 'BEGA7970', 2),
(36, 'BERTA', 'LOPEZ GARRIGASSAIT', 1, 3, 'BELO5537', 5),
(37, 'MIREIA', 'SANCHEZ GOMEZ', 1, 5, 'MISA3815', 8),
(38, 'GEMMA', 'ALAVEDRA SUNYE', 1, 1, 'GEAL4131', 2),
(39, 'MARIA ISABEL', 'ALIGUE BONVEHI', 1, 1, 'MAAL3633', 6),
(40, 'TONI', 'MAS FRANCH', 2, 2, 'TOMA585', 9),
(41, 'ALEJANDRO', 'ALOY COMPTE', 2, 2, 'ALAL5134', 6),
(42, 'JOAN MARTI', 'ASENSIO VEGA', 2, 3, 'JOAS7311', 4),
(43, 'INGRID', 'BIDAULT PEREZ', 1, 1, 'INBI3728', 4),
(44, 'OLIVER', 'ALOY CODINACHS', 2, 3, 'OLAL2560', 7),
(45, 'SANDRA', 'ALTIMIRAS ARMENTEROS', 1, 4, 'SAAL6593', 5),
(46, 'JORDI', 'BELMONTE SANCHEZ', 2, 3, 'JOBE8395', 4),
(47, 'MARC', 'BAJONA GARCIA', 2, 3, 'MABA9927', 3),
(48, 'JORDINA', 'AGUILAR RODRIGUEZ', 1, 1, 'JOAG2672', 9),
(49, 'MARIA JOSE', 'BARRIGA SOTO', 1, 3, 'MABA8064', 8),
(50, 'RAQUEL', 'AVILA MASJUAN', 1, 4, 'RAAV1274', 9),
(51, 'ENRIC', 'PARRAMON FLORES', 2, 3, 'ENPA5237', 3),
(52, 'MARTA', 'AGUILAR RAMOS', 1, 4, 'MAAG9426', 9),
(53, 'CARLA', 'AYALA ALSINA', 1, 1, 'CAAY7686', 8),
(54, 'MARIA NOELIA', 'ALVAREZ TROYANO', 1, 2, 'MAAL2850', 6),
(55, 'CRISTINA', 'ALINS GONZALEZ', 1, 5, 'CRAL1873', 2),
(56, 'CARLOS', 'ACUÑA TORT', 2, 2, 'CAAC1520', 10),
(57, 'DAVID', 'ALGUE TRANCHO', 2, 5, 'DAAL9472', 1),
(58, 'CRISTIAN', 'BADIA CASTILLO', 2, 5, 'CRBA610', 10),
(59, 'JULIO ALBERTO', 'BENITEZ FLORES', 2, 5, 'JUBE9136', 1),
(60, 'SERGI', 'TORRUELLA GARCIA', 2, 1, 'SETO7550', 4),
(61, 'ALEIX', 'ALBERICH RODRIGUEZ', 2, 2, 'ALAL4298', 1),
(62, 'VERÒNICA', 'ARMENCOT PUIG', 1, 5, 'VEAR5502', 4),
(63, 'MARIONA', 'ALIGUE RIVERA', 1, 5, 'MAAL3683', 3),
(64, 'MARC', 'BARRIGA RIU', 2, 2, 'MABA7524', 10),
(65, 'GEMMA', 'PORTELLA GISPETS', 1, 5, 'GEPO6356', 7),
(66, 'RICARD', 'AGUILERA BAENA', 2, 3, 'RIAG6356', 2),
(67, 'JUAN', 'RODRIGUEZ GARCIA', 2, 3, 'JURO3865', 5),
(68, 'MARTA', 'AGUILAR SUNYE', 1, 1, 'MAAG967', 2),
(69, 'NATÀLIA', 'BARRIGA TARDÀ', 1, 3, 'NABA4605', 5),
(70, 'MARTA', 'BARCONS LARA', 1, 3, 'MABA6953', 10),
(71, 'LAURA', 'AGUILERA TATJE', 1, 3, 'LAAG4564', 8),
(72, 'JOAN', 'ALEU PRAT', 2, 3, 'JOAL2723', 5),
(73, 'ALEXIA', 'VALLES GIRVENT', 1, 5, 'ALVA6392', 6),
(74, 'FERRAN', 'MOLINA GARRIDO', 2, 5, 'FEMO59', 1),
(75, 'CRISTINA', 'ARISSA HERMOSO', 1, 5, 'CRAR7129', 3),
(76, 'JOSE ANTONIO', 'BARALDES PARDO', 2, 4, 'JOBA3813', 9),
(77, 'JORDI', 'SUAREZ GARZON', 2, 5, 'JOSU3350', 7),
(78, 'BEGONYA', 'ARPA MORENO', 1, 3, 'BEAR7282', 1),
(79, 'INGRID', 'ALOY FARRANDO', 1, 4, 'INAL3471', 1),
(80, 'MIQUEL', 'LUQUE GARRIGASAIT', 2, 2, 'MILU6744', 5),
(81, 'AGUSTI', 'RIDO GOMEZ', 2, 1, 'AGRI4210', 4),
(82, 'ANTONI', 'SANTAMARIA FLOTATS', 2, 5, 'ANSA2159', 2),
(83, 'JOAN', 'HERMS GOMEZ', 2, 2, 'JOHE6702', 7),
(84, 'MÒNICA', 'ARTIGAS MATURANO', 1, 4, 'MÒAR3395', 10),
(85, 'GERARD', 'AGUILAR MASANA', 2, 1, 'GEAG1112', 8),
(86, 'GEMMA', 'ALTIMIRAS SERAROLS', 1, 1, 'GEAL9859', 2),
(87, 'MARIA', 'TORRESCASANA GARCIA', 1, 2, 'MATO175', 10),
(88, 'ORIOL', 'ARIZA PUIGBO', 2, 1, 'ORAR1906', 6),
(89, 'VIRGINIA', 'ALVAREZ ARMENTEROS', 1, 4, 'VIAL3024', 9),
(90, 'DAMIÀ', 'BARALDES TARRAGO', 2, 2, 'DABA733', 6),
(91, 'VALENTI', 'GARCIA GARCIA', 2, 4, 'VAGA6936', 2),
(92, 'AINA', 'AROCA GOMEZ', 1, 4, 'AIAR6695', 9),
(93, 'DAVID', 'ALONSO RODRIGUEZ', 2, 2, 'DAAL6516', 10),
(94, 'GERARD', 'CANO GOMEZ', 2, 3, 'GECA5587', 7),
(95, 'MARTA', 'ALCAIDE MOLINA', 1, 4, 'MAAL5038', 6),
(96, 'MIREIA', 'AGUILERA PRAT', 1, 5, 'MIAG7351', 8),
(97, 'ELOI', 'ALAPONT ICART', 2, 5, 'ELAL1940', 4),
(98, 'ANNA', 'RIVERO FLORIDO', 1, 1, 'ANRI3369', 7),
(99, 'ALBA', 'AVILA MASJUAN', 1, 3, 'ALAV6893', 5),
(100, 'SANDRA', 'GRANADOS ANDRES', 1, 2, 'SAGR2363', 9),
(101, 'ERIC', 'FERRER GASSET', 2, 3, 'ERFE8009', 5),
(102, 'LLUIS', 'AMIGO MODREGO', 2, 2, 'LLAM2889', 6),
(103, 'CRISTIAN', 'ABDIN TATJÈ', 2, 1, 'CRAB9272', 6),
(104, 'GUILLEM', 'CANELLAS GOMEZ', 2, 4, 'GUCA4768', 1),
(105, 'DIMAS', 'HIDALGO ALTIMIRAS', 2, 3, 'DIHI2402', 3),
(106, 'ANA INES', 'BASTARDAS FRANCH', 1, 1, 'ANBA441', 5),
(107, 'IVET', 'ABADIAS MASANA', 1, 1, 'IVAB3803', 9),
(108, 'JULIA', 'AREVALO SANCHEZ', 1, 1, 'JUAR4279', 1),
(109, 'DANIEL', 'ALINS MULET', 2, 1, 'DAAL558', 2),
(110, 'ABEL', 'GARCIA GONZALEZ', 2, 5, 'ABGA5674', 7),
(111, 'IRENE', 'ALVAREZ PARCERISA', 1, 2, 'IRAL6025', 3),
(112, 'ADRIÀ', 'CASAS ANDRES', 2, 4, 'ADCA3590', 3),
(113, 'JAIRO', 'MORALES GESE', 2, 4, 'JAMO3043', 10),
(114, 'CRISTINA', 'BARALDES MARTORELL', 1, 5, 'CRBA4136', 8),
(115, 'DAVID', 'AROCA GOMEZ', 2, 1, 'DAAR1916', 7),
(116, 'ADRIÀ', 'RUEDA ALVAREZ', 2, 3, 'ADRU2333', 2),
(117, 'LUCIA', 'ALVAREZ DOMENECH', 1, 1, 'LUAL3158', 8),
(118, 'CARLA', 'BOIX GONZALEZ', 1, 1, 'CABO1541', 10),
(119, 'ADRIÀ', 'BARALDES MONROS', 2, 2, 'ADBA5177', 3),
(120, 'MARTA', 'AGUILERA MERINO', 1, 4, 'MAAG1226', 4),
(121, 'MARC', 'BAREA D\'HAENE', 2, 1, 'MABA5262', 10),
(122, 'ALEX', 'BARROSO D\'HAENE', 2, 2, 'ALBA7870', 1),
(123, 'LUIS', 'RIVAS', 2, 1, 'DU1927398', 1),
(124, 'BENITO', 'MARTINEZ', 2, 1, 'DU1923181', 1),
(125, 'KING', 'FLYP', 2, 1, 'DU789546', 1);

-- --------------------------------------------------------

--
-- Estructura de tabla para la tabla `empleados`
--

CREATE TABLE `empleados` (
  `id_empleado` int(11) NOT NULL,
  `nombre` varchar(255) DEFAULT NULL,
  `apellido` varchar(255) DEFAULT NULL,
  `pais` int(11) DEFAULT NULL,
  `cargo` int(11) DEFAULT NULL,
  `salario` decimal(10,2) DEFAULT NULL
) ENGINE=InnoDB DEFAULT CHARSET=latin1;

--
-- Volcado de datos para la tabla `empleados`
--

INSERT INTO `empleados` (`id_empleado`, `nombre`, `apellido`, `pais`, `cargo`, `salario`) VALUES
(1, 'LUIS', 'ALAVEDRA SUNYE', 1, 2, '1457.00'),
(2, 'LAURA', 'ALIGUE BONVEHI', 6, 3, '1438.00'),
(3, 'JORDI', 'MAS FRANCH', 6, 4, '822.00'),
(4, 'DOUNYA', 'ALOY COMPTE', 1, 1, '1390.00'),
(5, 'JULIO', 'ASENSIO VEGA', 3, 2, '1512.00'),
(6, 'ANDREU', 'BIDAULT PEREZ', 9, 3, '767.00'),
(7, 'RAMON', 'ALOY CODINACHS', 10, 4, '620.00'),
(8, 'DAVID-JESE', 'ALTIMIRAS ARMENTEROS', 3, 4, '890.00'),
(9, 'ARAN', 'BELMONTE SANCHEZ', 2, 1, '1442.00'),
(10, 'GEMMA', 'BAJONA GARCIA', 5, 4, '1048.00'),
(11, 'LUIS H.', 'RIVAS R.', 5, 4, '450.00'),
(12, 'CRISTIANO', 'AVEIRO', 13, 4, '650.00'),
(13, 'LEONEL', 'DOS SANTOS', 5, 2, '750.00'),
(14, 'ANSU FATI', 'MARTINEZ', 6, 4, '450.00'),
(15, 'SERGIO', 'RAMOS CALDERON', 6, 4, '650.00');

-- --------------------------------------------------------

--
-- Estructura de tabla para la tabla `estado_civil`
--

CREATE TABLE `estado_civil` (
  `id_estado_civil` int(11) NOT NULL,
  `nombre` varchar(255) DEFAULT NULL
) ENGINE=InnoDB DEFAULT CHARSET=latin1;

--
-- Volcado de datos para la tabla `estado_civil`
--

INSERT INTO `estado_civil` (`id_estado_civil`, `nombre`) VALUES
(1, 'Casado/a'),
(2, 'Divorciado/a'),
(3, 'Otros'),
(4, 'Separado/a'),
(5, 'Soltero/a');

-- --------------------------------------------------------

--
-- Estructura de tabla para la tabla `estado_ventas`
--

CREATE TABLE `estado_ventas` (
  `id_estado` int(11) NOT NULL,
  `nombre` varchar(255) DEFAULT NULL
) ENGINE=InnoDB DEFAULT CHARSET=latin1;

--
-- Volcado de datos para la tabla `estado_ventas`
--

INSERT INTO `estado_ventas` (`id_estado`, `nombre`) VALUES
(1, 'Finalizada'),
(2, 'Anulada'),
(3, 'Pendiente');

-- --------------------------------------------------------

--
-- Estructura de tabla para la tabla `forma_pago`
--

CREATE TABLE `forma_pago` (
  `id_forma_pago` int(11) NOT NULL,
  `nombre` varchar(255) DEFAULT NULL
) ENGINE=InnoDB DEFAULT CHARSET=latin1;

--
-- Volcado de datos para la tabla `forma_pago`
--

INSERT INTO `forma_pago` (`id_forma_pago`, `nombre`) VALUES
(1, 'Efectivo'),
(2, 'Tarjeta de Credito'),
(3, 'Cheque'),
(4, 'Transferencia Electronica'),
(5, 'Credito'),
(6, 'Bitcoin');

-- --------------------------------------------------------

--
-- Estructura de tabla para la tabla `genero`
--

CREATE TABLE `genero` (
  `id_genero` int(11) NOT NULL,
  `nombre` varchar(255) DEFAULT NULL
) ENGINE=InnoDB DEFAULT CHARSET=latin1;

--
-- Volcado de datos para la tabla `genero`
--

INSERT INTO `genero` (`id_genero`, `nombre`) VALUES
(1, 'Mujer'),
(2, 'Hombre'),
(3, 'Prefiero No Decirlo'),
(4, 'Me Considero Helicoptero');

-- --------------------------------------------------------

--
-- Estructura de tabla para la tabla `nomina`
--

CREATE TABLE `nomina` (
  `id_pago` int(11) NOT NULL,
  `primer_nombre` varchar(255) DEFAULT NULL,
  `segundo_nombre` varchar(255) DEFAULT NULL,
  `apellidos` varchar(255) DEFAULT NULL,
  `departamento` varchar(255) DEFAULT NULL,
  `funcion` varchar(255) DEFAULT NULL,
  `tipo_empleado` varchar(255) DEFAULT NULL,
  `sueldo_dop` decimal(10,2) DEFAULT NULL,
  `sueldo_usd` decimal(10,2) DEFAULT NULL,
  `mes` varchar(255) DEFAULT NULL,
  `anio` int(11) DEFAULT NULL
) ENGINE=InnoDB DEFAULT CHARSET=latin1;

--
-- Volcado de datos para la tabla `nomina`
--

INSERT INTO `nomina` (`id_pago`, `primer_nombre`, `segundo_nombre`, `apellidos`, `departamento`, `funcion`, `tipo_empleado`, `sueldo_dop`, `sueldo_usd`, `mes`, `anio`) VALUES
(1, 'YENNYFER', '', 'GENAO', 'Recursos Humanos', 'Encargada RRHH ', 'Permanente', '125000.00', '2142.99', '01', 2019),
(2, 'SOCRATES', '', 'MORENO', 'Recursos Humanos', 'Aux. de Nómina', 'Permanente', '49500.00', '848.62', '01', 2019),
(3, 'DESIREE', '', 'ALCANTARA', 'Planificacion y Desarrollo ', 'Tecnico de Proyectos', 'Permanente', '75000.00', '1285.79', '01', 2019),
(4, 'VICTOR', '', 'LUGO', 'Administrativo', 'Conserje', 'Permanente', '16000.00', '274.30', '01', 2019),
(5, 'JUANA', 'LARISSA', 'CROUSSIER', 'Recursos Humanos', 'Asistente RRHH', 'Permanente', '35000.00', '600.04', '01', 2019),
(6, 'JUAN', '', 'RODRIGUEZ', 'Administrativo', 'Chofer', 'Permanente', '33000.00', '565.75', '01', 2019),
(7, 'FLORINDA', '', 'ROJAS', 'Dirección Ejecutiva', 'Directora Ejecutiva', 'Permanente', '250000.00', '4285.98', '01', 2019),
(8, 'SUGEIL', '', 'SANCHEZ', 'Administrativo', 'Conserje', 'Permanente', '16000.00', '274.30', '01', 2019),
(9, 'KEILA', '', 'SANTOS', 'Escuela Nacional de Migración', 'Coord.Innov y Desarrollo', 'Permanente', '4666.67', '80.00', '01', 2019),
(10, 'MIGUELINA', '', 'ARIAS', 'Escuela Nacional de Migración', 'Coord. Centro de Documentación ', 'Carrera Administrativa', '60000.00', '1028.63', '01', 2019),
(11, 'PEDRO', '', 'RAMIREZ', 'Administrativo', 'Contador', 'Carrera Administrativa', '60000.00', '1028.63', '01', 2019),
(12, 'GINA', '', 'GALLARDO', 'Escuela Nacional de Migración', 'Encargada ENM', 'Permanente', '150000.00', '2571.59', '01', 2019),
(13, 'JESSICA', '', 'MORDECHAY', 'Comunicaciones', 'Relacionadora Publica', 'Permanente', '60000.00', '1028.63', '01', 2019),
(14, 'ANA', '', 'DIAZ', 'Dirección Ejecutiva', 'Asistente Ejecutiva', 'Permanente', '65000.00', '1114.35', '01', 2019),
(15, 'JOSE', 'ABRAHAM', 'PEREZ', 'Administrativo', 'Aux. Mantenimiento ', 'Permanente', '35000.00', '600.04', '01', 2019),
(16, 'DOMINGO', '', 'OGANDO', 'Administrativo', 'Conserje', 'Permanente', '16000.00', '274.30', '01', 2019),
(17, 'ALEJANDRINA', '', 'SANTIAGO', 'Relaciones Internacionales', 'Asistente', 'Permanente', '27500.00', '471.46', '01', 2019),
(18, 'AMARFI', '', 'PERALTA', 'Comunicaciones', 'Encargada Comunicaciones', 'Permanente', '105000.00', '1800.11', '01', 2019),
(19, 'ESMERALDA', '', 'PEGUERO', 'Investigación', 'Analista', 'Permanente', '70000.00', '1200.07', '01', 2019),
(20, 'EVA', 'JOSEFINA', 'CONCEPCION', 'Dirección Ejecutiva', 'Asistente', 'Permanente', '49500.00', '848.62', '01', 2019),
(21, 'LEIDY', '', 'MORDAN', 'Escuela Nacional de Migración', 'Asistente', 'Permanente', '45000.00', '771.48', '01', 2019),
(22, 'JUAN', '', 'POLANCO', 'Administrativo', 'Chofer', 'Permanente', '27500.00', '471.46', '01', 2019),
(23, 'MANUEL', '', 'HEREDIA', 'Escuela Nacional de Migración', 'Coordinador/a Docente ', 'Permanente', '70000.00', '1200.07', '01', 2019),
(24, 'MIGUEL', '', 'VALOY', 'Comunicaciones', 'Diseñador Grafico', 'Permanente', '44000.00', '754.33', '01', 2019),
(25, 'JULIO', 'GABRIEL', 'MARTINEZ', 'Administrativo', 'Camarero', 'Permanente', '22000.00', '377.17', '01', 2019),
(26, 'GILENA', '', 'ALCANTARA', 'Planificacion y Desarrollo ', 'Encargada Planificación y Desarrollo', 'Permanente', '125000.00', '2142.99', '01', 2019),
(27, 'RODOLFO', '', 'RIZIK', 'Escuela Nacional de Migración', 'Recepcionista', 'Permanente', '27500.00', '471.46', '01', 2019),
(28, 'DANIEL', '', 'MATEO', 'Administrativo', 'Soporte Informatico', 'Permanente', '38500.00', '660.04', '01', 2019),
(29, 'FARAH', '', 'PAREDES', 'Investigación', 'Analista', 'Permanente', '75000.00', '1285.79', '01', 2019),
(30, 'AIMARA', 'VERA', 'RIVERON', 'Comunicaciones', 'Coordinadora Publicaciones ', 'Permanente', '100000.00', '1714.39', '01', 2019),
(31, 'NURYS', '', 'MEDINA', 'Administrativo', 'Conserje', 'Permanente', '16000.00', '274.30', '01', 2019),
(32, 'ARIS', '', 'BALBUENA', 'Investigación', 'Analista', 'Permanente', '70000.00', '1200.07', '01', 2019),
(33, 'JOSE', 'JORIBE', 'CASTILLO', 'Investigación', 'Analista', 'Permanente', '70000.00', '1200.07', '01', 2019),
(34, 'JOSEFINA', '', 'BATISTA', 'Administrativo', 'Conserje', 'Permanente', '14000.00', '240.01', '01', 2019),
(35, 'ONEISIS', '', 'GONZALEZ', 'Administrativo', 'Enc. Administrativo y Financiero', 'Permanente', '100000.00', '1714.39', '01', 2019),
(36, 'JONATHAN', '', 'PALATZ', 'Relaciones Internacionales', 'Enc. Relaciones Internacionales ', 'Permanente', '100000.00', '1714.39', '01', 2019),
(37, 'MARTHA', '', 'RODRIGUEZ', 'Escuela Nacional de Migración', 'Coordinador/a Docente ', 'Permanente', '70000.00', '1200.07', '01', 2019),
(38, 'MICHEL', 'PAOLA', 'MARTINEZ', 'Dirección Ejecutiva', 'Responsable Acceso a la Información', 'Carrera Administrativa', '55000.00', '942.91', '01', 2019),
(39, 'ELIAN', 'ROSARIO', 'MARTINEZ', 'Investigación', 'Analista', 'Permanente', '75000.00', '1285.79', '01', 2019),
(40, 'JEOVANNY', 'TEJEDA', 'SUAREZ', 'Administrativo', 'Contador', 'Carrera Administrativa', '70000.00', '1200.07', '01', 2019),
(41, 'INGRID', '', 'SURIEL', 'Administrativo', 'Recepcionista', 'Permanente', '25000.00', '428.60', '01', 2019),
(42, 'ROSSANA', '', 'GOMEZ', 'Investigación', 'Analista', 'Permanente', '70000.00', '1200.07', '01', 2019),
(43, 'BIENVENIDO', '', 'BARRIENTOS', 'Investigación', 'Secretario', 'Permanente', '30000.00', '514.32', '01', 2019),
(44, 'SALVADOR', '', 'ALCANTARA', 'Administrativo', 'Chofer', 'Permanente', '25000.00', '428.60', '01', 2019),
(45, 'JEANNETT', '', 'CONCEPCION', 'Administrativo', 'Conserje', 'Permanente', '14000.00', '240.01', '01', 2019),
(46, 'YENNYFER', '', 'GENAO', 'Recursos Humanos', 'Encargada RRHH ', 'Permanente', '125000.00', '2142.99', '02', 2019),
(47, 'SOCRATES', '', 'MORENO', 'Recursos Humanos', 'Aux. de Nómina', 'Permanente', '49500.00', '848.62', '02', 2019),
(48, 'DESIREE', '', 'ALCANTARA', 'Planificacion y Desarrollo ', 'Tecnico de Proyectos', 'Permanente', '75000.00', '1285.79', '02', 2019),
(49, 'VICTOR', '', 'LUGO', 'Administrativo', 'Conserje', 'Permanente', '16000.00', '274.30', '02', 2019),
(50, 'JUANA', 'LARISSA', 'CROUSSIER', 'Recursos Humanos', 'Asistente RRHH', 'Permanente', '35000.00', '600.04', '02', 2019),
(51, 'JUAN', '', 'RODRIGUEZ', 'Administrativo', 'Chofer', 'Permanente', '33000.00', '565.75', '02', 2019),
(52, 'FLORINDA', '', 'ROJAS', 'Dirección Ejecutiva', 'Directora Ejecutiva', 'Permanente', '250000.00', '4285.98', '02', 2019),
(53, 'SUGEIL', '', 'SANCHEZ', 'Administrativo', 'Conserje', 'Permanente', '16000.00', '274.30', '02', 2019),
(54, 'MIGUELINA', '', 'ARIAS', 'Escuela Nacional de Migración', 'Coord. Centro de Documentación ', 'Carrera Administrativa', '60000.00', '1028.63', '02', 2019),
(55, 'PEDRO', '', 'RAMIREZ', 'Administrativo', 'Contador', 'Carrera Administrativa', '60000.00', '1028.63', '02', 2019),
(56, 'GINA', '', 'GALLARDO', 'Escuela Nacional de Migración', 'Encargada ENM', 'Permanente', '150000.00', '2571.59', '02', 2019),
(57, 'JESSICA', '', 'MORDECHAY', 'Comunicaciones', 'Relacionadora Publica', 'Permanente', '60000.00', '1028.63', '02', 2019),
(58, 'ANA', '', 'DIAZ', 'Dirección Ejecutiva', 'Asistente Ejecutiva', 'Permanente', '65000.00', '1114.35', '02', 2019),
(59, 'JOSE', 'ABRAHAM', 'PEREZ', 'Administrativo', 'Aux. Mantenimiento ', 'Permanente', '35000.00', '600.04', '02', 2019),
(60, 'DOMINGO', '', 'OGANDO', 'Administrativo', 'Conserje', 'Permanente', '16000.00', '274.30', '02', 2019),
(61, 'ALEJANDRINA', '', 'SANTIAGO', 'Relaciones Internacionales', 'Asistente', 'Permanente', '27500.00', '471.46', '02', 2019),
(62, 'AMARFI', '', 'PERALTA', 'Comunicaciones', 'Encargada Comunicaciones', 'Permanente', '105000.00', '1800.11', '02', 2019),
(63, 'ESMERALDA', '', 'PEGUERO', 'Investigación', 'Analista', 'Permanente', '70000.00', '1200.07', '02', 2019),
(64, 'EVA', 'JOSEFINA', 'CONCEPCION', 'Dirección Ejecutiva', 'Asistente', 'Permanente', '49500.00', '848.62', '02', 2019),
(65, 'LEIDY', '', 'MORDAN', 'Escuela Nacional de Migración', 'Asistente', 'Permanente', '45000.00', '771.48', '02', 2019),
(66, 'JUAN', '', 'POLANCO', 'Administrativo', 'Chofer', 'Permanente', '27500.00', '471.46', '02', 2019),
(67, 'MANUEL', '', 'HEREDIA', 'Escuela Nacional de Migración', 'Coordinador/a Docente ', 'Permanente', '70000.00', '1200.07', '02', 2019),
(68, 'MIGUEL', '', 'VALOY', 'Comunicaciones', 'Diseñador Grafico', 'Permanente', '44000.00', '754.33', '02', 2019),
(69, 'JULIO', 'GABRIEL', 'MARTINEZ', 'Administrativo', 'Camarero', 'Permanente', '22000.00', '377.17', '02', 2019),
(70, 'GILENA', '', 'ALCANTARA', 'Planificacion y Desarrollo ', 'Encargada Planificación y Desarrollo', 'Permanente', '125000.00', '2142.99', '02', 2019),
(71, 'RODOLFO', '', 'RIZIK', 'Escuela Nacional de Migración', 'Recepcionista', 'Permanente', '27500.00', '471.46', '02', 2019),
(72, 'DANIEL', '', 'MATEO', 'Administrativo', 'Soporte Informatico', 'Permanente', '38500.00', '660.04', '02', 2019),
(73, 'FARAH', '', 'PAREDES', 'Investigación', 'Analista', 'Permanente', '75000.00', '1285.79', '02', 2019),
(74, 'AIMARA', 'VERA', 'RIVERON', 'Comunicaciones', 'Coordinadora Publicaciones ', 'Permanente', '100000.00', '1714.39', '02', 2019),
(75, 'NURYS', '', 'MEDINA', 'Administrativo', 'Conserje', 'Permanente', '16000.00', '274.30', '02', 2019),
(76, 'ARIS', '', 'BALBUENA', 'Investigación', 'Analista', 'Permanente', '70000.00', '1200.07', '02', 2019),
(77, 'ROCIO', 'DEL CARMEN', 'ACOSTA', 'Investigación', 'Analista', 'Temporal', '70000.00', '1200.07', '02', 2019),
(78, 'JOSE', 'CARMEN', 'CASTILLO', 'Investigación', 'Analista', 'Permanente', '70000.00', '1200.07', '02', 2019),
(79, 'JOSEFINA', 'CARMEN', '', 'Administrativo', 'Conserje', 'Permanente', '14000.00', '240.01', '02', 2019),
(80, 'ONEISIS', 'CARMEN', '', 'Administrativo', 'Enc. Administrativo y Financiero', 'Permanente', '100000.00', '1714.39', '02', 2019),
(81, 'JONATHAN', 'CARMEN', '', 'Relaciones Internacionales', 'Enc. Relaciones Internacionales ', 'Permanente', '100000.00', '1714.39', '02', 2019),
(82, 'MARTHA', 'CARMEN', '', 'Escuela Nacional de Migración', 'Coordinador/a Docente ', 'Permanente', '70000.00', '1200.07', '02', 2019),
(83, 'MICHEL', 'CARMEN', 'MARTINEZ', 'Dirección Ejecutiva', 'Responsable Acceso a la Información', 'Carrera Administrativa', '55000.00', '942.91', '02', 2019),
(84, 'ELIAN', 'CARMEN', 'MARTINEZ', 'Investigación', 'Analista', 'Permanente', '75000.00', '1285.79', '02', 2019),
(85, 'JEOVANNY', 'CARMEN', 'SUAREZ', 'Administrativo', 'Contador', 'Carrera Administrativa', '70000.00', '1200.07', '02', 2019),
(86, 'INGRID', 'CARMEN', '', 'Administrativo', 'Recepcionista', 'Permanente', '25000.00', '428.60', '02', 2019),
(87, 'ROSSANA', 'CARMEN', '', 'Investigación', 'Analista', 'Permanente', '70000.00', '1200.07', '02', 2019),
(88, 'BIENVENIDO', 'CARMEN', '', 'Investigación', 'Secretario', 'Permanente', '30000.00', '514.32', '02', 2019),
(89, 'SALVADOR', 'CARMEN', '', 'Administrativo', 'Chofer', 'Permanente', '25000.00', '428.60', '02', 2019),
(90, 'JEANNETT', 'CARMEN', '', 'Administrativo', 'Conserje', 'Permanente', '14000.00', '240.01', '02', 2019),
(91, 'YENNYFER', 'CARMEN', '', 'Recursos Humanos', 'Encargada RRHH ', 'Permanente', '125000.00', '2142.99', '03', 2019),
(92, 'SOCRATES', 'CARMEN', '', 'Recursos Humanos', 'Aux. de Nómina', 'Permanente', '49500.00', '848.62', '03', 2019),
(93, 'DESIREE', '', 'ALCANTARA', 'Planificacion y Desarrollo ', 'Tecnico de Proyectos', 'Permanente', '75000.00', '1285.79', '03', 2019),
(94, 'VICTOR', '', 'LUGO', 'Administrativo', 'Conserje', 'Permanente', '16000.00', '274.30', '03', 2019),
(95, 'JUANA', 'LARISSA', 'CROUSSIER', 'Recursos Humanos', 'Asistente RRHH', 'Permanente', '35000.00', '600.04', '03', 2019),
(96, 'JUAN', '', 'RODRIGUEZ', 'Administrativo', 'Chofer', 'Permanente', '33000.00', '565.75', '03', 2019),
(97, 'FLORINDA', '', 'ROJAS', 'Dirección Ejecutiva', 'Directora Ejecutiva', 'Permanente', '250000.00', '4285.98', '03', 2019),
(98, 'SUGEIL', '', 'SANCHEZ', 'Administrativo', 'Conserje', 'Permanente', '16000.00', '274.30', '03', 2019),
(99, 'MIGUELINA', '', 'ARIAS', 'Escuela Nacional de Migración', 'Coord. Centro de Documentación ', 'Carrera Administrativa', '60000.00', '1028.63', '03', 2019),
(100, 'PEDRO', '', 'RAMIREZ', 'Administrativo', 'Contador', 'Carrera Administrativa', '60000.00', '1028.63', '03', 2019),
(101, 'JESSICA', '', 'MORDECHAY', 'Comunicaciones', 'Relacionadora Publica', 'Permanente', '60000.00', '1028.63', '03', 2019),
(102, 'ANA', '', 'DIAZ', 'Dirección Ejecutiva', 'Asistente Ejecutiva', 'Permanente', '65000.00', '1114.35', '03', 2019),
(103, 'JOSE', 'ABRAHAM', 'PEREZ', 'Administrativo', 'Aux. Mantenimiento ', 'Permanente', '35000.00', '600.04', '03', 2019),
(104, 'DOMINGO', '', 'OGANDO', 'Administrativo', 'Conserje', 'Permanente', '16000.00', '274.30', '03', 2019),
(105, 'ALEJANDRINA', '', 'SANTIAGO', 'Relaciones Internacionales', 'Asistente', 'Permanente', '27500.00', '471.46', '03', 2019),
(106, 'AMARFI', '', 'PERALTA', 'Comunicaciones', 'Encargada Comunicaciones', 'Permanente', '105000.00', '1800.11', '03', 2019),
(107, 'ESMERALDA', '', 'PEGUERO', 'Investigación', 'Analista', 'Permanente', '70000.00', '1200.07', '03', 2019),
(108, 'EVA', 'JOSEFINA', 'CONCEPCION', 'Dirección Ejecutiva', 'Asistente', 'Permanente', '49500.00', '848.62', '03', 2019),
(109, 'LEIDY', '', 'MORDAN', 'Escuela Nacional de Migración', 'Asistente', 'Permanente', '45000.00', '771.48', '03', 2019),
(110, 'JUAN', '', 'POLANCO', 'Administrativo', 'Chofer', 'Permanente', '27500.00', '471.46', '03', 2019),
(111, 'MANUEL', '', 'HEREDIA', 'Escuela Nacional de Migración', 'Coordinador/a Docente ', 'Permanente', '70000.00', '1200.07', '03', 2019),
(112, 'MIGUEL', '', 'VALOY', 'Comunicaciones', 'Diseñador Grafico', 'Permanente', '44000.00', '754.33', '03', 2019),
(113, 'JULIO', 'GABRIEL', 'MARTINEZ', 'Administrativo', 'Camarero', 'Permanente', '22000.00', '377.17', '03', 2019),
(114, 'GILENA', '', 'ALCANTARA', 'Planificacion y Desarrollo ', 'Encargada Planificación y Desarrollo', 'Permanente', '125000.00', '2142.99', '03', 2019),
(115, 'RODOLFO', '', 'RIZIK', 'Escuela Nacional de Migración', 'Recepcionista', 'Permanente', '27500.00', '471.46', '03', 2019),
(116, 'DANIEL', '', 'MATEO', 'Administrativo', 'Soporte Informatico', 'Permanente', '38500.00', '660.04', '03', 2019),
(117, 'FARAH', '', 'PAREDES', 'Investigación', 'Analista', 'Permanente', '75000.00', '1285.79', '03', 2019),
(118, 'AIMARA', 'VERA', 'RIVERON', 'Comunicaciones', 'Coordinadora Publicaciones ', 'Permanente', '100000.00', '1714.39', '03', 2019),
(119, 'NURYS', '', 'MEDINA', 'Administrativo', 'Conserje', 'Permanente', '16000.00', '274.30', '03', 2019),
(120, 'ARIS', '', 'BALBUENA', 'Investigación', 'Analista', 'Permanente', '70000.00', '1200.07', '03', 2019),
(121, 'ROCIO', 'DEL CARMEN', 'ACOSTA', 'Investigación', 'Analista', 'Temporal', '70000.00', '1200.07', '03', 2019),
(122, 'JOSE', 'JORIBE', 'CASTILLO', 'Investigación', 'Analista', 'Permanente', '70000.00', '1200.07', '03', 2019),
(123, 'JOSEFINA', '', 'BATISTA', 'Administrativo', 'Conserje', 'Permanente', '14000.00', '240.01', '03', 2019),
(124, 'ONEISIS', '', 'GONZALEZ', 'Administrativo', 'Enc. Administrativo y Financiero', 'Permanente', '100000.00', '1714.39', '03', 2019),
(125, 'JONATHAN', '', 'PALATZ', 'Relaciones Internacionales', 'Enc. Relaciones Internacionales ', 'Permanente', '100000.00', '1714.39', '03', 2019),
(126, 'MARTHA', '', 'RODRIGUEZ', 'Escuela Nacional de Migración', 'Coordinador/a Docente ', 'Permanente', '70000.00', '1200.07', '03', 2019),
(127, 'MICHEL', 'PAOLA', 'MARTINEZ', 'Dirección Ejecutiva', 'Responsable Acceso a la Información', 'Carrera Administrativa', '55000.00', '942.91', '03', 2019),
(128, 'ELIAN', 'ROSARIO', 'MARTINEZ', 'Investigación', 'Analista', 'Permanente', '75000.00', '1285.79', '03', 2019),
(129, 'JEOVANNY', 'TEJEDA', 'SUAREZ', 'Administrativo', 'Contador', 'Carrera Administrativa', '70000.00', '1200.07', '03', 2019),
(130, 'INGRID', '', 'SURIEL', 'Administrativo', 'Recepcionista', 'Permanente', '25000.00', '428.60', '03', 2019),
(131, 'ROSSANA', '', 'GOMEZ', 'Investigación', 'Analista', 'Permanente', '70000.00', '1200.07', '03', 2019),
(132, 'BIENVENIDO', '', 'BARRIENTOS', 'Investigación', 'Secretario', 'Permanente', '30000.00', '514.32', '03', 2019),
(133, 'SALVADOR', '', 'ALCANTARA', 'Administrativo', 'Chofer', 'Permanente', '25000.00', '428.60', '03', 2019),
(134, 'JEANNETT', '', 'CONCEPCION', 'Administrativo', 'Conserje', 'Permanente', '14000.00', '240.01', '03', 2019),
(135, 'YENNYFER', '', 'GENAO', 'Recursos Humanos', 'Encargada RRHH ', 'Permanente', '125000.00', '2142.99', '04', 2019),
(136, 'SOCRATES', '', 'MORENO', 'Recursos Humanos', 'Aux. de Nómina', 'Permanente', '49500.00', '848.62', '04', 2019),
(137, 'DESIREE', '', 'ALCANTARA', 'Planificacion y Desarrollo ', 'Tecnico de Proyectos', 'Permanente', '75000.00', '1285.79', '04', 2019),
(138, 'VICTOR', '', 'LUGO', 'Administrativo', 'Conserje', 'Permanente', '17600.00', '301.73', '04', 2019),
(139, 'JUANA', 'LARISSA', 'CROUSSIER', 'Recursos Humanos', 'Asistente RRHH', 'Permanente', '35000.00', '600.04', '04', 2019),
(140, 'JUAN', '', 'RODRIGUEZ', 'Administrativo', 'Chofer', 'Permanente', '33000.00', '565.75', '04', 2019),
(141, 'FLORINDA', '', 'ROJAS', 'Dirección Ejecutiva', 'Directora Ejecutiva', 'Permanente', '250000.00', '4285.98', '04', 2019),
(142, 'SUGEIL', '', 'SANCHEZ', 'Administrativo', 'Conserje', 'Permanente', '17600.00', '301.73', '04', 2019),
(143, 'MIGUELINA', '', 'ARIAS', 'Escuela Nacional de Migración', 'Coord. Centro de Documentación ', 'Carrera Administrativa', '60000.00', '1028.63', '04', 2019),
(144, 'PEDRO', '', 'RAMIREZ', 'Administrativo', 'Contador', 'Carrera Administrativa', '60000.00', '1028.63', '04', 2019),
(145, 'JESSICA', '', 'MORDECHAY', 'Comunicaciones', 'Relacionadora Publica', 'Permanente', '60000.00', '1028.63', '04', 2019),
(146, 'ANA', '', 'DIAZ', 'Dirección Ejecutiva', 'Asistente Ejecutiva', 'Permanente', '65000.00', '1114.35', '04', 2019),
(147, 'JOSE', 'ABRAHAM', 'PEREZ', 'Administrativo', 'Aux. Mantenimiento ', 'Permanente', '35000.00', '600.04', '04', 2019),
(148, 'DOMINGO', '', 'OGANDO', 'Administrativo', 'Conserje', 'Permanente', '17600.00', '301.73', '04', 2019),
(149, 'ALEJANDRINA', '', 'SANTIAGO', 'Relaciones Internacionales', 'Asistente', 'Permanente', '28875.00', '495.03', '04', 2019),
(150, 'AMARFI', '', 'PERALTA', 'Comunicaciones', 'Encargada Comunicaciones', 'Permanente', '105000.00', '1800.11', '04', 2019),
(151, 'ESMERALDA', '', 'PEGUERO', 'Investigación', 'Analista', 'Permanente', '70000.00', '1200.07', '04', 2019),
(152, 'EVA', 'JOSEFINA', 'CONCEPCION', 'Dirección Ejecutiva', 'Asistente', 'Permanente', '49500.00', '848.62', '04', 2019),
(153, 'LEIDY', '', 'MORDAN', 'Escuela Nacional de Migración', 'Asistente', 'Permanente', '45000.00', '771.48', '04', 2019),
(154, 'JUAN', '', 'POLANCO', 'Administrativo', 'Chofer', 'Permanente', '28875.00', '495.03', '04', 2019),
(155, 'MANUEL', '', 'HEREDIA', 'Escuela Nacional de Migración', 'Coordinador/a Docente ', 'Permanente', '70000.00', '1200.07', '04', 2019),
(156, 'MIGUEL', '', 'VALOY', 'Comunicaciones', 'Diseñador Grafico', 'Permanente', '44000.00', '754.33', '04', 2019),
(157, 'JULIO', 'GABRIEL', 'MARTINEZ', 'Administrativo', 'Camarero', 'Permanente', '23100.00', '396.02', '04', 2019),
(158, 'GILENA', '', 'ALCANTARA', 'Planificacion y Desarrollo ', 'Encargada Planificación y Desarrollo', 'Permanente', '125000.00', '2142.99', '04', 2019),
(159, 'RODOLFO', '', 'RIZIK', 'Escuela Nacional de Migración', 'Recepcionista', 'Permanente', '28875.00', '495.03', '04', 2019),
(160, 'DANIEL', '', 'MATEO', 'Administrativo', 'Soporte Informatico', 'Permanente', '38500.00', '660.04', '04', 2019),
(161, 'FARAH', '', 'PAREDES', 'Investigación', 'Analista', 'Permanente', '75000.00', '1285.79', '04', 2019),
(162, 'AIMARA', 'VERA', 'RIVERON', 'Comunicaciones', 'Coordinadora Publicaciones ', 'Permanente', '100000.00', '1714.39', '04', 2019),
(163, 'NURYS', '', 'MEDINA', 'Administrativo', 'Conserje', 'Permanente', '17600.00', '301.73', '04', 2019),
(164, 'ROCIO', 'DEL CARMEN', 'ACOSTA', 'Investigación', 'Analista', 'Temporal', '70000.00', '1200.07', '04', 2019),
(165, 'JOSE', 'JORIBE', 'CASTILLO', 'Investigación', 'Analista', 'Permanente', '70000.00', '1200.07', '04', 2019),
(166, 'JOSEFINA', '', 'BATISTA', 'Administrativo', 'Conserje', 'Permanente', '15400.00', '264.02', '04', 2019),
(167, 'ONEISIS', '', 'GONZALEZ', 'Administrativo', 'Enc. Administrativo y Financiero', 'Permanente', '100000.00', '1714.39', '04', 2019),
(168, 'JONATHAN', '', 'PALATZ', 'Relaciones Internacionales', 'Enc. Relaciones Internacionales ', 'Permanente', '100000.00', '1714.39', '04', 2019),
(169, 'MARTHA', '', 'RODRIGUEZ', 'Escuela Nacional de Migración', 'Coordinador/a Docente ', 'Permanente', '70000.00', '1200.07', '04', 2019),
(170, 'MICHEL', '', 'MARTINEZ', 'Dirección Ejecutiva', 'Responsable Acceso a la Información', 'Carrera Administrativa', '55000.00', '942.91', '04', 2019),
(171, 'ELIAN', '', 'MARTINEZ', 'Investigación', 'Analista', 'Permanente', '75000.00', '1285.79', '04', 2019),
(172, 'JEOVANNY', '', 'SUAREZ', 'Administrativo', 'Contador', 'Carrera Administrativa', '70000.00', '1200.07', '04', 2019),
(173, 'INGRID', '', 'SURIEL', 'Administrativo', 'Recepcionista', 'Permanente', '26250.00', '450.03', '04', 2019),
(174, 'ROSSANA', '', 'GOMEZ', 'Investigación', 'Analista', 'Permanente', '70000.00', '1200.07', '04', 2019),
(175, 'BIENVENIDO', '', 'BARRIENTOS', 'Investigación', 'Secretario', 'Permanente', '31500.00', '540.03', '04', 2019),
(176, 'SALVADOR', '', 'ALCANTARA', 'Administrativo', 'Chofer', 'Permanente', '26250.00', '450.03', '04', 2019),
(177, 'JEANNETT', '', 'CONCEPCION', 'Administrativo', 'Conserje', 'Permanente', '15400.00', '264.02', '04', 2019),
(178, 'YENNYFER', '', 'GENAO', 'Recursos Humanos', 'Encargada RRHH ', 'Permanente', '125000.00', '2142.99', '05', 2019),
(179, 'SOCRATES', '', 'MORENO', 'Recursos Humanos', 'Aux. de Nómina', 'Permanente', '49500.00', '848.62', '05', 2019),
(180, 'DESIREE', '', 'ALCANTARA', 'Planificacion y Desarrollo ', 'Tecnico de Proyectos', 'Permanente', '75000.00', '1285.79', '05', 2019),
(181, 'VICTOR', '', 'LUGO', 'Administrativo', 'Conserje', 'Permanente', '17600.00', '301.73', '05', 2019),
(182, 'JUANA', '', 'CROUSSIER', 'Recursos Humanos', 'Asistente RRHH', 'Permanente', '35000.00', '600.04', '05', 2019),
(183, 'JUAN', '', 'RODRIGUEZ', 'Administrativo', 'Chofer', 'Permanente', '33000.00', '565.75', '05', 2019),
(184, 'FLORINDA', '', 'ROJAS', 'Dirección Ejecutiva', 'Directora Ejecutiva', 'Permanente', '250000.00', '4285.98', '05', 2019),
(185, 'SUGEIL', '', 'SANCHEZ', 'Administrativo', 'Conserje', 'Permanente', '17600.00', '301.73', '05', 2019),
(186, 'MIGUELINA', '', 'ARIAS', 'Escuela Nacional de Migración', 'Coord. Centro de Documentación ', 'Carrera Administrativa', '60000.00', '1028.63', '05', 2019),
(187, 'PEDRO', '', 'RAMIREZ', 'Administrativo', 'Contador', 'Carrera Administrativa', '60000.00', '1028.63', '05', 2019),
(188, 'JESSICA', '', 'MORDECHAY', 'Comunicaciones', 'Relacionadora Publica', 'Permanente', '60000.00', '1028.63', '05', 2019),
(189, 'ANA', '', 'DIAZ', 'Dirección Ejecutiva', 'Asistente Ejecutiva', 'Permanente', '65000.00', '1114.35', '05', 2019),
(190, 'JOSE', '', 'PEREZ', 'Administrativo', 'Aux. Mantenimiento ', 'Permanente', '35000.00', '600.04', '05', 2019),
(191, 'DOMINGO', '', 'OGANDO', 'Administrativo', 'Conserje', 'Permanente', '17600.00', '301.73', '05', 2019),
(192, 'ALEJANDRINA', '', 'SANTIAGO', 'Relaciones Internacionales', 'Asistente', 'Permanente', '28875.00', '495.03', '05', 2019),
(193, 'AMARFI', '', 'PERALTA', 'Comunicaciones', 'Encargada Comunicaciones', 'Permanente', '105000.00', '1800.11', '05', 2019),
(194, 'ESMERALDA', '', 'PEGUERO', 'Investigación', 'Analista', 'Permanente', '70000.00', '1200.07', '05', 2019),
(195, 'EVA', '', 'CONCEPCION', 'Dirección Ejecutiva', 'Asistente', 'Permanente', '49500.00', '848.62', '05', 2019),
(196, 'LEIDY', '', 'MORDAN', 'Escuela Nacional de Migración', 'Asistente', 'Permanente', '45000.00', '771.48', '05', 2019),
(197, 'JUAN', '', 'POLANCO', 'Administrativo', 'Chofer', 'Permanente', '28875.00', '495.03', '05', 2019),
(198, 'MANUEL', '', 'HEREDIA', 'Escuela Nacional de Migración', 'Coordinador/a Docente ', 'Permanente', '70000.00', '1200.07', '05', 2019),
(199, 'MIGUEL', '', 'VALOY', 'Comunicaciones', 'Diseñador Grafico', 'Permanente', '44000.00', '754.33', '05', 2019),
(200, 'JULIO', '', 'MARTINEZ', 'Administrativo', 'Camarero', 'Permanente', '23100.00', '396.02', '05', 2019),
(201, 'GILENA', '', 'ALCANTARA', 'Planificacion y Desarrollo ', 'Encargada Planificación y Desarrollo', 'Permanente', '125000.00', '2142.99', '05', 2019),
(202, 'RODOLFO', '', 'RIZIK', 'Escuela Nacional de Migración', 'Recepcionista', 'Permanente', '28875.00', '495.03', '05', 2019),
(203, 'DANIEL', '', 'MATEO', 'Administrativo', 'Soporte Informatico', 'Permanente', '38500.00', '660.04', '05', 2019),
(204, 'FARAH', '', 'PAREDES', 'Investigación', 'Analista', 'Permanente', '75000.00', '1285.79', '05', 2019),
(205, 'AIMARA', '', 'RIVERON', 'Comunicaciones', 'Coordinadora Publicaciones ', 'Permanente', '100000.00', '1714.39', '05', 2019),
(206, 'NURYS', '', 'MEDINA', 'Administrativo', 'Conserje', 'Permanente', '17600.00', '301.73', '05', 2019),
(207, 'ROCIO', '', 'ACOSTA', 'Investigación', 'Analista', 'Temporal', '70000.00', '1200.07', '05', 2019),
(208, 'JOSE', '', 'CASTILLO', 'Investigación', 'Analista', 'Permanente', '70000.00', '1200.07', '05', 2019),
(209, 'JOSEFINA', '', 'BATISTA', 'Administrativo', 'Conserje', 'Permanente', '15400.00', '264.02', '05', 2019),
(210, 'ONEISIS', '', 'GONZALEZ', 'Administrativo', 'Enc. Administrativo y Financiero', 'Permanente', '100000.00', '1714.39', '05', 2019),
(211, 'JONATHAN', '', 'PALATZ', 'Relaciones Internacionales', 'Enc. Relaciones Internacionales ', 'Permanente', '100000.00', '1714.39', '05', 2019),
(212, 'MARTHA', '', 'RODRIGUEZ', 'Escuela Nacional de Migración', 'Coordinador/a Docente ', 'Permanente', '70000.00', '1200.07', '05', 2019),
(213, 'MICHEL', 'PAOLA', 'MARTINEZ', 'Dirección Ejecutiva', 'Responsable Acceso a la Información', 'Carrera Administrativa', '55000.00', '942.91', '05', 2019),
(214, 'ELIAN', 'ROSARIO', 'MARTINEZ', 'Investigación', 'Analista', 'Permanente', '37500.00', '642.90', '05', 2019),
(215, 'JEOVANNY', 'TEJEDA', 'SUAREZ', 'Administrativo', 'Contador', 'Carrera Administrativa', '70000.00', '1200.07', '05', 2019),
(216, 'INGRID', '', 'SURIEL', 'Administrativo', 'Recepcionista', 'Permanente', '26250.00', '450.03', '05', 2019),
(217, 'ROSSANA', '', 'GOMEZ', 'Investigación', 'Analista', 'Permanente', '70000.00', '1200.07', '05', 2019),
(218, 'BIENVENIDO', '', 'BARRIENTOS', 'Investigación', 'Secretario', 'Permanente', '31500.00', '540.03', '05', 2019),
(219, 'SALVADOR', '', 'ALCANTARA', 'Administrativo', 'Chofer', 'Permanente', '26250.00', '450.03', '05', 2019),
(220, 'MARLYN', 'MARILIN', 'SANCHEZ', 'Escuela Nacional de Migración', 'Recepcionista', 'Permanente', '26250.00', '450.03', '05', 2019),
(221, 'ELIZABETH', 'BATISTA', 'GARCIA', 'Escuela Nacional de Migración', 'Aux. Administrativo/a', 'Permanente', '31500.00', '540.03', '05', 2019),
(222, 'LEILA', 'DORA', 'ABE SOTO', 'Escuela Nacional de Migración', 'Aux. Administrativo/a', 'Permanente', '31500.00', '540.03', '05', 2019),
(223, 'JEANNETT', '', 'CONCEPCION', 'Administrativo', 'Conserje', 'Permanente', '15400.00', '264.02', '05', 2019),
(224, 'YENNYFER', '', 'GENAO', 'Recursos Humanos', 'Encargada RRHH ', 'Permanente', '125000.00', '2142.99', '06', 2019),
(225, 'SOCRATES', '', 'MORENO', 'Recursos Humanos', 'Aux. de Nómina', 'Permanente', '49500.00', '848.62', '06', 2019),
(226, 'DESIREE', '', 'ALCANTARA', 'Planificacion y Desarrollo ', 'Tecnico de Proyectos', 'Permanente', '75000.00', '1285.79', '06', 2019),
(227, 'VICTOR', '', 'LUGO', 'Administrativo', 'Conserje', 'Permanente', '17600.00', '301.73', '06', 2019),
(228, 'JUANA', 'LARISSA', 'CROUSSIER', 'Recursos Humanos', 'Asistente RRHH', 'Permanente', '35000.00', '600.04', '06', 2019),
(229, 'JUAN', '', 'RODRIGUEZ', 'Administrativo', 'Chofer', 'Permanente', '33000.00', '565.75', '06', 2019),
(230, 'FLORINDA', '', 'ROJAS', 'Dirección Ejecutiva', 'Directora Ejecutiva', 'Permanente', '250000.00', '4285.98', '06', 2019),
(231, 'SUGEIL', '', 'SANCHEZ', 'Administrativo', 'Conserje', 'Permanente', '17600.00', '301.73', '06', 2019),
(232, 'MIGUELINA', '', 'ARIAS', 'Escuela Nacional de Migración', 'Coord. Centro de Documentación ', 'Carrera Administrativa', '60000.00', '1028.63', '06', 2019),
(233, 'PEDRO', '', 'RAMIREZ', 'Administrativo', 'Contador', 'Carrera Administrativa', '60000.00', '1028.63', '06', 2019),
(234, 'JESSICA', '', 'MORDECHAY', 'Comunicaciones', 'Relacionadora Publica', 'Permanente', '60000.00', '1028.63', '06', 2019),
(235, 'ANA', '', 'DIAZ', 'Dirección Ejecutiva', 'Asistente Ejecutiva', 'Permanente', '65000.00', '1114.35', '06', 2019),
(236, 'JOSE', 'ABRAHAM', 'PEREZ', 'Administrativo', 'Aux. Mantenimiento ', 'Permanente', '35000.00', '600.04', '06', 2019),
(237, 'DOMINGO', '', 'OGANDO', 'Administrativo', 'Conserje', 'Permanente', '17600.00', '301.73', '06', 2019),
(238, 'ALEJANDRINA', '', 'SANTIAGO', 'Relaciones Internacionales', 'Asistente', 'Permanente', '28875.00', '495.03', '06', 2019),
(239, 'AMARFI', '', 'PERALTA', 'Comunicaciones', 'Encargada Comunicaciones', 'Permanente', '105000.00', '1800.11', '06', 2019),
(240, 'ESMERALDA', '', 'PEGUERO', 'Investigación', 'Analista', 'Permanente', '70000.00', '1200.07', '06', 2019),
(241, 'EVA', 'JOSEFINA', 'CONCEPCION', 'Dirección Ejecutiva', 'Asistente', 'Permanente', '49500.00', '848.62', '06', 2019),
(242, 'LEIDY', '', 'MORDAN', 'Escuela Nacional de Migración', 'Asistente', 'Permanente', '45000.00', '771.48', '06', 2019),
(243, 'JUAN', '', 'POLANCO', 'Administrativo', 'Chofer', 'Permanente', '28875.00', '495.03', '06', 2019),
(244, 'MANUEL', '', 'HEREDIA', 'Escuela Nacional de Migración', 'Coordinador/a Docente ', 'Permanente', '70000.00', '1200.07', '06', 2019),
(245, 'MIGUEL', '', 'VALOY', 'Comunicaciones', 'Diseñador Grafico', 'Permanente', '44000.00', '754.33', '06', 2019),
(246, 'JULIO', 'GABRIEL', 'MARTINEZ', 'Administrativo', 'Camarero', 'Permanente', '23100.00', '396.02', '06', 2019),
(247, 'GILENA', '', 'ALCANTARA', 'Planificacion y Desarrollo ', 'Encargada Planificación y Desarrollo', 'Permanente', '125000.00', '2142.99', '06', 2019),
(248, 'RODOLFO', '', 'RIZIK', 'Escuela Nacional de Migración', 'Recepcionista', 'Permanente', '28875.00', '495.03', '06', 2019),
(249, 'DANIEL', '', 'MATEO', 'Administrativo', 'Soporte Informatico', 'Permanente', '38500.00', '660.04', '06', 2019),
(250, 'FARAH', '', 'PAREDES', 'Investigación', 'Analista', 'Permanente', '75000.00', '1285.79', '06', 2019),
(251, 'AIMARA', 'VERA', 'RIVERON', 'Comunicaciones', 'Coordinadora Publicaciones ', 'Permanente', '100000.00', '1714.39', '06', 2019),
(252, 'NURYS', '', 'MEDINA', 'Administrativo', 'Conserje', 'Permanente', '17600.00', '301.73', '06', 2019),
(253, 'ROCIO', 'DEL CARMEN', 'ACOSTA', 'Investigación', 'Analista', 'Temporal', '70000.00', '1200.07', '06', 2019),
(254, 'JOSE', 'JORIBE', 'CASTILLO', 'Investigación', 'Analista', 'Permanente', '70000.00', '1200.07', '06', 2019),
(255, 'JOSEFINA', '', 'BATISTA', 'Administrativo', 'Conserje', 'Permanente', '15400.00', '264.02', '06', 2019),
(256, 'ONEISIS', '', 'GONZALEZ', 'Administrativo', 'Enc. Administrativo y Financiero', 'Permanente', '100000.00', '1714.39', '06', 2019),
(257, 'JONATHAN', '', 'PALATZ', 'Relaciones Internacionales', 'Enc. Relaciones Internacionales ', 'Permanente', '100000.00', '1714.39', '06', 2019),
(258, 'MARTHA', '', 'RODRIGUEZ', 'Escuela Nacional de Migración', 'Coordinador/a Docente ', 'Permanente', '70000.00', '1200.07', '06', 2019),
(259, 'MICHEL', 'PAOLA', 'MARTINEZ', 'Dirección Ejecutiva', 'Responsable Acceso a la Información', 'Carrera Administrativa', '55000.00', '942.91', '06', 2019),
(260, 'GERMANIA', '', 'ESTEVEZ', 'Investigación', 'Encargada de Investigación ', 'Temporal', '150000.00', '2571.59', '06', 2019),
(261, 'JEOVANNY', 'TEJEDA', 'SUAREZ', 'Administrativo', 'Contador', 'Carrera Administrativa', '70000.00', '1200.07', '06', 2019),
(262, 'INGRID', '', 'SURIEL', 'Administrativo', 'Recepcionista', 'Permanente', '26250.00', '450.03', '06', 2019),
(263, 'ROSSANA', '', 'GOMEZ', 'Investigación', 'Analista', 'Permanente', '70000.00', '1200.07', '06', 2019),
(264, 'BIENVENIDO', '', 'BARRIENTOS', 'Investigación', 'Secretario', 'Permanente', '31500.00', '540.03', '06', 2019),
(265, 'SALVADOR', '', 'ALCANTARA', 'Administrativo', 'Chofer', 'Permanente', '26250.00', '450.03', '06', 2019),
(266, 'ELIZABETH', 'BATISTA', 'GARCIA', 'Escuela Nacional de Migración', 'Aux. Administrativo/a', 'Permanente', '31500.00', '540.03', '06', 2019),
(267, 'JEANNETT', '', 'CONCEPCION', 'Administrativo', 'Conserje', 'Permanente', '15400.00', '264.02', '06', 2019),
(268, 'ONICE', 'MARIEL', 'LALANE', 'Escuela Nacional de Migración', 'Coord. De Capacitación ', 'Temporal', '70000.00', '1200.07', '06', 2019),
(269, 'ANDERSON', '', 'SANTANA', 'Investigación', 'Analista Investigación', 'Temporal', '70000.00', '1200.07', '06', 2019),
(270, 'GINA', '', 'GALLARDO', 'Escuela Nacional de Migración', 'Encargada Escuela', 'Permanente', '150000.00', '2571.59', '06', 2019),
(271, 'YENNYFER', '', 'GENAO', 'Recursos Humanos', 'Encargada RRHH ', 'Permanente', '125000.00', '2142.99', '07', 2019),
(272, 'SOCRATES', '', 'MORENO', 'Recursos Humanos', 'Aux. de Nómina', 'Permanente', '49500.00', '848.62', '07', 2019),
(273, 'DESIREE', '', 'ALCANTARA', 'Planificacion y Desarrollo ', 'Tecnico de Proyectos', 'Permanente', '75000.00', '1285.79', '07', 2019),
(274, 'VICTOR', '', 'LUGO', 'Administrativo', 'Conserje', 'Permanente', '17600.00', '301.73', '07', 2019),
(275, 'JUANA', 'LARISSA', 'CROUSSIER', 'Recursos Humanos', 'Asistente RRHH', 'Permanente', '35000.00', '600.04', '07', 2019),
(276, 'JUAN', '', 'RODRIGUEZ', 'Administrativo', 'Chofer', 'Permanente', '33000.00', '565.75', '07', 2019),
(277, 'FLORINDA', '', 'ROJAS', 'Dirección Ejecutiva', 'Directora Ejecutiva', 'Permanente', '250000.00', '4285.98', '07', 2019),
(278, 'SUGEIL', '', 'SANCHEZ', 'Administrativo', 'Conserje', 'Permanente', '17600.00', '301.73', '07', 2019),
(279, 'MIGUELINA', '', 'ARIAS', 'Escuela Nacional de Migración', 'Coord. Centro de Documentación ', 'Carrera Administrativa', '60000.00', '1028.63', '07', 2019),
(280, 'PEDRO', '', 'RAMIREZ', 'Administrativo', 'Contador', 'Carrera Administrativa', '60000.00', '1028.63', '07', 2019),
(281, 'JESSICA', '', 'MORDECHAY', 'Comunicaciones', 'Relacionadora Publica', 'Permanente', '60000.00', '1028.63', '07', 2019),
(282, 'ANA', '', 'DIAZ', 'Dirección Ejecutiva', 'Asistente Ejecutiva', 'Permanente', '65000.00', '1114.35', '07', 2019),
(283, 'JOSE', 'ABRAHAM', 'PEREZ', 'Administrativo', 'Aux. Mantenimiento ', 'Permanente', '35000.00', '600.04', '07', 2019),
(284, 'DOMINGO', '', 'OGANDO', 'Administrativo', 'Conserje', 'Permanente', '17600.00', '301.73', '07', 2019),
(285, 'ALEJANDRINA', '', 'SANTIAGO', 'Relaciones Internacionales', 'Asistente', 'Permanente', '28875.00', '495.03', '07', 2019),
(286, 'AMARFI', '', 'PERALTA', 'Comunicaciones', 'Encargada Comunicaciones', 'Permanente', '105000.00', '1800.11', '07', 2019),
(287, 'ESMERALDA', '', 'PEGUERO', 'Investigación', 'Analista', 'Permanente', '70000.00', '1200.07', '07', 2019),
(288, 'EVA', 'JOSEFINA', 'CONCEPCION', 'Dirección Ejecutiva', 'Asistente', 'Permanente', '49500.00', '848.62', '07', 2019),
(289, 'LEIDY', '', 'MORDAN', 'Escuela Nacional de Migración', 'Asistente', 'Permanente', '45000.00', '771.48', '07', 2019),
(290, 'JUAN', '', 'POLANCO', 'Administrativo', 'Chofer', 'Permanente', '28875.00', '495.03', '07', 2019),
(291, 'MANUEL', '', 'HEREDIA', 'Escuela Nacional de Migración', 'Coordinador/a Docente ', 'Permanente', '70000.00', '1200.07', '07', 2019),
(292, 'MIGUEL', '', 'VALOY', 'Comunicaciones', 'Diseñador Grafico', 'Permanente', '44000.00', '754.33', '07', 2019),
(293, 'JULIO', 'GABRIEL', 'MARTINEZ', 'Administrativo', 'Camarero', 'Permanente', '23100.00', '396.02', '07', 2019),
(294, 'GILENA', '', 'ALCANTARA', 'Planificacion y Desarrollo ', 'Encargada Planificación y Desarrollo', 'Permanente', '125000.00', '2142.99', '07', 2019),
(295, 'RODOLFO', '', 'RIZIK', 'Escuela Nacional de Migración', 'Recepcionista', 'Permanente', '28875.00', '495.03', '07', 2019),
(296, 'DANIEL', '', 'MATEO', 'Administrativo', 'Soporte Informatico', 'Permanente', '38500.00', '660.04', '07', 2019),
(297, 'FARAH', '', 'PAREDES', 'Investigación', 'Analista', 'Permanente', '75000.00', '1285.79', '07', 2019),
(298, 'AIMARA', 'VERA', 'RIVERON', 'Comunicaciones', 'Coordinadora Publicaciones ', 'Permanente', '100000.00', '1714.39', '07', 2019),
(299, 'NURYS', '', 'MEDINA', 'Administrativo', 'Conserje', 'Permanente', '17600.00', '301.73', '07', 2019),
(300, 'ROCIO', 'DEL CARMEN', 'ACOSTA', 'Investigación', 'Analista', 'Temporal', '70000.00', '1200.07', '07', 2019),
(301, 'JOSE', 'JORIBE', 'CASTILLO', 'Investigación', 'Analista', 'Permanente', '70000.00', '1200.07', '07', 2019),
(302, 'JOSEFINA', '', 'BATISTA', 'Administrativo', 'Conserje', 'Permanente', '15400.00', '264.02', '07', 2019),
(303, 'ONEISIS', '', 'GONZALEZ', 'Administrativo', 'Enc. Administrativo y Financiero', 'Permanente', '100000.00', '1714.39', '07', 2019),
(304, 'JONATHAN', '', 'PALATZ', 'Relaciones Internacionales', 'Enc. Relaciones Internacionales ', 'Permanente', '100000.00', '1714.39', '07', 2019),
(305, 'MARTHA', '', 'RODRIGUEZ', 'Escuela Nacional de Migración', 'Coordinador/a Docente ', 'Permanente', '70000.00', '1200.07', '07', 2019),
(306, 'MICHEL', 'PAOLA', 'MARTINEZ', 'Dirección Ejecutiva', 'Responsable Acceso a la Información', 'Carrera Administrativa', '55000.00', '942.91', '07', 2019),
(307, 'GERMANIA', '', 'ESTEVEZ', 'Investigación', 'Encargada de Investigación ', 'Temporal', '150000.00', '2571.59', '07', 2019),
(308, 'JEOVANNY', 'TEJEDA', 'SUAREZ', 'Administrativo', 'Contador', 'Carrera Administrativa', '70000.00', '1200.07', '07', 2019),
(309, 'INGRID', '', 'SURIEL', 'Administrativo', 'Recepcionista', 'Permanente', '26250.00', '450.03', '07', 2019),
(310, 'FRANCISCO', '', 'LEONARDO', 'Investigación', 'ABOGADO', 'Permanente', '75000.00', '1285.79', '07', 2019),
(311, 'BIENVENIDO', '', 'BARRIENTOS', 'Investigación', 'Secretario', 'Permanente', '31500.00', '540.03', '07', 2019),
(312, 'SALVADOR', '', 'ALCANTARA', 'Administrativo', 'Chofer', 'Permanente', '26250.00', '450.03', '07', 2019),
(313, 'ELIZABETH', 'BATISTA', 'GARCIA', 'Escuela Nacional de Migración', 'Aux. Administrativo/a', 'Permanente', '31500.00', '540.03', '07', 2019),
(314, 'JEANNETT', '', 'CONCEPCION', 'Administrativo', 'Conserje', 'Permanente', '15400.00', '264.02', '07', 2019),
(315, 'ONICE', 'MARIEL', 'LALANE', 'Escuela Nacional de Migración', 'Coord. De Capacitación ', 'Temporal', '70000.00', '1200.07', '07', 2019),
(316, 'ANDERSON', '', 'SANTANA', 'Investigación', 'Analista Investigación', 'Temporal', '70000.00', '1200.07', '07', 2019),
(317, 'GINA', '', 'GALLARDO', 'Escuela Nacional de Migración', 'Encargada Escuela', 'Permanente', '150000.00', '2571.59', '07', 2019),
(318, 'YOKAIRY', '', 'PUJOLS', 'Escuela Nacional de Migración', 'Recepcionista', 'Permanente', '25000.00', '428.60', '07', 2019),
(319, 'NEWTON', '', 'SOTO', 'Administrativo', 'Mensajero', 'Permanente', '20000.00', '342.88', '07', 2019),
(320, 'YENNYFER', '', 'GENAO', 'Recursos Humanos', 'Encargada RRHH ', 'Permanente', '125000.00', '2142.99', '08', 2019),
(321, 'SOCRATES', '', 'MORENO', 'Recursos Humanos', 'Aux. de Nómina', 'Permanente', '49500.00', '848.62', '08', 2019),
(322, 'DESIREE', '', 'ALCANTARA', 'Planificacion y Desarrollo ', 'Tecnico de Proyectos', 'Permanente', '75000.00', '1285.79', '08', 2019),
(323, 'VICTOR', '', 'LUGO', 'Administrativo', 'Conserje', 'Permanente', '17600.00', '301.73', '08', 2019),
(324, 'JUANA', 'LARISSA', 'CROUSSIER', 'Recursos Humanos', 'Asistente RRHH', 'Permanente', '35000.00', '600.04', '08', 2019),
(325, 'JUAN', '', 'RODRIGUEZ', 'Administrativo', 'Chofer', 'Permanente', '33000.00', '565.75', '08', 2019),
(326, 'FLORINDA', '', 'ROJAS', 'Dirección Ejecutiva', 'Directora Ejecutiva', 'Permanente', '250000.00', '4285.98', '08', 2019),
(327, 'SUGEIL', '', 'SANCHEZ', 'Administrativo', 'Conserje', 'Permanente', '17600.00', '301.73', '08', 2019),
(328, 'MIGUELINA', '', 'ARIAS', 'Escuela Nacional de Migración', 'Coord. Centro de Documentación ', 'Carrera Administrativa', '60000.00', '1028.63', '08', 2019),
(329, 'PEDRO', '', 'RAMIREZ', 'Administrativo', 'Contador', 'Carrera Administrativa', '60000.00', '1028.63', '08', 2019),
(330, 'JESSICA', '', 'MORDECHAY', 'Comunicaciones', 'Relacionadora Publica', 'Permanente', '60000.00', '1028.63', '08', 2019),
(331, 'ANA', '', 'DIAZ', 'Dirección Ejecutiva', 'Asistente Ejecutiva', 'Permanente', '65000.00', '1114.35', '08', 2019),
(332, 'JOSE', 'ABRAHAM', 'PEREZ', 'Administrativo', 'Aux. Mantenimiento ', 'Permanente', '35000.00', '600.04', '08', 2019),
(333, 'DOMINGO', '', 'OGANDO', 'Administrativo', 'Conserje', 'Permanente', '17600.00', '301.73', '08', 2019),
(334, 'ALEJANDRINA', '', 'SANTIAGO', 'Relaciones Internacionales', 'Asistente', 'Permanente', '28875.00', '495.03', '08', 2019),
(335, 'AMARFI', '', 'PERALTA', 'Comunicaciones', 'Encargada Comunicaciones', 'Permanente', '105000.00', '1800.11', '08', 2019),
(336, 'ESMERALDA', '', 'PEGUERO', 'Investigación', 'Analista', 'Permanente', '70000.00', '1200.07', '08', 2019),
(337, 'EVA', 'JOSEFINA', 'CONCEPCION', 'Dirección Ejecutiva', 'Asistente', 'Permanente', '49500.00', '848.62', '08', 2019),
(338, 'LEIDY', '', 'MORDAN', 'Escuela Nacional de Migración', 'Asistente', 'Permanente', '45000.00', '771.48', '08', 2019),
(339, 'JUAN', '', 'POLANCO', 'Administrativo', 'Chofer', 'Permanente', '28875.00', '495.03', '08', 2019),
(340, 'MANUEL', '', 'HEREDIA', 'Escuela Nacional de Migración', 'Coordinador/a Docente ', 'Permanente', '70000.00', '1200.07', '08', 2019),
(341, 'MIGUEL', '', 'VALOY', 'Comunicaciones', 'Diseñador Grafico', 'Permanente', '44000.00', '754.33', '08', 2019),
(342, 'JULIO', 'GABRIEL', 'MARTINEZ', 'Administrativo', 'Camarero', 'Permanente', '23100.00', '396.02', '08', 2019),
(343, 'Abel', 'Eliezer', 'Mejia', 'Escuela Nacional de Migración', 'Soporte Informatico', 'Temporal', '30333.33', '520.03', '08', 2019),
(344, 'RODOLFO', '', 'RIZIK', 'Escuela Nacional de Migración', 'Recepcionista', 'Permanente', '28875.00', '495.03', '08', 2019),
(345, 'DANIEL', '', 'MATEO', 'Administrativo', 'Soporte Informatico', 'Permanente', '38500.00', '660.04', '08', 2019),
(346, 'FARAH', '', 'PAREDES', 'Investigación', 'Analista', 'Permanente', '75000.00', '1285.79', '08', 2019),
(347, 'AIMARA', 'VERA', 'RIVERON', 'Comunicaciones', 'Coordinadora Publicaciones ', 'Permanente', '100000.00', '1714.39', '08', 2019),
(348, 'NURYS', '', 'MEDINA', 'Administrativo', 'Conserje', 'Permanente', '17600.00', '301.73', '08', 2019),
(349, 'ROCIO', 'DEL CARMEN', 'ACOSTA', 'Investigación', 'Analista', 'Temporal', '70000.00', '1200.07', '08', 2019),
(350, 'JOSE', 'JORIBE', 'CASTILLO', 'Investigación', 'Analista', 'Permanente', '70000.00', '1200.07', '08', 2019),
(351, 'JOSEFINA', '', 'BATISTA', 'Administrativo', 'Conserje', 'Permanente', '15400.00', '264.02', '08', 2019),
(352, 'ONEISIS', '', 'GONZALEZ', 'Administrativo', 'Enc. Administrativo y Financiero', 'Permanente', '100000.00', '1714.39', '08', 2019),
(353, 'JONATHAN', '', 'PALATZ', 'Relaciones Internacionales', 'Enc. Relaciones Internacionales ', 'Permanente', '100000.00', '1714.39', '08', 2019),
(354, 'MARTHA', '', 'RODRIGUEZ', 'Escuela Nacional de Migración', 'Coordinador/a Docente ', 'Permanente', '70000.00', '1200.07', '08', 2019),
(355, 'MICHEL', 'PAOLA', 'MARTINEZ', 'Dirección Ejecutiva', 'Responsable Acceso a la Información', 'Carrera Administrativa', '55000.00', '942.91', '08', 2019),
(356, 'GERMANIA', '', 'ESTEVEZ', 'Investigación', 'Encargada de Investigación ', 'Temporal', '150000.00', '2571.59', '08', 2019),
(357, 'JEOVANNY', 'TEJEDA', 'SUAREZ', 'Administrativo', 'Contador', 'Carrera Administrativa', '70000.00', '1200.07', '08', 2019),
(358, 'INGRID', '', 'SURIEL', 'Administrativo', 'Recepcionista', 'Permanente', '26250.00', '450.03', '08', 2019),
(359, 'FRANCISCO', '', 'LEONARDO', 'Investigación', 'Abogado', 'Permanente', '75000.00', '1285.79', '08', 2019),
(360, 'BIENVENIDO', '', 'BARRIENTOS', 'Investigación', 'Secretario', 'Permanente', '31500.00', '540.03', '08', 2019),
(361, 'SALVADOR', '', 'ALCANTARA', 'Administrativo', 'Chofer', 'Permanente', '26250.00', '450.03', '08', 2019),
(362, 'ELIZABETH', 'BATISTA', 'GARCIA', 'Escuela Nacional de Migración', 'Aux. Administrativo/a', 'Permanente', '31500.00', '540.03', '08', 2019),
(363, 'JEANNETT', '', 'CONCEPCION', 'Administrativo', 'Conserje', 'Permanente', '15400.00', '264.02', '08', 2019),
(364, 'ONICE', 'MARIEL', 'LALANE', 'Escuela Nacional de Migración', 'Coord. De Capacitación ', 'Temporal', '70000.00', '1200.07', '08', 2019),
(365, 'ANDERSON', '', 'SANTANA', 'Investigación', 'Analista Investigación', 'Temporal', '70000.00', '1200.07', '08', 2019),
(366, 'GINA', '', 'GALLARDO', 'Escuela Nacional de Migración', 'Encargada Escuela', 'Permanente', '150000.00', '2571.59', '08', 2019),
(367, 'YOKAIRY', '', 'PUJOLS', 'Escuela Nacional de Migración', 'Recepcionista', 'Permanente', '25000.00', '428.60', '08', 2019),
(368, 'NEWTON', '', 'SOTO', 'Administrativo', 'Mensajero', 'Permanente', '20000.00', '342.88', '08', 2019),
(369, 'YENNYFER', '', 'GENAO', 'Recursos Humanos', 'Encargada RRHH ', 'Permanente', '125000.00', '2142.99', '09', 2019),
(370, 'SOCRATES', '', 'MORENO', 'Recursos Humanos', 'Aux. de Nómina', 'Permanente', '49500.00', '848.62', '09', 2019),
(371, 'DESIREE', '', 'ALCANTARA', 'Planificacion y Desarrollo ', 'Tecnico de Proyectos', 'Permanente', '75000.00', '1285.79', '09', 2019),
(372, 'VICTOR', '', 'LUGO', 'Administrativo', 'Conserje', 'Permanente', '17600.00', '301.73', '09', 2019),
(373, 'JUANA', 'LARISSA', 'CROUSSIER', 'Recursos Humanos', 'Asistente RRHH', 'Permanente', '35000.00', '600.04', '09', 2019),
(374, 'JUAN', '', 'RODRIGUEZ', 'Administrativo', 'Chofer', 'Permanente', '33000.00', '565.75', '09', 2019),
(375, 'FLORINDA', '', 'ROJAS', 'Dirección Ejecutiva', 'Directora Ejecutiva', 'Permanente', '250000.00', '4285.98', '09', 2019),
(376, 'SUGEIL', '', 'SANCHEZ', 'Administrativo', 'Conserje', 'Permanente', '17600.00', '301.73', '09', 2019),
(377, 'MIGUELINA', '', 'ARIAS', 'Escuela Nacional de Migración', 'Coord. Centro de Documentación ', 'Carrera Administrativa', '60000.00', '1028.63', '09', 2019),
(378, 'PEDRO', '', 'RAMIREZ', 'Administrativo', 'Contador', 'Carrera Administrativa', '60000.00', '1028.63', '09', 2019),
(379, 'JESSICA', '', 'MORDECHAY', 'Comunicaciones', 'Relacionadora Publica', 'Permanente', '60000.00', '1028.63', '09', 2019),
(380, 'ANA', '', 'DIAZ', 'Dirección Ejecutiva', 'Asistente Ejecutiva', 'Permanente', '65000.00', '1114.35', '09', 2019),
(381, 'JOSE', 'ABRAHAM', 'PEREZ', 'Administrativo', 'Aux. Mantenimiento ', 'Permanente', '35000.00', '600.04', '09', 2019),
(382, 'DOMINGO', '', 'OGANDO', 'Administrativo', 'Conserje', 'Permanente', '17600.00', '301.73', '09', 2019),
(383, 'ALEJANDRINA', '', 'SANTIAGO', 'Relaciones Internacionales', 'Asistente', 'Permanente', '28875.00', '495.03', '09', 2019),
(384, 'AMARFI', '', 'PERALTA', 'Comunicaciones', 'Encargada Comunicaciones', 'Permanente', '105000.00', '1800.11', '09', 2019),
(385, 'REINA', '', 'BARTOLOME', 'Investigación', 'Analista', 'Permanente', '70000.00', '1200.07', '09', 2019),
(386, 'EVA', 'JOSEFINA', 'CONCEPCION', 'Dirección Ejecutiva', 'Asistente', 'Permanente', '49500.00', '848.62', '09', 2019),
(387, 'JUAN', '', 'POLANCO', 'Administrativo', 'Chofer', 'Permanente', '28875.00', '495.03', '09', 2019),
(388, 'MANUEL', '', 'HEREDIA', 'Escuela Nacional de Migración', 'Coordinador/a Docente ', 'Permanente', '70000.00', '1200.07', '09', 2019),
(389, 'MIGUEL', '', 'VALOY', 'Comunicaciones', 'Diseñador Grafico', 'Permanente', '44000.00', '754.33', '09', 2019),
(390, 'JULIO', 'GABRIEL', 'MARTINEZ', 'Administrativo', 'Camarero', 'Permanente', '23100.00', '396.02', '09', 2019),
(391, 'Abel', 'Eliezer', 'Mejia', 'Escuela Nacional de Migración', 'Soporte Informatico', 'Temporal', '35000.00', '600.04', '09', 2019),
(392, 'RODOLFO', '', 'RIZIK', 'Escuela Nacional de Migración', 'Recepcionista', 'Permanente', '28875.00', '495.03', '09', 2019),
(393, 'DANIEL', '', 'MATEO', 'Administrativo', 'Soporte Informatico', 'Permanente', '38500.00', '660.04', '09', 2019),
(394, 'FARAH', '', 'PAREDES', 'Investigación', 'Analista', 'Permanente', '75000.00', '1285.79', '09', 2019),
(395, 'AIMARA', 'VERA', 'RIVERON', 'Comunicaciones', 'Coordinadora Publicaciones ', 'Permanente', '100000.00', '1714.39', '09', 2019),
(396, 'NURYS', '', 'MEDINA', 'Administrativo', 'Conserje', 'Permanente', '17600.00', '301.73', '09', 2019),
(397, 'ROCIO', 'DEL CARMEN', 'ACOSTA', 'Investigación', 'Analista', 'Temporal', '70000.00', '1200.07', '09', 2019),
(398, 'JOSE', 'JORIBE', 'CASTILLO', 'Investigación', 'Analista', 'Permanente', '70000.00', '1200.07', '09', 2019),
(399, 'JOSEFINA', '', 'BATISTA', 'Administrativo', 'Conserje', 'Permanente', '15400.00', '264.02', '09', 2019),
(400, 'JONATHAN', '', 'PALATZ', 'Relaciones Internacionales', 'Enc. Relaciones Internacionales ', 'Permanente', '100000.00', '1714.39', '09', 2019),
(401, 'MARTHA', '', 'RODRIGUEZ', 'Escuela Nacional de Migración', 'Coordinador/a Docente ', 'Permanente', '70000.00', '1200.07', '09', 2019),
(402, 'MICHEL', 'PAOLA', 'MARTINEZ', 'Dirección Ejecutiva', 'Responsable Acceso a la Información', 'Carrera Administrativa', '55000.00', '942.91', '09', 2019),
(403, 'GERMANIA', '', 'ESTEVEZ', 'Investigación', 'Encargada de Investigación ', 'Temporal', '150000.00', '2571.59', '09', 2019),
(404, 'JEOVANNY', 'TEJEDA', 'SUAREZ', 'Administrativo', 'Contador', 'Carrera Administrativa', '70000.00', '1200.07', '09', 2019),
(405, 'INGRID', '', 'SURIEL', 'Administrativo', 'Recepcionista', 'Permanente', '26250.00', '450.03', '09', 2019),
(406, 'FRANCISCO', '', 'LEONARDO', 'Investigación', 'Abogado', 'Permanente', '75000.00', '1285.79', '09', 2019),
(407, 'BIENVENIDO', '', 'BARRIENTOS', 'Investigación', 'Secretario', 'Permanente', '31500.00', '540.03', '09', 2019),
(408, 'SALVADOR', '', 'ALCANTARA', 'Administrativo', 'Chofer', 'Permanente', '26250.00', '450.03', '09', 2019);
INSERT INTO `nomina` (`id_pago`, `primer_nombre`, `segundo_nombre`, `apellidos`, `departamento`, `funcion`, `tipo_empleado`, `sueldo_dop`, `sueldo_usd`, `mes`, `anio`) VALUES
(409, 'ELIZABETH', 'BATISTA', 'GARCIA', 'Escuela Nacional de Migración', 'Aux. Administrativo/a', 'Permanente', '31500.00', '540.03', '09', 2019),
(410, 'JEANNETT', '', 'CONCEPCION', 'Administrativo', 'Conserje', 'Permanente', '15400.00', '264.02', '09', 2019),
(411, 'ONICE', 'MARIEL', 'LALANE', 'Escuela Nacional de Migración', 'Coord. De Capacitación ', 'Temporal', '70000.00', '1200.07', '09', 2019),
(412, 'ANDERSON', '', 'SANTANA', 'Investigación', 'Analista Investigación', 'Temporal', '70000.00', '1200.07', '09', 2019),
(413, 'GINA', '', 'GALLARDO', 'Escuela Nacional de Migración', 'Encargada Escuela', 'Permanente', '150000.00', '2571.59', '09', 2019),
(414, 'YOKAIRY', '', 'PUJOLS', 'Escuela Nacional de Migración', 'Recepcionista', 'Permanente', '25000.00', '428.60', '09', 2019),
(415, 'NEWTON', '', 'SOTO', 'Administrativo', 'Mensajero', 'Permanente', '20000.00', '342.88', '09', 2019),
(416, 'LEWIS', '', 'EMEREGILDO', 'Escuela Nacional de Migración', 'Aux. Administrativo/a', 'Permanente', '16800.00', '288.02', '09', 2019),
(417, 'YENNYFER', '', 'GENAO', 'Recursos Humanos', 'Encargada RRHH ', 'Permanente', '125000.00', '2142.99', '10', 2019),
(418, 'SOCRATES', '', 'MORENO', 'Recursos Humanos', 'Aux. de Nómina', 'Permanente', '49500.00', '848.62', '10', 2019),
(419, 'DESIREE', '', 'ALCANTARA', 'Planificacion y Desarrollo ', 'Enc. Interina', 'Permanente', '105000.00', '1800.11', '10', 2019),
(420, 'VICTOR', '', 'LUGO', 'Administrativo', 'Conserje', 'Permanente', '17600.00', '301.73', '10', 2019),
(421, 'JUANA', 'LARISSA', 'CROUSSIER', 'Recursos Humanos', 'Asistente RRHH', 'Permanente', '35000.00', '600.04', '10', 2019),
(422, 'JUAN', '', 'RODRIGUEZ', 'Administrativo', 'Chofer', 'Permanente', '33000.00', '565.75', '10', 2019),
(423, 'FLORINDA', '', 'ROJAS', 'Dirección Ejecutiva', 'Directora Ejecutiva', 'Permanente', '250000.00', '4285.98', '10', 2019),
(424, 'SUGEIL', '', 'SANCHEZ', 'Administrativo', 'Conserje', 'Permanente', '17600.00', '301.73', '10', 2019),
(425, 'MIGUELINA', '', 'ARIAS', 'Escuela Nacional de Migración', 'Coord. Centro de Documentación ', 'Carrera Administrativa', '60000.00', '1028.63', '10', 2019),
(426, 'PEDRO', '', 'RAMIREZ', 'Administrativo', 'Contador', 'Carrera Administrativa', '60000.00', '1028.63', '10', 2019),
(427, 'JESSICA', '', 'MORDECHAY', 'Comunicaciones', 'Relacionadora Publica', 'Permanente', '60000.00', '1028.63', '10', 2019),
(428, 'ANA', '', 'DIAZ', 'Dirección Ejecutiva', 'Asistente Ejecutiva', 'Permanente', '65000.00', '1114.35', '10', 2019),
(429, 'JOSE', 'ABRAHAM', 'PEREZ', 'Administrativo', 'Aux. Mantenimiento ', 'Permanente', '35000.00', '600.04', '10', 2019),
(430, 'DOMINGO', '', 'OGANDO', 'Administrativo', 'Conserje', 'Permanente', '17600.00', '301.73', '10', 2019),
(431, 'ALEJANDRINA', '', 'SANTIAGO', 'Relaciones Internacionales', 'Asistente', 'Permanente', '28875.00', '495.03', '10', 2019),
(432, 'AMARFI', '', 'PERALTA', 'Comunicaciones', 'Encargada Comunicaciones', 'Permanente', '105000.00', '1800.11', '10', 2019),
(433, 'REINA', '', 'BARTOLOME', 'Investigación', 'Analista', 'Permanente', '70000.00', '1200.07', '10', 2019),
(434, 'EVA', 'JOSEFINA', 'CONCEPCION', 'Dirección Ejecutiva', 'Asistente', 'Permanente', '49500.00', '848.62', '10', 2019),
(435, 'JUAN', '', 'POLANCO', 'Administrativo', 'Chofer', 'Permanente', '28875.00', '495.03', '10', 2019),
(436, 'MANUEL', '', 'HEREDIA', 'Escuela Nacional de Migración', 'Coordinador/a Docente ', 'Permanente', '70000.00', '1200.07', '10', 2019),
(437, 'MIGUEL', '', 'VALOY', 'Comunicaciones', 'Diseñador Grafico', 'Permanente', '44000.00', '754.33', '10', 2019),
(438, 'JULIO', 'GABRIEL', 'MARTINEZ', 'Administrativo', 'Camarero', 'Permanente', '23100.00', '396.02', '10', 2019),
(439, 'Abel', 'Eliezer', 'Mejia', 'Escuela Nacional de Migración', 'Soporte Informatico', 'Temporal', '35000.00', '600.04', '10', 2019),
(440, 'RODOLFO', '', 'RIZIK', 'Escuela Nacional de Migración', 'Recepcionista', 'Permanente', '28875.00', '495.03', '10', 2019),
(441, 'DANIEL', '', 'MATEO', 'Administrativo', 'Soporte Informatico', 'Permanente', '38500.00', '660.04', '10', 2019),
(442, 'FARAH', '', 'PAREDES', 'Investigación', 'Analista', 'Permanente', '75000.00', '1285.79', '10', 2019),
(443, 'AIMARA', 'VERA', 'RIVERON', 'Comunicaciones', 'Coordinadora Publicaciones ', 'Permanente', '100000.00', '1714.39', '10', 2019),
(444, 'NURYS', '', 'MEDINA', 'Administrativo', 'Conserje', 'Permanente', '17600.00', '301.73', '10', 2019),
(445, 'ROCIO', 'DEL CARMEN', 'ACOSTA', 'Investigación', 'Analista', 'Temporal', '70000.00', '1200.07', '10', 2019),
(446, 'JOSE', 'JORIBE', 'CASTILLO', 'Investigación', 'Analista', 'Permanente', '65333.33', '1120.07', '10', 2019),
(447, 'JOSEFINA', '', 'BATISTA', 'Administrativo', 'Conserje', 'Permanente', '15400.00', '264.02', '10', 2019),
(448, 'JONATHAN', '', 'PALATZ', 'Relaciones Internacionales', 'Enc. Relaciones Internacionales ', 'Permanente', '100000.00', '1714.39', '10', 2019),
(449, 'MICHEL', 'PAOLA', 'MARTINEZ', 'Dirección Ejecutiva', 'Responsable Acceso a la Información', 'Carrera Administrativa', '55000.00', '942.91', '10', 2019),
(450, 'GERMANIA', '', 'ESTEVEZ', 'Investigación', 'Encargada de Investigación ', 'Temporal', '150000.00', '2571.59', '10', 2019),
(451, 'JEOVANNY', 'TEJEDA', 'SUAREZ', 'Administrativo', 'Contador', 'Carrera Administrativa', '70000.00', '1200.07', '10', 2019),
(452, 'INGRID', '', 'SURIEL', 'Administrativo', 'Recepcionista', 'Permanente', '26250.00', '450.03', '10', 2019),
(453, 'FRANCISCO', '', 'LEONARDO', 'Investigación', 'Abogado', 'Permanente', '75000.00', '1285.79', '10', 2019),
(454, 'BIENVENIDO', '', 'BARRIENTOS', 'Investigación', 'Secretario', 'Permanente', '31500.00', '540.03', '10', 2019),
(455, 'SALVADOR', '', 'ALCANTARA', 'Administrativo', 'Chofer', 'Permanente', '26250.00', '450.03', '10', 2019),
(456, 'ELIZABETH', 'BATISTA', 'GARCIA', 'Escuela Nacional de Migración', 'Aux. Administrativo/a', 'Permanente', '31500.00', '540.03', '10', 2019),
(457, 'JEANNETT', '', 'CONCEPCION', 'Administrativo', 'Conserje', 'Permanente', '15400.00', '264.02', '10', 2019),
(458, 'ONICE', 'MARIEL', 'LALANE', 'Escuela Nacional de Migración', 'Coord. De Capacitación ', 'Temporal', '70000.00', '1200.07', '10', 2019),
(459, 'ANDERSON', '', 'SANTANA', 'Investigación', 'Analista Investigación', 'Temporal', '70000.00', '1200.07', '10', 2019),
(460, 'GINA', '', 'GALLARDO', 'Escuela Nacional de Migración', 'Encargada Escuela', 'Permanente', '150000.00', '2571.59', '10', 2019),
(461, 'YOKAIRY', '', 'PUJOLS', 'Escuela Nacional de Migración', 'Recepcionista', 'Permanente', '25000.00', '428.60', '10', 2019),
(462, 'NEWTON', '', 'SOTO', 'Administrativo', 'Mensajero', 'Permanente', '20000.00', '342.88', '10', 2019),
(463, 'LEWIS', '', 'EMEREGILDO', 'Escuela Nacional de Migración', 'Aux. Administrativo/a', 'Permanente', '31500.00', '540.03', '10', 2019),
(464, 'YENNYFER', '', 'GENAO', 'Recursos Humanos', 'Encargada RRHH ', 'Permanente', '125000.00', '2142.99', '11', 2019),
(465, 'SOCRATES', '', 'MORENO', 'Recursos Humanos', 'Aux. de Nómina', 'Permanente', '49500.00', '848.62', '11', 2019),
(466, 'DESIREE', '', 'ALCANTARA', 'Planificacion y Desarrollo ', 'Enc. Interina', 'Permanente', '105000.00', '1800.11', '11', 2019),
(467, 'VICTOR', '', 'LUGO', 'Administrativo', 'Conserje', 'Permanente', '17600.00', '301.73', '11', 2019),
(468, 'JUANA', 'LARISSA', 'CROUSSIER', 'Recursos Humanos', 'Asistente RRHH', 'Permanente', '35000.00', '600.04', '11', 2019),
(469, 'JUAN', '', 'RODRIGUEZ', 'Administrativo', 'Chofer', 'Permanente', '33000.00', '565.75', '11', 2019),
(470, 'FLORINDA', '', 'ROJAS', 'Dirección Ejecutiva', 'Directora Ejecutiva', 'Permanente', '250000.00', '4285.98', '11', 2019),
(471, 'SUGEIL', '', 'SANCHEZ', 'Administrativo', 'Conserje', 'Permanente', '17600.00', '301.73', '11', 2019),
(472, 'MIGUELINA', '', 'ARIAS', 'Escuela Nacional de Migración', 'Coord. Centro de Documentación ', 'Carrera Administrativa', '60000.00', '1028.63', '11', 2019),
(473, 'PEDRO', '', 'RAMIREZ', 'Administrativo', 'Contador', 'Carrera Administrativa', '60000.00', '1028.63', '11', 2019),
(474, 'JESSICA', '', 'MORDECHAY', 'Comunicaciones', 'Relacionadora Publica', 'Permanente', '60000.00', '1028.63', '11', 2019),
(475, 'ANA', '', 'DIAZ', 'Dirección Ejecutiva', 'Asistente Ejecutiva', 'Permanente', '65000.00', '1114.35', '11', 2019),
(476, 'JOSE', 'ABRAHAM', 'PEREZ', 'Administrativo', 'Aux. Mantenimiento ', 'Permanente', '35000.00', '600.04', '11', 2019),
(477, 'DOMINGO', '', 'OGANDO', 'Administrativo', 'Conserje', 'Permanente', '17600.00', '301.73', '11', 2019),
(478, 'ALEJANDRINA', '', 'SANTIAGO', 'Relaciones Internacionales', 'Asistente', 'Permanente', '35000.00', '600.04', '11', 2019),
(479, 'AMARFI', '', 'PERALTA', 'Comunicaciones', 'Encargada Comunicaciones', 'Permanente', '105000.00', '1800.11', '11', 2019),
(480, 'REINA', '', 'BARTOLOME', 'Investigación', 'Analista', 'Permanente', '70000.00', '1200.07', '11', 2019),
(481, 'EVA', 'JOSEFINA', 'CONCEPCION', 'Dirección Ejecutiva', 'Asistente', 'Permanente', '49500.00', '848.62', '11', 2019),
(482, 'JUAN', '', 'POLANCO', 'Administrativo', 'Chofer', 'Permanente', '28875.00', '495.03', '11', 2019),
(483, 'MANUEL', '', 'HEREDIA', 'Escuela Nacional de Migración', 'Coordinador/a Docente ', 'Permanente', '70000.00', '1200.07', '11', 2019),
(484, 'MIGUEL', '', 'VALOY', 'Comunicaciones', 'Diseñador Grafico', 'Permanente', '44000.00', '754.33', '11', 2019),
(485, 'JULIO', 'GABRIEL', 'MARTINEZ', 'Administrativo', 'Camarero', 'Permanente', '23100.00', '396.02', '11', 2019),
(486, 'Abel', 'Eliezer', 'Mejia', 'Escuela Nacional de Migración', 'Soporte Informatico', 'Temporal', '35000.00', '600.04', '11', 2019),
(487, 'RODOLFO', '', 'RIZIK', 'Escuela Nacional de Migración', 'Recepcionista', 'Permanente', '35000.00', '600.04', '11', 2019),
(488, 'DANIEL', '', 'MATEO', 'Administrativo', 'Soporte Informatico', 'Permanente', '50000.00', '857.20', '11', 2019),
(489, 'LISBETH', '', 'GARCIA', 'Escuela Nacional de Migración', 'Asistente Ejecutiva', 'Permanente', '40000.00', '685.76', '11', 2019),
(490, 'AIMARA', 'VERA', 'RIVERON', 'Comunicaciones', 'Coordinadora Publicaciones ', 'Permanente', '100000.00', '1714.39', '11', 2019),
(491, 'NURYS', '', 'MEDINA', 'Administrativo', 'Conserje', 'Permanente', '17600.00', '301.73', '11', 2019),
(492, 'ROCIO', 'DEL CARMEN', 'ACOSTA', 'Investigación', 'Analista', 'Temporal', '70000.00', '1200.07', '11', 2019),
(493, 'JOSEFINA', '', 'BATISTA', 'Administrativo', 'Conserje', 'Permanente', '15400.00', '264.02', '11', 2019),
(494, 'JONATHAN', '', 'PALATZ', 'Relaciones Internacionales', 'Enc. Relaciones Internacionales ', 'Permanente', '100000.00', '1714.39', '11', 2019),
(495, 'MICHEL', 'PAOLA', 'MARTINEZ', 'Dirección Ejecutiva', 'Responsable Acceso a la Información', 'Carrera Administrativa', '55000.00', '942.91', '11', 2019),
(496, 'GERMANIA', '', 'ESTEVEZ', 'Investigación', 'Encargada de Investigación ', 'Temporal', '150000.00', '2571.59', '11', 2019),
(497, 'JEOVANNY', 'TEJEDA', 'SUAREZ', 'Administrativo', 'Contador', 'Carrera Administrativa', '100000.00', '1714.39', '11', 2019),
(498, 'INGRID', '', 'SURIEL', 'Administrativo', 'Recepcionista', 'Permanente', '26250.00', '450.03', '11', 2019),
(499, 'FRANCISCO', '', 'LEONARDO', 'Investigación', 'Abogado', 'Permanente', '75000.00', '1285.79', '11', 2019),
(500, 'BIENVENIDO', '', 'BARRIENTOS', 'Investigación', 'Secretario', 'Permanente', '45000.00', '771.48', '11', 2019),
(501, 'SALVADOR', '', 'ALCANTARA', 'Administrativo', 'Chofer', 'Permanente', '26250.00', '450.03', '11', 2019),
(502, 'ELIZABETH', 'BATISTA', 'GARCIA', 'Escuela Nacional de Migración', 'Aux. Administrativo/a', 'Permanente', '31500.00', '540.03', '11', 2019),
(503, 'JEANNETT', '', 'CONCEPCION', 'Administrativo', 'Conserje', 'Permanente', '15400.00', '264.02', '11', 2019),
(504, 'ONICE', 'MARIEL', 'LALANE', 'Escuela Nacional de Migración', 'Coord. De Capacitación ', 'Temporal', '70000.00', '1200.07', '11', 2019),
(505, 'ANDERSON', '', 'SANTANA', 'Investigación', 'Analista Investigación', 'Temporal', '70000.00', '1200.07', '11', 2019),
(506, 'GINA', '', 'GALLARDO', 'Escuela Nacional de Migración', 'Encargada Escuela', 'Permanente', '150000.00', '2571.59', '11', 2019),
(507, 'YOKAIRY', '', 'PUJOLS', 'Escuela Nacional de Migración', 'Recepcionista', 'Permanente', '25000.00', '428.60', '11', 2019),
(508, 'NEWTON', '', 'SOTO', 'Administrativo', 'Mensajero', 'Permanente', '20000.00', '342.88', '11', 2019),
(509, 'LEWIS', '', 'EMEREGILDO', 'Escuela Nacional de Migración', 'Aux. Administrativo/a', 'Permanente', '31500.00', '540.03', '11', 2019),
(510, 'YENNYFER', '', 'GENAO', 'Recursos Humanos', 'Encargada RRHH ', 'Permanente', '125000.00', '2142.99', '12', 2019),
(511, 'SOCRATES', '', 'MORENO', 'Recursos Humanos', 'Aux. de Nómina', 'Permanente', '49500.00', '848.62', '12', 2019),
(512, 'DESIREE', '', 'ALCANTARA', 'Planificacion y Desarrollo ', 'Enc. Interina', 'Permanente', '105000.00', '1800.11', '12', 2019),
(513, 'VICTOR', '', 'LUGO', 'Administrativo', 'Conserje', 'Permanente', '17600.00', '301.73', '12', 2019),
(514, 'JUANA', 'LARISSA', 'CROUSSIER', 'Recursos Humanos', 'Asistente RRHH', 'Permanente', '35000.00', '600.04', '12', 2019),
(515, 'JUAN', '', 'RODRIGUEZ', 'Administrativo', 'Chofer', 'Permanente', '33000.00', '565.75', '12', 2019),
(516, 'FLORINDA', '', 'ROJAS', 'Dirección Ejecutiva', 'Directora Ejecutiva', 'Permanente', '250000.00', '4285.98', '12', 2019),
(517, 'SUGEIL', '', 'SANCHEZ', 'Administrativo', 'Conserje', 'Permanente', '17600.00', '301.73', '12', 2019),
(518, 'MIGUELINA', '', 'ARIAS', 'Escuela Nacional de Migración', 'Coord. Centro de Documentación ', 'Carrera Administrativa', '60000.00', '1028.63', '12', 2019),
(519, 'PEDRO', '', 'RAMIREZ', 'Administrativo', 'Contador', 'Carrera Administrativa', '60000.00', '1028.63', '12', 2019),
(520, 'JESSICA', '', 'MORDECHAY', 'Comunicaciones', 'Relacionadora Publica', 'Permanente', '60000.00', '1028.63', '12', 2019),
(521, 'ANA', '', 'DIAZ', 'Dirección Ejecutiva', 'Asistente Ejecutiva', 'Permanente', '65000.00', '1114.35', '12', 2019),
(522, 'JOSE', 'ABRAHAM', 'PEREZ', 'Administrativo', 'Aux. Mantenimiento ', 'Permanente', '35000.00', '600.04', '12', 2019),
(523, 'DOMINGO', '', 'OGANDO', 'Administrativo', 'Conserje', 'Permanente', '17600.00', '301.73', '12', 2019),
(524, 'ALEJANDRINA', '', 'SANTIAGO', 'Relaciones Internacionales', 'Asistente', 'Permanente', '35000.00', '600.04', '12', 2019),
(525, 'AMARFI', '', 'PERALTA', 'Comunicaciones', 'Encargada Comunicaciones', 'Permanente', '105000.00', '1800.11', '12', 2019),
(526, 'REINA', '', 'BARTOLOME', 'Investigación', 'Analista', 'Permanente', '70000.00', '1200.07', '12', 2019),
(527, 'EVA', 'JOSEFINA', 'CONCEPCION', 'Dirección Ejecutiva', 'Asistente', 'Permanente', '49500.00', '848.62', '12', 2019),
(528, 'JUAN', '', 'POLANCO', 'Administrativo', 'Chofer', 'Permanente', '28875.00', '495.03', '12', 2019),
(529, 'MANUEL', '', 'HEREDIA', 'Escuela Nacional de Migración', 'Coordinador/a Docente ', 'Permanente', '70000.00', '1200.07', '12', 2019),
(530, 'MIGUEL', '', 'VALOY', 'Comunicaciones', 'Diseñador Grafico', 'Permanente', '44000.00', '754.33', '12', 2019),
(531, 'JULIO', 'GABRIEL', 'MARTINEZ', 'Administrativo', 'Camarero', 'Permanente', '23100.00', '396.02', '12', 2019),
(532, 'Abel', 'Eliezer', 'Mejia', 'Escuela Nacional de Migración', 'Soporte Informatico', 'Temporal', '35000.00', '600.04', '12', 2019),
(533, 'RODOLFO', '', 'RIZIK', 'Escuela Nacional de Migración', 'Recepcionista', 'Permanente', '35000.00', '600.04', '12', 2019),
(534, 'DANIEL', '', 'MATEO', 'Administrativo', 'Soporte Informatico', 'Permanente', '50000.00', '857.20', '12', 2019),
(535, 'LISBETH', '', 'GARCIA', 'Escuela Nacional de Migración', 'Asistente Ejecutiva', 'Permanente', '40000.00', '685.76', '12', 2019),
(536, 'AIMARA', 'VERA', 'RIVERON', 'Comunicaciones', 'Coordinadora Publicaciones ', 'Permanente', '100000.00', '1714.39', '12', 2019),
(537, 'NURYS', '', 'MEDINA', 'Administrativo', 'Conserje', 'Permanente', '17600.00', '301.73', '12', 2019),
(538, 'ROCIO', 'DEL CARMEN', 'ACOSTA', 'Investigación', 'Analista', 'Temporal', '70000.00', '1200.07', '12', 2019),
(539, 'JOSEFINA', '', 'BATISTA', 'Administrativo', 'Conserje', 'Permanente', '15400.00', '264.02', '12', 2019),
(540, 'JONATHAN', '', 'PALATZ', 'Relaciones Internacionales', 'Enc. Relaciones Internacionales ', 'Permanente', '100000.00', '1714.39', '12', 2019),
(541, 'MICHEL', 'PAOLA', 'MARTINEZ', 'Dirección Ejecutiva', 'Responsable Acceso a la Información', 'Carrera Administrativa', '55000.00', '942.91', '12', 2019),
(542, 'GERMANIA', '', 'ESTEVEZ', 'Investigación', 'Encargada de Investigación ', 'Temporal', '150000.00', '2571.59', '12', 2019),
(543, 'JEOVANNY', 'TEJEDA', 'SUAREZ', 'Administrativo', 'Contador', 'Carrera Administrativa', '100000.00', '1714.39', '12', 2019),
(544, 'INGRID', '', 'SURIEL', 'Administrativo', 'Recepcionista', 'Permanente', '26250.00', '450.03', '12', 2019),
(545, 'FRANCISCO', '', 'LEONARDO', 'Investigación', 'Abogado', 'Permanente', '75000.00', '1285.79', '12', 2019),
(546, 'BIENVENIDO', '', 'BARRIENTOS', 'Investigación', 'Secretario', 'Permanente', '45000.00', '771.48', '12', 2019),
(547, 'SALVADOR', '', 'ALCANTARA', 'Administrativo', 'Chofer', 'Permanente', '26250.00', '450.03', '12', 2019),
(548, 'ELIZABETH', 'BATISTA', 'GARCIA', 'Escuela Nacional de Migración', 'Aux. Administrativo/a', 'Permanente', '31500.00', '540.03', '12', 2019),
(549, 'JEANNETT', '', 'CONCEPCION', 'Administrativo', 'Conserje', 'Permanente', '15400.00', '264.02', '12', 2019),
(550, 'ONICE', 'MARIEL', 'LALANE', 'Escuela Nacional de Migración', 'Coord. De Capacitación ', 'Temporal', '70000.00', '1200.07', '12', 2019),
(551, 'ANDERSON', '', 'SANTANA', 'Investigación', 'Analista Investigación', 'Temporal', '70000.00', '1200.07', '12', 2019),
(552, 'GINA', '', 'GALLARDO', 'Escuela Nacional de Migración', 'Encargada Escuela', 'Permanente', '150000.00', '2571.59', '12', 2019),
(553, 'YOKAIRY', '', 'PUJOLS', 'Escuela Nacional de Migración', 'Recepcionista', 'Permanente', '25000.00', '428.60', '12', 2019),
(554, 'NEWTON', '', 'SOTO', 'Administrativo', 'Mensajero', 'Permanente', '20000.00', '342.88', '12', 2019),
(555, 'YEISI', '', 'RAMIREZ', 'Planificacion y Desarrollo ', 'Analista', 'Permanente', '60000.00', '1028.63', '12', 2019),
(556, 'LEWIS', '', 'EMEREGILDO', 'Escuela Nacional de Migración', 'Aux. Administrativo/a', 'Permanente', '31500.00', '540.03', '12', 2019),
(557, 'YENNYFER', '', 'GENAO', 'Recursos Humanos', 'Encargada RRHH ', 'Permanente', '125000.00', '2142.99', '01', 2020),
(558, 'SOCRATES', '', 'MORENO', 'Recursos Humanos', 'Aux. de Nómina', 'Permanente', '49500.00', '848.62', '01', 2020),
(559, 'DESIREE', '', 'ALCANTARA', 'Planificacion y Desarrollo ', 'Enc. Interina', 'Permanente', '105000.00', '1800.11', '01', 2020),
(560, 'VICTOR', '', 'LUGO', 'Administrativo', 'Conserje', 'Permanente', '17600.00', '301.73', '01', 2020),
(561, 'JUANA', 'LARISSA', 'CROUSSIER', 'Recursos Humanos', 'Asistente RRHH', 'Permanente', '35000.00', '600.04', '01', 2020),
(562, 'JUAN', '', 'RODRIGUEZ', 'Administrativo', 'Chofer', 'Permanente', '33000.00', '565.75', '01', 2020),
(563, 'FLORINDA', '', 'ROJAS', 'Dirección Ejecutiva', 'Directora Ejecutiva', 'Permanente', '250000.00', '4285.98', '01', 2020),
(564, 'SUGEIL', '', 'SANCHEZ', 'Administrativo', 'Conserje', 'Permanente', '17600.00', '301.73', '01', 2020),
(565, 'MIGUELINA', '', 'ARIAS', 'Escuela Nacional de Migración', 'Coord. Centro de Documentación ', 'Carrera Administrativa', '60000.00', '1028.63', '01', 2020),
(566, 'PEDRO', '', 'RAMIREZ', 'Administrativo', 'Contador', 'Carrera Administrativa', '60000.00', '1028.63', '01', 2020),
(567, 'JESSICA', '', 'MORDECHAY', 'Comunicaciones', 'Relacionadora Publica', 'Permanente', '60000.00', '1028.63', '01', 2020),
(568, 'ANA', '', 'DIAZ', 'Dirección Ejecutiva', 'Asistente Ejecutiva', 'Permanente', '65000.00', '1114.35', '01', 2020),
(569, 'JOSE', 'ABRAHAM', 'PEREZ', 'Administrativo', 'Aux. Mantenimiento ', 'Permanente', '35000.00', '600.04', '01', 2020),
(570, 'DOMINGO', '', 'OGANDO', 'Administrativo', 'Conserje', 'Permanente', '17600.00', '301.73', '01', 2020),
(571, 'ALEJANDRINA', '', 'SANTIAGO', 'Relaciones Internacionales', 'Asistente', 'Permanente', '35000.00', '600.04', '01', 2020),
(572, 'AMARFI', '', 'PERALTA', 'Comunicaciones', 'Encargada Comunicaciones', 'Permanente', '105000.00', '1800.11', '01', 2020),
(573, 'REINA', '', 'BARTOLOME', 'Investigación', 'Analista', 'Permanente', '70000.00', '1200.07', '01', 2020),
(574, 'EVA', 'JOSEFINA', 'CONCEPCION', 'Dirección Ejecutiva', 'Asistente', 'Permanente', '49500.00', '848.62', '01', 2020),
(575, 'JUAN', '', 'POLANCO', 'Administrativo', 'Chofer', 'Permanente', '28875.00', '495.03', '01', 2020),
(576, 'MIGUEL', '', 'VALOY', 'Comunicaciones', 'Diseñador Grafico', 'Permanente', '44000.00', '754.33', '01', 2020),
(577, 'JULIO', 'GABRIEL', 'MARTINEZ', 'Administrativo', 'Camarero', 'Permanente', '23100.00', '396.02', '01', 2020),
(578, 'Abel', 'Eliezer', 'Mejia', 'Escuela Nacional de Migración', 'Soporte Informatico', 'Temporal', '35000.00', '600.04', '01', 2020),
(579, 'RODOLFO', '', 'RIZIK', 'Escuela Nacional de Migración', 'Recepcionista', 'Permanente', '35000.00', '600.04', '01', 2020),
(580, 'DANIEL', '', 'MATEO', 'Administrativo', 'Soporte Informatico', 'Permanente', '50000.00', '857.20', '01', 2020),
(581, 'LISBETH', '', 'GARCIA', 'Escuela Nacional de Migración', 'Asistente Ejecutiva', 'Permanente', '40000.00', '685.76', '01', 2020),
(582, 'AIMARA', 'VERA', 'RIVERON', 'Comunicaciones', 'Coordinadora Publicaciones ', 'Permanente', '100000.00', '1714.39', '01', 2020),
(583, 'NURYS', '', 'MEDINA', 'Administrativo', 'Conserje', 'Permanente', '17600.00', '301.73', '01', 2020),
(584, 'ROCIO', 'DEL CARMEN', 'ACOSTA', 'Investigación', 'Analista', 'Temporal', '70000.00', '1200.07', '01', 2020),
(585, 'JOSEFINA', '', 'BATISTA', 'Administrativo', 'Conserje', 'Permanente', '15400.00', '264.02', '01', 2020),
(586, 'JONATHAN', '', 'PALATZ', 'Relaciones Internacionales', 'Enc. Relaciones Internacionales ', 'Permanente', '100000.00', '1714.39', '01', 2020),
(587, 'MICHEL', 'PAOLA', 'MARTINEZ', 'Dirección Ejecutiva', 'Responsable Acceso a la Información', 'Carrera Administrativa', '55000.00', '942.91', '01', 2020),
(588, 'GERMANIA', '', 'ESTEVEZ', 'Investigación', 'Encargada de Investigación ', 'Temporal', '150000.00', '2571.59', '01', 2020),
(589, 'JEOVANNY', 'TEJEDA', 'SUAREZ', 'Administrativo', 'Contador', 'Carrera Administrativa', '100000.00', '1714.39', '01', 2020),
(590, 'INGRID', '', 'SURIEL', 'Administrativo', 'Recepcionista', 'Permanente', '26250.00', '450.03', '01', 2020),
(591, 'FRANCISCO', '', 'LEONARDO', 'Investigación', 'Abogado', 'Permanente', '75000.00', '1285.79', '01', 2020),
(592, 'BIENVENIDO', '', 'BARRIENTOS', 'Investigación', 'Secretario', 'Permanente', '45000.00', '771.48', '01', 2020),
(593, 'SALVADOR', '', 'ALCANTARA', 'Administrativo', 'Chofer', 'Permanente', '26250.00', '450.03', '01', 2020),
(594, 'ELIZABETH', 'BATISTA', 'GARCIA', 'Escuela Nacional de Migración', 'Aux. Administrativo/a', 'Permanente', '31500.00', '540.03', '01', 2020),
(595, 'JEANNETT', '', 'CONCEPCION', 'Administrativo', 'Conserje', 'Permanente', '15400.00', '264.02', '01', 2020),
(596, 'ONICE', 'MARIEL', 'LALANE', 'Escuela Nacional de Migración', 'Coord. De Capacitación ', 'Temporal', '70000.00', '1200.07', '01', 2020),
(597, 'ANDERSON', '', 'SANTANA', 'Investigación', 'Analista Investigación', 'Temporal', '70000.00', '1200.07', '01', 2020),
(598, 'GINA', '', 'GALLARDO', 'Escuela Nacional de Migración', 'Encargada Escuela', 'Permanente', '150000.00', '2571.59', '01', 2020),
(599, 'YOKAIRY', '', 'PUJOLS', 'Escuela Nacional de Migración', 'Recepcionista', 'Permanente', '25000.00', '428.60', '01', 2020),
(600, 'NEWTON', '', 'SOTO', 'Administrativo', 'Mensajero', 'Permanente', '20000.00', '342.88', '01', 2020),
(601, 'YEISI', '', 'RAMIREZ', 'Planificacion y Desarrollo ', 'Analista', 'Permanente', '60000.00', '1028.63', '01', 2020),
(602, 'LEWIS', '', 'EMEREGILDO', 'Escuela Nacional de Migración', 'Aux. Administrativo/a', 'Permanente', '31500.00', '540.03', '01', 2020),
(603, 'YENNYFER', '', 'GENAO', 'Recursos Humanos', 'Encargada RRHH ', 'Permanente', '125000.00', '2142.99', '02', 2020),
(604, 'SOCRATES', '', 'MORENO', 'Recursos Humanos', 'Aux. de Nómina', 'Permanente', '49500.00', '848.62', '02', 2020),
(605, 'DESIREE', '', 'ALCANTARA', 'Planificacion y Desarrollo ', 'Enc. Interina', 'Permanente', '105000.00', '1800.11', '02', 2020),
(606, 'VICTOR', '', 'LUGO', 'Administrativo', 'Conserje', 'Permanente', '17600.00', '301.73', '02', 2020),
(607, 'JUANA', 'LARISSA', 'CROUSSIER', 'Recursos Humanos', 'Asistente RRHH', 'Permanente', '35000.00', '600.04', '02', 2020),
(608, 'JUAN', '', 'RODRIGUEZ', 'Administrativo', 'Chofer', 'Permanente', '33000.00', '565.75', '02', 2020),
(609, 'FLORINDA', '', 'ROJAS', 'Dirección Ejecutiva', 'Directora Ejecutiva', 'Permanente', '250000.00', '4285.98', '02', 2020),
(610, 'SUGEIL', '', 'SANCHEZ', 'Administrativo', 'Conserje', 'Permanente', '17600.00', '301.73', '02', 2020),
(611, 'MIGUELINA', '', 'ARIAS', 'Escuela Nacional de Migración', 'Coord. Centro de Documentación ', 'Carrera Administrativa', '60000.00', '1028.63', '02', 2020),
(612, 'PEDRO', '', 'RAMIREZ', 'Administrativo', 'Contador', 'Carrera Administrativa', '60000.00', '1028.63', '02', 2020),
(613, 'JESSICA', '', 'MORDECHAY', 'Comunicaciones', 'Relacionadora Publica', 'Permanente', '60000.00', '1028.63', '02', 2020),
(614, 'ANA', '', 'DIAZ', 'Dirección Ejecutiva', 'Asistente Ejecutiva', 'Permanente', '65000.00', '1114.35', '02', 2020),
(615, 'JOSE', 'ABRAHAM', 'PEREZ', 'Administrativo', 'Aux. Mantenimiento ', 'Permanente', '35000.00', '600.04', '02', 2020),
(616, 'DOMINGO', '', 'OGANDO', 'Administrativo', 'Conserje', 'Permanente', '17600.00', '301.73', '02', 2020),
(617, 'ALEJANDRINA', '', 'SANTIAGO', 'Relaciones Internacionales', 'Asistente', 'Permanente', '35000.00', '600.04', '02', 2020),
(618, 'AMARFI', '', 'PERALTA', 'Comunicaciones', 'Encargada Comunicaciones', 'Permanente', '105000.00', '1800.11', '02', 2020),
(619, 'REINA', '', 'BARTOLOME', 'Investigación', 'Analista', 'Permanente', '70000.00', '1200.07', '02', 2020),
(620, 'EVA', 'JOSEFINA', 'CONCEPCION', 'Dirección Ejecutiva', 'Asistente', 'Permanente', '49500.00', '848.62', '02', 2020),
(621, 'JUAN', '', 'POLANCO', 'Administrativo', 'Chofer', 'Permanente', '28875.00', '495.03', '02', 2020),
(622, 'MIGUEL', '', 'VALOY', 'Comunicaciones', 'Diseñador Grafico', 'Permanente', '44000.00', '754.33', '02', 2020),
(623, 'JULIO', 'GABRIEL', 'MARTINEZ', 'Administrativo', 'Camarero', 'Permanente', '23100.00', '396.02', '02', 2020),
(624, 'Abel', 'Eliezer', 'Mejia', 'Escuela Nacional de Migración', 'Soporte Informatico', 'Temporal', '35000.00', '600.04', '02', 2020),
(625, 'RODOLFO', '', 'RIZIK', 'Escuela Nacional de Migración', 'Recepcionista', 'Permanente', '35000.00', '600.04', '02', 2020),
(626, 'DANIEL', '', 'MATEO', 'Administrativo', 'Soporte Informatico', 'Permanente', '50000.00', '857.20', '02', 2020),
(627, 'LISBETH', '', 'GARCIA', 'Escuela Nacional de Migración', 'Asistente Ejecutiva', 'Permanente', '40000.00', '685.76', '02', 2020),
(628, 'AIMARA', 'VERA', 'RIVERON', 'Comunicaciones', 'Coordinadora Publicaciones ', 'Permanente', '100000.00', '1714.39', '02', 2020),
(629, 'NURYS', '', 'MEDINA', 'Administrativo', 'Conserje', 'Permanente', '17600.00', '301.73', '02', 2020),
(630, 'ROCIO', 'DEL CARMEN', 'ACOSTA', 'Investigación', 'Analista', 'Temporal', '70000.00', '1200.07', '02', 2020),
(631, 'JOSEFINA', '', 'BATISTA', 'Administrativo', 'Conserje', 'Permanente', '15400.00', '264.02', '02', 2020),
(632, 'MICHEL', 'PAOLA', 'MARTINEZ', 'Dirección Ejecutiva', 'Responsable Acceso a la Información', 'Carrera Administrativa', '55000.00', '942.91', '02', 2020),
(633, 'GERMANIA', '', 'ESTEVEZ', 'Investigación', 'Encargada de Investigación ', 'Temporal', '150000.00', '2571.59', '02', 2020),
(634, 'JEOVANNY', 'TEJEDA', 'SUAREZ', 'Administrativo', 'Contador', 'Carrera Administrativa', '100000.00', '1714.39', '02', 2020),
(635, 'INGRID', '', 'SURIEL', 'Administrativo', 'Recepcionista', 'Permanente', '26250.00', '450.03', '02', 2020),
(636, 'FRANCISCO', '', 'LEONARDO', 'Investigación', 'Abogado', 'Permanente', '75000.00', '1285.79', '02', 2020),
(637, 'BIENVENIDO', '', 'BARRIENTOS', 'Investigación', 'Secretario', 'Permanente', '45000.00', '771.48', '02', 2020),
(638, 'SALVADOR', '', 'ALCANTARA', 'Administrativo', 'Chofer', 'Permanente', '26250.00', '450.03', '02', 2020),
(639, 'ELIZABETH', 'BATISTA', 'GARCIA', 'Escuela Nacional de Migración', 'Aux. Administrativo/a', 'Permanente', '31500.00', '540.03', '02', 2020),
(640, 'JEANNETT', '', 'CONCEPCION', 'Administrativo', 'Conserje', 'Permanente', '15400.00', '264.02', '02', 2020),
(641, 'ONICE', 'MARIEL', 'LALANE', 'Escuela Nacional de Migración', 'Coord. De Capacitación ', 'Temporal', '70000.00', '1200.07', '02', 2020),
(642, 'ANDERSON', '', 'SANTANA', 'Investigación', 'Analista Investigación', 'Temporal', '70000.00', '1200.07', '02', 2020),
(643, 'GINA', '', 'GALLARDO', 'Escuela Nacional de Migración', 'Encargada Escuela', 'Permanente', '150000.00', '2571.59', '02', 2020),
(644, 'YOKAIRY', '', 'PUJOLS', 'Escuela Nacional de Migración', 'Recepcionista', 'Permanente', '25000.00', '428.60', '02', 2020),
(645, 'NEWTON', '', 'SOTO', 'Administrativo', 'Mensajero', 'Permanente', '20000.00', '342.88', '02', 2020),
(646, 'YEISI', '', 'RAMIREZ', 'Planificacion y Desarrollo ', 'Analista', 'Permanente', '60000.00', '1028.63', '02', 2020),
(647, 'LEWIS', '', 'EMEREGILDO', 'Escuela Nacional de Migración', 'Aux. Administrativo/a', 'Permanente', '31500.00', '540.03', '02', 2020),
(648, 'YENNYFER', '', 'GENAO', 'Recursos Humanos', 'Encargada RRHH ', 'Permanente', '125000.00', '2142.99', '03', 2020),
(649, 'SOCRATES', '', 'MORENO', 'Recursos Humanos', 'Aux. de Nómina', 'Permanente', '49500.00', '848.62', '03', 2020),
(650, 'DESIREE', '', 'ALCANTARA', 'Planificacion y Desarrollo ', 'Enc. Interina', 'Permanente', '105000.00', '1800.11', '03', 2020),
(651, 'VICTOR', '', 'LUGO', 'Administrativo', 'Conserje', 'Permanente', '17600.00', '301.73', '03', 2020),
(652, 'JUANA', 'LARISSA', 'CROUSSIER', 'Recursos Humanos', 'Asistente RRHH', 'Permanente', '35000.00', '600.04', '03', 2020),
(653, 'JUAN', '', 'RODRIGUEZ', 'Administrativo', 'Chofer', 'Permanente', '33000.00', '565.75', '03', 2020),
(654, 'FLORINDA', '', 'ROJAS', 'Dirección Ejecutiva', 'Directora Ejecutiva', 'Permanente', '250000.00', '4285.98', '03', 2020),
(655, 'SUGEIL', '', 'SANCHEZ', 'Administrativo', 'Conserje', 'Permanente', '17600.00', '301.73', '03', 2020),
(656, 'MIGUELINA', '', 'ARIAS', 'Escuela Nacional de Migración', 'Coord. Centro de Documentación ', 'Carrera Administrativa', '60000.00', '1028.63', '03', 2020),
(657, 'PEDRO', '', 'RAMIREZ', 'Administrativo', 'Contador', 'Carrera Administrativa', '60000.00', '1028.63', '03', 2020),
(658, 'JESSICA', '', 'MORDECHAY', 'Comunicaciones', 'Relacionadora Publica', 'Permanente', '60000.00', '1028.63', '03', 2020),
(659, 'ANA', '', 'DIAZ', 'Dirección Ejecutiva', 'Asistente Ejecutiva', 'Permanente', '65000.00', '1114.35', '03', 2020),
(660, 'JOSE', 'ABRAHAM', 'PEREZ', 'Administrativo', 'Aux. Mantenimiento ', 'Permanente', '35000.00', '600.04', '03', 2020),
(661, 'DOMINGO', '', 'OGANDO', 'Administrativo', 'Conserje', 'Permanente', '17600.00', '301.73', '03', 2020),
(662, 'ALEJANDRINA', '', 'SANTIAGO', 'Relaciones Internacionales', 'Asistente', 'Permanente', '35000.00', '600.04', '03', 2020),
(663, 'AMARFI', '', 'PERALTA', 'Comunicaciones', 'Encargada Comunicaciones', 'Permanente', '105000.00', '1800.11', '03', 2020),
(664, 'REINA', '', 'BARTOLOME', 'Investigación', 'Analista', 'Permanente', '70000.00', '1200.07', '03', 2020),
(665, 'EVA', 'JOSEFINA', 'CONCEPCION', 'Dirección Ejecutiva', 'Asistente', 'Permanente', '49500.00', '848.62', '03', 2020),
(666, 'JUAN', '', 'POLANCO', 'Administrativo', 'Chofer', 'Permanente', '28875.00', '495.03', '03', 2020),
(667, 'MIGUEL', '', 'VALOY', 'Comunicaciones', 'Diseñador Grafico', 'Permanente', '44000.00', '754.33', '03', 2020),
(668, 'JULIO', 'GABRIEL', 'MARTINEZ', 'Administrativo', 'Camarero', 'Permanente', '23100.00', '396.02', '03', 2020),
(669, 'Abel', 'Eliezer', 'Mejia', 'Escuela Nacional de Migración', 'Soporte Informatico', 'Temporal', '35000.00', '600.04', '03', 2020),
(670, 'RODOLFO', '', 'RIZIK', 'Escuela Nacional de Migración', 'Recepcionista', 'Permanente', '35000.00', '600.04', '03', 2020),
(671, 'DANIEL', '', 'MATEO', 'Administrativo', 'Soporte Informatico', 'Permanente', '50000.00', '857.20', '03', 2020),
(672, 'LISBETH', '', 'GARCIA', 'Escuela Nacional de Migración', 'Asistente Ejecutiva', 'Permanente', '40000.00', '685.76', '03', 2020),
(673, 'AIMARA', 'VERA', 'RIVERON', 'Comunicaciones', 'Coordinadora Publicaciones ', 'Permanente', '100000.00', '1714.39', '03', 2020),
(674, 'NURYS', '', 'MEDINA', 'Administrativo', 'Conserje', 'Permanente', '17600.00', '301.73', '03', 2020),
(675, 'ROCIO', 'DEL CARMEN', 'ACOSTA', 'Investigación', 'Analista', 'Temporal', '70000.00', '1200.07', '03', 2020),
(676, 'JOSEFINA', '', 'BATISTA', 'Administrativo', 'Conserje', 'Permanente', '15400.00', '264.02', '03', 2020),
(677, 'MICHEL', 'PAOLA', 'MARTINEZ', 'Dirección Ejecutiva', 'Responsable Acceso a la Información', 'Carrera Administrativa', '55000.00', '942.91', '03', 2020),
(678, 'GERMANIA', '', 'ESTEVEZ', 'Investigación', 'Encargada de Investigación ', 'Temporal', '150000.00', '2571.59', '03', 2020),
(679, 'JEOVANNY', 'TEJEDA', 'SUAREZ', 'Administrativo', 'Contador', 'Carrera Administrativa', '100000.00', '1714.39', '03', 2020),
(680, 'INGRID', '', 'SURIEL', 'Administrativo', 'Recepcionista', 'Permanente', '26250.00', '450.03', '03', 2020),
(681, 'FRANCISCO', '', 'LEONARDO', 'Investigación', 'Abogado', 'Permanente', '75000.00', '1285.79', '03', 2020),
(682, 'BIENVENIDO', '', 'BARRIENTOS', 'Investigación', 'Secretario', 'Permanente', '45000.00', '771.48', '03', 2020),
(683, 'SALVADOR', '', 'ALCANTARA', 'Administrativo', 'Chofer', 'Permanente', '26250.00', '450.03', '03', 2020),
(684, 'ELIZABETH', 'BATISTA', 'GARCIA', 'Escuela Nacional de Migración', 'Aux. Administrativo/a', 'Permanente', '31500.00', '540.03', '03', 2020),
(685, 'JEANNETT', '', 'CONCEPCION', 'Administrativo', 'Conserje', 'Permanente', '15400.00', '264.02', '03', 2020),
(686, 'ONICE', 'MARIEL', 'LALANE', 'Escuela Nacional de Migración', 'Coord. De Capacitación ', 'Temporal', '70000.00', '1200.07', '03', 2020),
(687, 'ANDERSON', '', 'SANTANA', 'Investigación', 'Analista Investigación', 'Temporal', '70000.00', '1200.07', '03', 2020),
(688, 'GINA', '', 'GALLARDO', 'Escuela Nacional de Migración', 'Encargada Escuela', 'Permanente', '150000.00', '2571.59', '03', 2020),
(689, 'YOKAIRY', '', 'PUJOLS', 'Escuela Nacional de Migración', 'Recepcionista', 'Permanente', '25000.00', '428.60', '03', 2020),
(690, 'NEWTON', '', 'SOTO', 'Administrativo', 'Mensajero', 'Permanente', '20000.00', '342.88', '03', 2020),
(691, 'YEISI', '', 'RAMIREZ', 'Planificacion y Desarrollo ', 'Analista', 'Permanente', '60000.00', '1028.63', '03', 2020),
(692, 'LEWIS', '', 'EMEREGILDO', 'Escuela Nacional de Migración', 'Aux. Administrativo/a', 'Permanente', '31500.00', '540.03', '03', 2020),
(693, 'PATRICIA', '', 'GARABITO', 'Escuela Nacional de Migración', 'Tecnico/a Curricular y Docente', 'Carrera Administrativa', '50000.00', '857.20', '03', 2020),
(694, 'YENNYFER', '', 'GENAO', 'Recursos Humanos', 'Encargada RRHH ', 'Permanente', '125000.00', '2142.99', '04', 2020),
(695, 'SOCRATES', '', 'MORENO', 'Recursos Humanos', 'Aux. de Nómina', 'Permanente', '49500.00', '848.62', '04', 2020),
(696, 'DESIREE', '', 'ALCANTARA', 'Planificacion y Desarrollo ', 'Enc. Interina', 'Permanente', '105000.00', '1800.11', '04', 2020),
(697, 'VICTOR', '', 'LUGO', 'Administrativo', 'Conserje', 'Permanente', '17600.00', '301.73', '04', 2020),
(698, 'JUANA', 'LARISSA', 'CROUSSIER', 'Recursos Humanos', 'Asistente RRHH', 'Permanente', '35000.00', '600.04', '04', 2020),
(699, 'JUAN', '', 'RODRIGUEZ', 'Administrativo', 'Chofer', 'Permanente', '33000.00', '565.75', '04', 2020),
(700, 'FLORINDA', '', 'ROJAS', 'Dirección Ejecutiva', 'Directora Ejecutiva', 'Permanente', '250000.00', '4285.98', '04', 2020),
(701, 'SUGEIL', '', 'SANCHEZ', 'Administrativo', 'Conserje', 'Permanente', '17600.00', '301.73', '04', 2020),
(702, 'MIGUELINA', '', 'ARIAS', 'Escuela Nacional de Migración', 'Coord. Centro de Documentación ', 'Carrera Administrativa', '60000.00', '1028.63', '04', 2020),
(703, 'PEDRO', '', 'RAMIREZ', 'Administrativo', 'Contador', 'Carrera Administrativa', '60000.00', '1028.63', '04', 2020),
(704, 'JESSICA', '', 'MORDECHAY', 'Comunicaciones', 'Relacionadora Publica', 'Permanente', '60000.00', '1028.63', '04', 2020),
(705, 'ANA', '', 'DIAZ', 'Dirección Ejecutiva', 'Asistente Ejecutiva', 'Permanente', '65000.00', '1114.35', '04', 2020),
(706, 'JOSE', 'ABRAHAM', 'PEREZ', 'Administrativo', 'Aux. Mantenimiento ', 'Permanente', '35000.00', '600.04', '04', 2020),
(707, 'DOMINGO', '', 'OGANDO', 'Administrativo', 'Conserje', 'Permanente', '17600.00', '301.73', '04', 2020),
(708, 'ALEJANDRINA', '', 'SANTIAGO', 'Relaciones Internacionales', 'Asistente', 'Permanente', '35000.00', '600.04', '04', 2020),
(709, 'AMARFI', '', 'PERALTA', 'Comunicaciones', 'Encargada Comunicaciones', 'Permanente', '105000.00', '1800.11', '04', 2020),
(710, 'REINA', '', 'BARTOLOME', 'Investigación', 'Analista', 'Permanente', '70000.00', '1200.07', '04', 2020),
(711, 'EVA', 'JOSEFINA', 'CONCEPCION', 'Dirección Ejecutiva', 'Asistente', 'Permanente', '49500.00', '848.62', '04', 2020),
(712, 'JUAN', '', 'POLANCO', 'Administrativo', 'Chofer', 'Permanente', '28875.00', '495.03', '04', 2020),
(713, 'MIGUEL', '', 'VALOY', 'Comunicaciones', 'Diseñador Grafico', 'Permanente', '44000.00', '754.33', '04', 2020),
(714, 'JULIO', 'GABRIEL', 'MARTINEZ', 'Administrativo', 'Camarero', 'Permanente', '23100.00', '396.02', '04', 2020),
(715, 'Abel', 'Eliezer', 'Mejia', 'Escuela Nacional de Migración', 'Soporte Informatico', 'Carrera Administrativa', '35000.00', '600.04', '04', 2020),
(716, 'RODOLFO', '', 'RIZIK', 'Escuela Nacional de Migración', 'Recepcionista', 'Permanente', '35000.00', '600.04', '04', 2020),
(717, 'DANIEL', '', 'MATEO', 'Administrativo', 'Soporte Informatico', 'Permanente', '50000.00', '857.20', '04', 2020),
(718, 'LISBETH', '', 'GARCIA', 'Escuela Nacional de Migración', 'Asistente Ejecutiva', 'Permanente', '40000.00', '685.76', '04', 2020),
(719, 'AIMARA', 'VERA', 'RIVERON', 'Comunicaciones', 'Coordinadora Publicaciones ', 'Permanente', '100000.00', '1714.39', '04', 2020),
(720, 'NURYS', '', 'MEDINA', 'Administrativo', 'Conserje', 'Permanente', '17600.00', '301.73', '04', 2020),
(721, 'ROCIO', 'DEL CARMEN', 'ACOSTA', 'Investigación', 'Analista', 'Carrera Administrativa', '70000.00', '1200.07', '04', 2020),
(722, 'JOSEFINA', '', 'BATISTA', 'Administrativo', 'Conserje', 'Permanente', '15400.00', '264.02', '04', 2020),
(723, 'MICHEL', 'PAOLA', 'MARTINEZ', 'Dirección Ejecutiva', 'Responsable Acceso a la Información', 'Carrera Administrativa', '55000.00', '942.91', '04', 2020),
(724, 'GERMANIA', '', 'ESTEVEZ', 'Investigación', 'Encargada de Investigación ', 'Carrera Administrativa', '150000.00', '2571.59', '04', 2020),
(725, 'JEOVANNY', 'TEJEDA', 'SUAREZ', 'Administrativo', 'Contador', 'Carrera Administrativa', '100000.00', '1714.39', '04', 2020),
(726, 'INGRID', '', 'SURIEL', 'Administrativo', 'Recepcionista', 'Permanente', '26250.00', '450.03', '04', 2020),
(727, 'FRANCISCO', '', 'LEONARDO', 'Investigación', 'Abogado', 'Permanente', '75000.00', '1285.79', '04', 2020),
(728, 'BIENVENIDO', '', 'BARRIENTOS', 'Investigación', 'Secretario', 'Permanente', '45000.00', '771.48', '04', 2020),
(729, 'SALVADOR', '', 'ALCANTARA', 'Administrativo', 'Chofer', 'Permanente', '26250.00', '450.03', '04', 2020),
(730, 'ELIZABETH', 'BATISTA', 'GARCIA', 'Escuela Nacional de Migración', 'Aux. Administrativo/a', 'Permanente', '31500.00', '540.03', '04', 2020),
(731, 'JEANNETT', '', 'CONCEPCION', 'Administrativo', 'Conserje', 'Permanente', '15400.00', '264.02', '04', 2020),
(732, 'ONICE', 'MARIEL', 'LALANE', 'Escuela Nacional de Migración', 'Coord. De Capacitación ', 'Carrera Administrativa', '70000.00', '1200.07', '04', 2020),
(733, 'ANDERSON', '', 'SANTANA', 'Investigación', 'Analista Investigación', 'Carrera Administrativa', '70000.00', '1200.07', '04', 2020),
(734, 'GINA', '', 'GALLARDO', 'Escuela Nacional de Migración', 'Encargada Escuela', 'Permanente', '150000.00', '2571.59', '04', 2020),
(735, 'YOKAIRY', '', 'PUJOLS', 'Escuela Nacional de Migración', 'Recepcionista', 'Permanente', '25000.00', '428.60', '04', 2020),
(736, 'NEWTON', '', 'SOTO', 'Administrativo', 'Mensajero', 'Permanente', '20000.00', '342.88', '04', 2020),
(737, 'YEISI', '', 'RAMIREZ', 'Planificacion y Desarrollo ', 'Analista', 'Permanente', '60000.00', '1028.63', '04', 2020),
(738, 'LEWIS', '', 'EMEREGILDO', 'Escuela Nacional de Migración', 'Aux. Administrativo/a', 'Permanente', '31500.00', '540.03', '04', 2020),
(739, 'PATRICIA', '', 'GARABITO', 'Escuela Nacional de Migración', 'Tecnico/a Curricular y Docente', 'Carrera Administrativa', '50000.00', '857.20', '04', 2020),
(740, 'YENNYFER', '', 'GENAO', 'Recursos Humanos', 'Encargada RRHH ', 'Permanente', '125000.00', '2142.99', '05', 2020),
(741, 'SOCRATES', '', 'MORENO', 'Recursos Humanos', 'Aux. de Nómina', 'Permanente', '49500.00', '848.62', '05', 2020),
(742, 'DESIREE', '', 'ALCANTARA', 'Planificacion y Desarrollo ', 'Enc. Interina', 'Permanente', '105000.00', '1800.11', '05', 2020),
(743, 'VICTOR', '', 'LUGO', 'Administrativo', 'Conserje', 'Permanente', '17600.00', '301.73', '05', 2020),
(744, 'JUANA', 'LARISSA', 'CROUSSIER', 'Recursos Humanos', 'Asistente RRHH', 'Permanente', '35000.00', '600.04', '05', 2020),
(745, 'JUAN', '', 'RODRIGUEZ', 'Administrativo', 'Chofer', 'Permanente', '33000.00', '565.75', '05', 2020),
(746, 'FLORINDA', '', 'ROJAS', 'Dirección Ejecutiva', 'Directora Ejecutiva', 'Permanente', '250000.00', '4285.98', '05', 2020),
(747, 'SUGEIL', '', 'SANCHEZ', 'Administrativo', 'Conserje', 'Permanente', '17600.00', '301.73', '05', 2020),
(748, 'MIGUELINA', '', 'ARIAS', 'Escuela Nacional de Migración', 'Coord. Centro de Documentación ', 'Carrera Administrativa', '60000.00', '1028.63', '05', 2020),
(749, 'PEDRO', '', 'RAMIREZ', 'Administrativo', 'Contador', 'Carrera Administrativa', '60000.00', '1028.63', '05', 2020),
(750, 'JESSICA', '', 'MORDECHAY', 'Comunicaciones', 'Relacionadora Publica', 'Permanente', '60000.00', '1028.63', '05', 2020),
(751, 'ANA', '', 'DIAZ', 'Dirección Ejecutiva', 'Asistente Ejecutiva', 'Permanente', '65000.00', '1114.35', '05', 2020),
(752, 'JOSE', 'ABRAHAM', 'PEREZ', 'Administrativo', 'Aux. Mantenimiento ', 'Permanente', '35000.00', '600.04', '05', 2020),
(753, 'DOMINGO', '', 'OGANDO', 'Administrativo', 'Conserje', 'Permanente', '17600.00', '301.73', '05', 2020),
(754, 'ALEJANDRINA', '', 'SANTIAGO', 'Relaciones Internacionales', 'Asistente', 'Permanente', '35000.00', '600.04', '05', 2020),
(755, 'AMARFI', '', 'PERALTA', 'Comunicaciones', 'Encargada Comunicaciones', 'Permanente', '105000.00', '1800.11', '05', 2020),
(756, 'REINA', '', 'BARTOLOME', 'Investigación', 'Analista', 'Permanente', '70000.00', '1200.07', '05', 2020),
(757, 'EVA', 'JOSEFINA', 'CONCEPCION', 'Dirección Ejecutiva', 'Asistente', 'Permanente', '49500.00', '848.62', '05', 2020),
(758, 'JUAN', '', 'POLANCO', 'Administrativo', 'Chofer', 'Permanente', '28875.00', '495.03', '05', 2020),
(759, 'MIGUEL', '', 'VALOY', 'Comunicaciones', 'Diseñador Grafico', 'Permanente', '44000.00', '754.33', '05', 2020),
(760, 'JULIO', 'GABRIEL', 'MARTINEZ', 'Administrativo', 'Camarero', 'Permanente', '23100.00', '396.02', '05', 2020),
(761, 'Abel', 'Eliezer', 'Mejia', 'Escuela Nacional de Migración', 'Soporte Informatico', 'Carrera Administrativa', '35000.00', '600.04', '05', 2020),
(762, 'RODOLFO', '', 'RIZIK', 'Escuela Nacional de Migración', 'Recepcionista', 'Permanente', '35000.00', '600.04', '05', 2020),
(763, 'DANIEL', '', 'MATEO', 'Administrativo', 'Soporte Informatico', 'Permanente', '50000.00', '857.20', '05', 2020),
(764, 'LISBETH', '', 'GARCIA', 'Escuela Nacional de Migración', 'Asistente Ejecutiva', 'Permanente', '40000.00', '685.76', '05', 2020),
(765, 'AIMARA', 'VERA', 'RIVERON', 'Comunicaciones', 'Coordinadora Publicaciones ', 'Permanente', '100000.00', '1714.39', '05', 2020),
(766, 'NURYS', '', 'MEDINA', 'Administrativo', 'Conserje', 'Permanente', '17600.00', '301.73', '05', 2020),
(767, 'ROCIO', 'DEL CARMEN', 'ACOSTA', 'Investigación', 'Analista', 'Carrera Administrativa', '70000.00', '1200.07', '05', 2020),
(768, 'JOSEFINA', '', 'BATISTA', 'Administrativo', 'Conserje', 'Permanente', '15400.00', '264.02', '05', 2020),
(769, 'MICHEL', 'PAOLA', 'MARTINEZ', 'Dirección Ejecutiva', 'Responsable Acceso a la Información', 'Carrera Administrativa', '55000.00', '942.91', '05', 2020),
(770, 'GERMANIA', '', 'ESTEVEZ', 'Investigación', 'Encargada de Investigación ', 'Carrera Administrativa', '150000.00', '2571.59', '05', 2020),
(771, 'JEOVANNY', 'TEJEDA', 'SUAREZ', 'Administrativo', 'Contador', 'Carrera Administrativa', '100000.00', '1714.39', '05', 2020),
(772, 'INGRID', '', 'SURIEL', 'Administrativo', 'Recepcionista', 'Permanente', '26250.00', '450.03', '05', 2020),
(773, 'FRANCISCO', '', 'LEONARDO', 'Investigación', 'Abogado', 'Permanente', '75000.00', '1285.79', '05', 2020),
(774, 'BIENVENIDO', '', 'BARRIENTOS', 'Investigación', 'Secretario', 'Permanente', '45000.00', '771.48', '05', 2020),
(775, 'SALVADOR', '', 'ALCANTARA', 'Administrativo', 'Chofer', 'Permanente', '26250.00', '450.03', '05', 2020),
(776, 'ELIZABETH', 'BATISTA', 'GARCIA', 'Escuela Nacional de Migración', 'Aux. Administrativo/a', 'Permanente', '31500.00', '540.03', '05', 2020),
(777, 'JEANNETT', '', 'CONCEPCION', 'Administrativo', 'Conserje', 'Permanente', '15400.00', '264.02', '05', 2020),
(778, 'ONICE', 'MARIEL', 'LALANE', 'Escuela Nacional de Migración', 'Coord. De Capacitación ', 'Carrera Administrativa', '70000.00', '1200.07', '05', 2020),
(779, 'ANDERSON', '', 'SANTANA', 'Investigación', 'Analista Investigación', 'Carrera Administrativa', '70000.00', '1200.07', '05', 2020),
(780, 'GINA', '', 'GALLARDO', 'Escuela Nacional de Migración', 'Encargada Escuela', 'Permanente', '150000.00', '2571.59', '05', 2020),
(781, 'YOKAIRY', '', 'PUJOLS', 'Escuela Nacional de Migración', 'Recepcionista', 'Permanente', '25000.00', '428.60', '05', 2020),
(782, 'NEWTON', '', 'SOTO', 'Administrativo', 'Mensajero', 'Permanente', '20000.00', '342.88', '05', 2020),
(783, 'YEISI', '', 'RAMIREZ', 'Planificacion y Desarrollo ', 'Analista', 'Permanente', '60000.00', '1028.63', '05', 2020),
(784, 'LEWIS', '', 'EMEREGILDO', 'Escuela Nacional de Migración', 'Aux. Administrativo/a', 'Permanente', '31500.00', '540.03', '05', 2020),
(785, 'PATRICIA', '', 'GARABITO', 'Escuela Nacional de Migración', 'Tecnico/a Curricular y Docente', 'Carrera Administrativa', '50000.00', '857.20', '05', 2020),
(786, 'FERNANDO', '', 'SUERO', 'Administrativo', 'Conserje', 'Permanente', '15400.00', '264.02', '05', 2020);

-- --------------------------------------------------------

--
-- Estructura de tabla para la tabla `paises`
--

CREATE TABLE `paises` (
  `id_pais` int(11) NOT NULL,
  `nombre` varchar(255) DEFAULT NULL,
  `abreviado` varchar(255) DEFAULT NULL
) ENGINE=InnoDB DEFAULT CHARSET=latin1;

--
-- Volcado de datos para la tabla `paises`
--

INSERT INTO `paises` (`id_pais`, `nombre`, `abreviado`) VALUES
(1, 'El Salvador', 'SV'),
(2, 'Nicaragua', 'NI'),
(3, 'Honduras', 'HN'),
(4, 'Estados Unidos', 'US'),
(5, 'Mexico', 'MX'),
(6, 'España', 'ES'),
(7, 'Costa Rica', 'CR'),
(8, 'Argentina', 'AR'),
(9, 'Colombia', 'CO'),
(10, 'Guatemala', 'GT'),
(11, 'Panama', 'PA'),
(12, 'Republica Dominicana', 'DO'),
(13, 'Belice', 'BZ'),
(14, 'Peru', 'PE'),
(15, 'Uruguay', 'UY');

-- --------------------------------------------------------

--
-- Estructura de tabla para la tabla `tienda`
--

CREATE TABLE `tienda` (
  `id_tienda` int(11) NOT NULL,
  `nombre` varchar(255) DEFAULT NULL
) ENGINE=InnoDB DEFAULT CHARSET=latin1;

--
-- Volcado de datos para la tabla `tienda`
--

INSERT INTO `tienda` (`id_tienda`, `nombre`) VALUES
(1, 'San Vicente'),
(2, 'Usulutan'),
(3, 'Santa Ana'),
(4, 'San Salvador'),
(5, 'San Miguel'),
(6, 'La Paz'),
(7, 'Chalatenango'),
(8, 'La Union'),
(9, 'Sonsonate'),
(10, 'La Libertad'),
(11, 'Morazan'),
(12, 'Cabañas'),
(13, 'Ahuachapan'),
(14, 'Cuscatlan');

-- --------------------------------------------------------

--
-- Estructura de tabla para la tabla `ventas`
--

CREATE TABLE `ventas` (
  `id_venta` int(11) NOT NULL,
  `id_cliente` int(11) DEFAULT NULL,
  `monto` decimal(10,2) DEFAULT NULL,
  `iva` decimal(10,2) DEFAULT NULL,
  `cesc` decimal(10,2) DEFAULT NULL,
  `costo` decimal(10,2) DEFAULT NULL,
  `estado` int(11) DEFAULT NULL,
  `forma_pago` int(11) DEFAULT NULL,
  `fecha` date DEFAULT NULL,
  `id_empleado` int(11) DEFAULT NULL,
  `hora_registro` time DEFAULT NULL,
  `tienda` int(11) DEFAULT NULL
) ENGINE=InnoDB DEFAULT CHARSET=latin1;

--
-- Volcado de datos para la tabla `ventas`
--

INSERT INTO `ventas` (`id_venta`, `id_cliente`, `monto`, `iva`, `cesc`, `costo`, `estado`, `forma_pago`, `fecha`, `id_empleado`, `hora_registro`, `tienda`) VALUES
(1, 55, '1472.00', '191.36', '73.60', '147.20', 2, 4, '2018-11-25', 3, '15:47:26', 8),
(2, 63, '852.00', '110.76', '42.60', '357.84', 1, 1, '2019-03-17', 4, '02:35:24', 7),
(3, 9, '441.00', '57.33', '22.05', '105.84', 3, 2, '2019-05-28', 2, '09:43:12', 3),
(4, 14, '1045.00', '135.85', '52.25', '355.30', 3, 1, '2015-11-20', 2, '03:25:46', 8),
(5, 105, '1897.00', '246.61', '94.85', '720.86', 3, 3, '2016-01-17', 9, '21:09:23', 3),
(6, 15, '772.00', '100.36', '38.60', '100.36', 2, 4, '2015-06-28', 1, '23:59:54', 5),
(7, 32, '1264.00', '164.32', '63.20', '606.72', 2, 4, '2019-05-27', 8, '17:12:05', 6),
(8, 24, '249.00', '32.37', '12.45', '72.21', 1, 3, '2016-10-15', 5, '04:28:18', 8),
(9, 64, '2391.00', '310.83', '119.55', '478.20', 1, 3, '2017-07-21', 4, '21:10:00', 1),
(10, 41, '1297.00', '168.61', '64.85', '635.53', 3, 3, '2017-06-11', 7, '23:27:56', 3),
(11, 37, '1154.00', '150.02', '57.70', '184.64', 1, 4, '2019-12-10', 2, '03:48:12', 3),
(12, 97, '1357.00', '176.41', '67.85', '284.97', 3, 4, '2017-04-09', 3, '16:49:17', 8),
(13, 62, '1972.00', '256.36', '98.60', '631.04', 2, 4, '2019-06-11', 10, '23:24:47', 2),
(14, 113, '998.00', '129.74', '49.90', '219.56', 1, 1, '2020-01-22', 8, '07:11:40', 1),
(15, 45, '2257.00', '293.41', '112.85', '857.66', 3, 4, '2018-10-31', 1, '19:49:52', 7),
(16, 94, '403.00', '52.39', '20.15', '60.45', 2, 4, '2018-10-09', 2, '00:08:30', 5),
(17, 68, '1493.00', '194.09', '74.65', '238.88', 2, 4, '2016-07-07', 4, '13:41:49', 8),
(18, 34, '1500.00', '195.00', '75.00', '465.00', 1, 1, '2018-02-18', 5, '02:22:09', 5),
(19, 59, '1109.00', '144.17', '55.45', '465.78', 3, 2, '2018-07-07', 4, '03:59:38', 3),
(20, 57, '1531.00', '199.03', '76.55', '244.96', 2, 1, '2015-03-29', 4, '00:45:38', 4),
(21, 122, '974.00', '126.62', '48.70', '126.62', 3, 2, '2019-02-24', 4, '18:59:16', 3),
(22, 106, '446.00', '57.98', '22.30', '223.00', 1, 2, '2019-03-20', 7, '17:39:11', 2),
(23, 85, '1230.00', '159.90', '61.50', '541.20', 3, 3, '2016-10-11', 2, '13:09:53', 4),
(24, 30, '717.00', '93.21', '35.85', '308.31', 3, 2, '2017-06-03', 5, '01:54:37', 1),
(25, 10, '78.00', '10.14', '3.90', '37.44', 2, 4, '2018-11-24', 10, '06:29:59', 8),
(26, 6, '1526.00', '198.38', '76.30', '289.94', 2, 1, '2019-05-11', 2, '19:26:52', 4),
(27, 23, '2054.00', '267.02', '102.70', '513.50', 3, 3, '2017-09-02', 9, '18:49:42', 5),
(28, 99, '1597.00', '207.61', '79.85', '399.25', 2, 1, '2016-05-18', 5, '10:45:36', 6),
(29, 43, '2321.00', '301.73', '116.05', '440.99', 1, 2, '2016-09-21', 1, '05:54:08', 7),
(30, 93, '1060.00', '137.80', '53.00', '180.20', 2, 4, '2019-08-24', 1, '16:55:29', 2),
(31, 2, '249.00', '32.37', '12.45', '114.54', 1, 2, '2018-05-24', 5, '19:53:32', 4),
(32, 17, '1494.00', '194.22', '74.70', '478.08', 3, 2, '2018-08-22', 9, '03:02:51', 8),
(33, 61, '157.00', '20.41', '7.85', '73.79', 1, 5, '2017-08-20', 9, '19:16:11', 7),
(34, 12, '2011.00', '261.43', '100.55', '201.10', 2, 1, '2015-08-15', 5, '08:46:08', 4),
(35, 86, '766.00', '99.58', '38.30', '76.60', 1, 4, '2016-04-20', 4, '18:41:03', 8),
(36, 52, '918.00', '119.34', '45.90', '348.84', 3, 3, '2015-11-21', 7, '06:55:34', 8),
(37, 22, '138.00', '17.94', '6.90', '34.50', 3, 4, '2020-01-03', 2, '22:02:09', 2),
(38, 19, '1148.00', '149.24', '57.40', '287.00', 3, 1, '2016-07-23', 5, '08:33:09', 6),
(39, 72, '107.00', '13.91', '5.35', '26.75', 2, 3, '2018-08-23', 4, '19:35:34', 4),
(40, 26, '757.00', '98.41', '37.85', '280.09', 2, 3, '2015-04-20', 6, '02:27:46', 4),
(41, 64, '1264.00', '164.32', '63.20', '492.96', 2, 1, '2016-08-04', 5, '00:29:52', 8),
(42, 119, '2202.00', '286.26', '110.10', '264.24', 3, 1, '2018-07-05', 2, '07:57:27', 7),
(43, 73, '2221.00', '288.73', '111.05', '932.82', 3, 3, '2016-09-08', 3, '17:51:03', 2),
(44, 31, '1166.00', '151.58', '58.30', '443.08', 2, 2, '2015-06-25', 7, '11:01:51', 4),
(45, 90, '1682.00', '218.66', '84.10', '723.26', 2, 1, '2019-08-18', 5, '18:23:15', 4),
(46, 66, '1447.00', '188.11', '72.35', '303.87', 1, 3, '2016-06-22', 6, '04:54:23', 7),
(47, 12, '1980.00', '257.40', '99.00', '217.80', 3, 2, '2018-01-23', 2, '08:48:44', 7),
(48, 32, '1376.00', '178.88', '68.80', '192.64', 1, 5, '2017-10-07', 2, '04:31:41', 5),
(49, 34, '1701.00', '221.13', '85.05', '357.21', 2, 5, '2015-05-01', 7, '10:41:01', 6),
(50, 31, '1062.00', '138.06', '53.10', '350.46', 2, 2, '2018-10-04', 8, '05:20:33', 5),
(51, 106, '1544.00', '200.72', '77.20', '617.60', 3, 1, '2016-11-01', 5, '16:35:02', 3),
(52, 86, '1197.00', '155.61', '59.85', '502.74', 1, 3, '2017-05-21', 7, '20:52:00', 5),
(53, 102, '652.00', '84.76', '32.60', '182.56', 1, 5, '2019-12-30', 4, '15:29:10', 4),
(54, 11, '1421.00', '184.73', '71.05', '397.88', 3, 1, '2017-04-28', 4, '06:44:37', 5),
(55, 109, '318.00', '41.34', '15.90', '114.48', 2, 5, '2019-10-03', 1, '15:18:24', 6),
(56, 49, '682.00', '88.66', '34.10', '320.54', 3, 4, '2018-02-09', 10, '04:26:19', 8),
(57, 48, '2060.00', '267.80', '103.00', '844.60', 2, 1, '2018-12-23', 1, '07:44:27', 2),
(58, 63, '2213.00', '287.69', '110.65', '995.85', 2, 5, '2019-10-01', 10, '09:17:00', 1),
(59, 47, '2104.00', '273.52', '105.20', '883.68', 3, 2, '2018-02-13', 7, '19:36:10', 3),
(60, 20, '2357.00', '306.41', '117.85', '966.37', 2, 2, '2019-10-01', 9, '08:23:30', 6),
(61, 93, '723.00', '93.99', '36.15', '93.99', 1, 3, '2015-09-29', 1, '02:05:48', 2),
(62, 58, '1094.00', '142.22', '54.70', '350.08', 2, 2, '2017-12-16', 1, '06:55:09', 5),
(63, 4, '878.00', '114.14', '43.90', '316.08', 1, 5, '2015-09-21', 10, '20:00:14', 5),
(64, 121, '1869.00', '242.97', '93.45', '710.22', 1, 5, '2019-12-02', 9, '03:26:16', 5),
(65, 3, '364.00', '47.32', '18.20', '40.04', 3, 1, '2015-07-20', 9, '05:47:54', 1),
(66, 45, '2056.00', '267.28', '102.80', '472.88', 2, 3, '2017-09-13', 8, '02:37:13', 8),
(67, 63, '120.00', '15.60', '6.00', '34.80', 1, 2, '2018-02-15', 8, '19:21:37', 1),
(68, 25, '1178.00', '153.14', '58.90', '506.54', 3, 3, '2019-11-08', 4, '05:57:29', 2),
(69, 23, '833.00', '108.29', '41.65', '124.95', 1, 1, '2017-02-14', 6, '20:20:06', 8),
(70, 1, '1142.00', '148.46', '57.10', '388.28', 3, 2, '2016-11-28', 2, '15:34:50', 3),
(71, 81, '347.00', '45.11', '17.35', '86.75', 2, 2, '2019-07-06', 1, '21:16:54', 7),
(72, 49, '1111.00', '144.43', '55.55', '377.74', 3, 1, '2018-01-17', 10, '08:15:24', 5),
(73, 11, '1044.00', '135.72', '52.20', '208.80', 3, 3, '2016-07-28', 6, '13:08:02', 6),
(74, 14, '1740.00', '226.20', '87.00', '643.80', 1, 2, '2018-11-01', 10, '15:06:16', 1),
(75, 42, '1780.00', '231.40', '89.00', '213.60', 2, 1, '2019-12-22', 7, '07:07:30', 3),
(76, 110, '1458.00', '189.54', '72.90', '393.66', 2, 3, '2017-11-22', 4, '03:39:18', 3),
(77, 82, '462.00', '60.06', '23.10', '166.32', 3, 1, '2016-12-14', 2, '06:31:21', 1),
(78, 22, '1494.00', '194.22', '74.70', '418.32', 2, 5, '2016-12-08', 9, '23:05:02', 8),
(79, 52, '1606.00', '208.78', '80.30', '738.76', 3, 3, '2016-01-16', 1, '04:12:30', 1),
(80, 87, '2128.00', '276.64', '106.40', '744.80', 3, 5, '2017-06-18', 9, '14:00:40', 2),
(81, 109, '1717.00', '223.21', '85.85', '583.78', 1, 3, '2016-12-03', 1, '02:07:11', 6),
(82, 69, '1613.00', '209.69', '80.65', '354.86', 3, 3, '2017-04-10', 6, '04:42:10', 8),
(83, 93, '1626.00', '211.38', '81.30', '243.90', 1, 1, '2015-08-16', 6, '18:50:16', 3),
(84, 70, '119.00', '15.47', '5.95', '34.51', 2, 4, '2017-12-28', 5, '08:02:09', 4),
(85, 86, '26.00', '3.38', '1.30', '12.48', 2, 4, '2016-12-30', 3, '13:01:15', 8),
(86, 44, '2035.00', '264.55', '101.75', '366.30', 2, 1, '2018-03-19', 4, '08:10:59', 8),
(87, 76, '1404.00', '182.52', '70.20', '308.88', 3, 1, '2020-01-22', 2, '22:53:40', 6),
(88, 29, '1445.00', '187.85', '72.25', '621.35', 1, 2, '2016-12-13', 1, '20:32:42', 1),
(89, 89, '711.00', '92.43', '35.55', '206.19', 1, 2, '2018-08-29', 7, '00:52:15', 7),
(90, 30, '2218.00', '288.34', '110.90', '887.20', 3, 3, '2015-03-21', 7, '19:21:00', 7),
(91, 18, '103.00', '13.39', '5.15', '50.47', 3, 5, '2015-03-16', 6, '14:51:23', 6),
(92, 79, '2146.00', '278.98', '107.30', '901.32', 1, 4, '2018-02-11', 1, '13:07:50', 8),
(93, 93, '2394.00', '311.22', '119.70', '646.38', 2, 5, '2016-03-27', 6, '11:45:33', 3),
(94, 44, '1542.00', '200.46', '77.10', '693.90', 1, 1, '2015-06-20', 3, '17:53:36', 1),
(95, 117, '2252.00', '292.76', '112.60', '270.24', 2, 2, '2015-11-15', 3, '11:54:09', 4),
(96, 73, '1755.00', '228.15', '87.75', '842.40', 2, 5, '2018-10-09', 6, '04:21:18', 5),
(97, 107, '1446.00', '187.98', '72.30', '332.58', 1, 3, '2015-05-26', 2, '16:37:55', 4),
(98, 47, '2243.00', '291.59', '112.15', '269.16', 3, 4, '2018-01-16', 1, '10:53:19', 7),
(99, 17, '1563.00', '203.19', '78.15', '203.19', 2, 1, '2018-01-03', 9, '18:45:08', 4),
(100, 58, '1038.00', '134.94', '51.90', '508.62', 1, 5, '2017-09-03', 10, '15:06:18', 4),
(101, 29, '1084.00', '140.92', '54.20', '314.36', 1, 3, '2017-04-10', 4, '14:42:42', 3),
(102, 76, '676.00', '87.88', '33.80', '67.60', 1, 3, '2019-08-10', 6, '07:56:19', 2),
(103, 32, '1029.00', '133.77', '51.45', '288.12', 1, 1, '2016-05-18', 5, '20:11:37', 8),
(104, 13, '1348.00', '175.24', '67.40', '256.12', 1, 5, '2019-06-11', 5, '01:39:21', 5),
(105, 71, '1268.00', '164.84', '63.40', '355.04', 2, 1, '2019-08-26', 10, '08:57:01', 3),
(106, 19, '1488.00', '193.44', '74.40', '193.44', 3, 5, '2017-07-25', 9, '00:04:01', 2),
(107, 31, '1583.00', '205.79', '79.15', '300.77', 1, 5, '2018-06-21', 3, '02:16:02', 5),
(108, 62, '1699.00', '220.87', '84.95', '594.65', 1, 2, '2015-10-04', 10, '13:09:33', 5),
(109, 8, '813.00', '105.69', '40.65', '276.42', 3, 4, '2016-05-09', 10, '22:13:14', 8),
(110, 48, '67.00', '8.71', '3.35', '9.38', 2, 3, '2016-12-29', 4, '05:50:21', 2),
(111, 67, '2133.00', '277.29', '106.65', '874.53', 3, 4, '2015-02-24', 7, '13:32:00', 2),
(112, 98, '2277.00', '296.01', '113.85', '1092.96', 3, 2, '2015-10-23', 5, '02:40:08', 2),
(113, 80, '1615.00', '209.95', '80.75', '549.10', 2, 2, '2019-02-03', 6, '12:53:59', 4),
(114, 35, '1658.00', '215.54', '82.90', '712.94', 3, 3, '2018-03-17', 10, '22:46:32', 1),
(115, 21, '999.00', '129.87', '49.95', '119.88', 3, 1, '2019-04-02', 5, '06:27:09', 1),
(116, 5, '1777.00', '231.01', '88.85', '888.50', 1, 5, '2018-04-02', 5, '03:12:26', 8),
(117, 40, '1739.00', '226.07', '86.95', '313.02', 3, 1, '2016-04-29', 2, '14:28:44', 7),
(118, 80, '2033.00', '264.29', '101.65', '243.96', 3, 1, '2019-05-16', 8, '15:05:12', 1),
(119, 46, '2159.00', '280.67', '107.95', '712.47', 3, 4, '2017-01-25', 6, '13:15:41', 2),
(120, 42, '876.00', '113.88', '43.80', '411.72', 2, 1, '2017-07-06', 5, '04:20:39', 3),
(121, 104, '2060.00', '267.80', '103.00', '350.20', 2, 5, '2016-05-31', 6, '18:34:40', 1),
(122, 67, '1673.00', '217.49', '83.65', '434.98', 3, 1, '2018-05-16', 1, '23:56:03', 2),
(123, 7, '2313.00', '300.69', '115.65', '832.68', 2, 5, '2018-08-08', 5, '10:39:53', 3),
(124, 8, '1505.00', '195.65', '75.25', '586.95', 3, 1, '2017-03-30', 10, '10:49:09', 8),
(125, 98, '1277.00', '166.01', '63.85', '625.73', 3, 3, '2017-08-14', 1, '05:49:22', 8),
(126, 70, '691.00', '89.83', '34.55', '255.67', 2, 1, '2019-08-30', 2, '18:39:31', 6),
(127, 48, '1015.00', '131.95', '50.75', '314.65', 3, 5, '2016-11-23', 4, '06:03:04', 8),
(128, 15, '2296.00', '298.48', '114.80', '1148.00', 1, 2, '2015-05-02', 4, '20:25:57', 2),
(129, 18, '1523.00', '197.99', '76.15', '380.75', 1, 1, '2018-04-20', 5, '18:06:39', 4),
(130, 103, '2249.00', '292.37', '112.45', '1079.52', 1, 2, '2016-09-12', 3, '11:30:23', 1),
(131, 81, '459.00', '59.67', '22.95', '156.06', 2, 2, '2019-02-21', 5, '10:55:00', 3),
(132, 28, '1783.00', '231.79', '89.15', '249.62', 2, 5, '2019-12-05', 3, '13:56:43', 4),
(133, 61, '354.00', '46.02', '17.70', '106.20', 3, 4, '2015-09-25', 1, '17:03:40', 4),
(134, 105, '972.00', '126.36', '48.60', '281.88', 2, 1, '2017-06-05', 4, '19:07:01', 2),
(135, 105, '2397.00', '311.61', '119.85', '719.10', 1, 1, '2017-08-08', 1, '10:23:21', 2),
(136, 121, '1719.00', '223.47', '85.95', '429.75', 3, 5, '2019-04-04', 4, '20:09:14', 3),
(137, 33, '1053.00', '136.89', '52.65', '231.66', 3, 2, '2016-06-22', 7, '08:14:59', 1),
(138, 23, '991.00', '128.83', '49.55', '118.92', 3, 1, '2017-02-13', 2, '19:24:43', 2),
(139, 97, '1949.00', '253.37', '97.45', '214.39', 3, 4, '2017-08-13', 9, '16:37:04', 8),
(140, 71, '229.00', '29.77', '11.45', '32.06', 3, 4, '2019-02-24', 9, '02:41:14', 1),
(141, 38, '1575.00', '204.75', '78.75', '173.25', 3, 1, '2018-04-21', 1, '11:34:52', 3),
(142, 51, '839.00', '109.07', '41.95', '310.43', 2, 2, '2019-06-09', 8, '06:02:15', 6),
(143, 37, '2280.00', '296.40', '114.00', '866.40', 3, 4, '2019-12-15', 1, '11:00:34', 2),
(144, 76, '1736.00', '225.68', '86.80', '711.76', 3, 5, '2015-08-25', 4, '11:40:19', 6),
(145, 67, '1351.00', '175.63', '67.55', '391.79', 1, 2, '2018-03-20', 3, '06:29:26', 5),
(146, 2, '2189.00', '284.57', '109.45', '831.82', 1, 5, '2019-01-30', 8, '04:55:33', 8),
(147, 13, '1428.00', '185.64', '71.40', '471.24', 1, 4, '2019-08-02', 10, '00:45:31', 4),
(148, 12, '1276.00', '165.88', '63.80', '382.80', 2, 3, '2017-02-02', 6, '07:29:41', 4),
(149, 72, '562.00', '73.06', '28.10', '224.80', 3, 2, '2019-06-22', 7, '10:46:47', 3),
(150, 87, '1568.00', '203.84', '78.40', '376.32', 2, 1, '2015-07-03', 10, '12:35:42', 2),
(151, 57, '2215.00', '287.95', '110.75', '354.40', 1, 1, '2017-01-23', 8, '18:10:02', 1),
(152, 31, '1839.00', '239.07', '91.95', '275.85', 1, 5, '2015-01-30', 10, '15:28:43', 5),
(153, 108, '91.00', '11.83', '4.55', '27.30', 1, 3, '2018-08-12', 10, '12:57:51', 7),
(154, 83, '2336.00', '303.68', '116.80', '1027.84', 1, 3, '2015-07-19', 10, '05:40:44', 3),
(155, 62, '405.00', '52.65', '20.25', '97.20', 1, 3, '2015-04-09', 8, '21:29:12', 7),
(156, 94, '237.00', '30.81', '11.85', '59.25', 2, 1, '2016-03-19', 8, '22:49:43', 4),
(157, 58, '1747.00', '227.11', '87.35', '559.04', 2, 5, '2017-06-11', 3, '16:07:16', 2),
(158, 18, '2280.00', '296.40', '114.00', '456.00', 3, 3, '2019-03-27', 8, '10:48:54', 5),
(159, 112, '2106.00', '273.78', '105.30', '800.28', 1, 4, '2015-04-22', 3, '00:03:59', 7),
(160, 87, '1931.00', '251.03', '96.55', '830.33', 1, 4, '2016-01-11', 6, '13:53:59', 7),
(161, 91, '2162.00', '281.06', '108.10', '908.04', 3, 2, '2016-07-07', 6, '12:04:06', 1),
(162, 8, '1017.00', '132.21', '50.85', '274.59', 3, 4, '2019-06-11', 9, '18:38:31', 5),
(163, 72, '1689.00', '219.57', '84.45', '844.50', 3, 1, '2015-10-06', 5, '14:47:06', 7),
(164, 11, '1307.00', '169.91', '65.35', '627.36', 3, 5, '2017-07-25', 10, '04:01:34', 4),
(165, 72, '1620.00', '210.60', '81.00', '567.00', 1, 3, '2017-11-16', 4, '12:32:29', 4),
(166, 60, '770.00', '100.10', '38.50', '154.00', 1, 3, '2015-02-10', 6, '07:22:00', 8),
(167, 51, '980.00', '127.40', '49.00', '372.40', 3, 3, '2015-09-02', 7, '20:47:24', 3),
(168, 35, '836.00', '108.68', '41.80', '225.72', 2, 2, '2015-09-17', 5, '03:05:04', 7),
(169, 111, '1802.00', '234.26', '90.10', '594.66', 2, 3, '2015-10-14', 7, '17:44:18', 2),
(170, 3, '2218.00', '288.34', '110.90', '709.76', 1, 3, '2019-07-28', 8, '20:11:12', 5),
(171, 107, '203.00', '26.39', '10.15', '83.23', 1, 3, '2016-08-12', 10, '06:21:01', 3),
(172, 86, '1905.00', '247.65', '95.25', '609.60', 1, 5, '2016-01-08', 1, '22:53:20', 6),
(173, 64, '1963.00', '255.19', '98.15', '569.27', 1, 5, '2015-07-18', 5, '19:33:52', 1),
(174, 6, '1014.00', '131.82', '50.70', '436.02', 1, 4, '2016-09-15', 6, '03:07:25', 7),
(175, 40, '2280.00', '296.40', '114.00', '524.40', 2, 2, '2018-07-23', 5, '01:31:02', 7),
(176, 2, '399.00', '51.87', '19.95', '195.51', 3, 2, '2016-11-07', 9, '11:35:49', 5),
(177, 25, '2254.00', '293.02', '112.70', '495.88', 3, 1, '2018-03-10', 9, '22:51:49', 4),
(178, 3, '1043.00', '135.59', '52.15', '375.48', 3, 1, '2018-12-31', 3, '12:10:28', 8),
(179, 3, '216.00', '28.08', '10.80', '62.64', 3, 1, '2015-12-30', 6, '11:30:59', 1),
(180, 34, '2166.00', '281.58', '108.30', '931.38', 1, 5, '2019-03-21', 6, '08:05:55', 1),
(181, 17, '2374.00', '308.62', '118.70', '308.62', 3, 4, '2018-05-28', 5, '16:09:56', 1),
(182, 97, '1981.00', '257.53', '99.05', '633.92', 2, 3, '2017-08-07', 6, '21:12:21', 3),
(183, 84, '1478.00', '192.14', '73.90', '280.82', 3, 4, '2017-12-03', 5, '10:52:10', 5),
(184, 83, '2213.00', '287.69', '110.65', '575.38', 1, 3, '2018-07-07', 7, '05:23:33', 3),
(185, 47, '1706.00', '221.78', '85.30', '443.56', 2, 1, '2018-04-12', 4, '11:51:37', 7),
(186, 63, '2373.00', '308.49', '118.65', '569.52', 3, 1, '2017-02-24', 6, '11:48:44', 8),
(187, 114, '204.00', '26.52', '10.20', '85.68', 1, 1, '2016-08-06', 9, '10:05:26', 5),
(188, 115, '2191.00', '284.83', '109.55', '525.84', 2, 5, '2019-09-19', 3, '13:25:11', 5),
(189, 101, '1977.00', '257.01', '98.85', '691.95', 3, 1, '2015-11-12', 9, '14:38:57', 3),
(190, 75, '1075.00', '139.75', '53.75', '279.50', 3, 5, '2016-01-21', 7, '06:52:37', 2),
(191, 71, '1999.00', '259.87', '99.95', '659.67', 1, 5, '2018-01-04', 10, '05:35:15', 5),
(192, 71, '2149.00', '279.37', '107.45', '666.19', 2, 5, '2019-06-26', 6, '21:13:20', 4),
(193, 28, '1640.00', '213.20', '82.00', '672.40', 1, 4, '2015-06-15', 3, '22:21:31', 7),
(194, 86, '2119.00', '275.47', '105.95', '550.94', 3, 4, '2018-03-06', 3, '07:44:39', 1),
(195, 13, '1929.00', '250.77', '96.45', '405.09', 1, 1, '2019-07-14', 8, '20:58:18', 1),
(196, 60, '2175.00', '282.75', '108.75', '891.75', 3, 3, '2019-09-18', 9, '13:41:49', 7),
(197, 112, '1833.00', '238.29', '91.65', '531.57', 2, 5, '2017-12-23', 5, '14:36:09', 1),
(198, 122, '604.00', '78.52', '30.20', '283.88', 3, 2, '2016-10-10', 10, '22:15:34', 6),
(199, 111, '30.00', '3.90', '1.50', '9.00', 2, 1, '2017-08-29', 8, '06:34:28', 4),
(200, 73, '949.00', '123.37', '47.45', '132.86', 1, 3, '2018-07-25', 3, '20:07:32', 2),
(201, 32, '2305.00', '299.65', '115.25', '760.65', 1, 2, '2019-04-10', 6, '02:15:15', 5),
(202, 121, '1220.00', '158.60', '61.00', '195.20', 2, 4, '2016-12-02', 4, '01:00:15', 5),
(203, 71, '2363.00', '307.19', '118.15', '1086.98', 3, 2, '2015-09-07', 8, '00:53:55', 1),
(204, 86, '2353.00', '305.89', '117.65', '917.67', 3, 2, '2017-02-28', 9, '15:10:53', 5),
(205, 57, '175.00', '22.75', '8.75', '71.75', 3, 2, '2019-11-05', 1, '01:48:11', 5),
(206, 103, '1252.00', '162.76', '62.60', '212.84', 1, 1, '2018-08-13', 1, '13:15:59', 3),
(207, 54, '104.00', '13.52', '5.20', '39.52', 1, 3, '2015-02-08', 2, '21:06:18', 5),
(208, 86, '171.00', '22.23', '8.55', '41.04', 2, 2, '2015-03-29', 9, '16:13:20', 5),
(209, 110, '708.00', '92.04', '35.40', '332.76', 3, 1, '2019-03-09', 2, '17:59:56', 7),
(210, 86, '1522.00', '197.86', '76.10', '197.86', 3, 3, '2016-02-26', 6, '21:15:51', 6),
(211, 13, '1364.00', '177.32', '68.20', '245.52', 3, 5, '2016-05-19', 9, '17:56:19', 4),
(212, 88, '838.00', '108.94', '41.90', '175.98', 3, 5, '2016-01-20', 2, '17:45:34', 1),
(213, 109, '2227.00', '289.51', '111.35', '267.24', 1, 5, '2019-01-16', 1, '07:55:18', 3),
(214, 102, '1419.00', '184.47', '70.95', '539.22', 1, 3, '2017-10-19', 5, '18:00:30', 8),
(215, 77, '899.00', '116.87', '44.95', '125.86', 1, 1, '2016-02-22', 9, '01:28:29', 6),
(216, 95, '241.00', '31.33', '12.05', '24.10', 1, 4, '2017-03-10', 2, '13:16:10', 3),
(217, 52, '1958.00', '254.54', '97.90', '724.46', 2, 4, '2018-09-30', 4, '17:46:04', 1),
(218, 62, '1669.00', '216.97', '83.45', '267.04', 1, 4, '2019-07-21', 2, '02:22:01', 4),
(219, 37, '1510.00', '196.30', '75.50', '317.10', 1, 4, '2019-07-12', 5, '00:26:37', 1),
(220, 33, '2032.00', '264.16', '101.60', '934.72', 3, 5, '2018-11-22', 6, '07:43:37', 1),
(221, 106, '1481.00', '192.53', '74.05', '518.35', 2, 3, '2018-06-16', 1, '06:31:03', 4),
(222, 74, '822.00', '106.86', '41.10', '378.12', 1, 4, '2017-07-30', 10, '01:02:28', 7),
(223, 69, '2121.00', '275.73', '106.05', '615.09', 1, 1, '2018-01-04', 5, '23:04:08', 8),
(224, 16, '1937.00', '251.81', '96.85', '271.18', 1, 3, '2016-06-01', 6, '18:15:42', 2),
(225, 115, '2138.00', '277.94', '106.90', '320.70', 2, 5, '2019-08-17', 4, '10:07:45', 4),
(226, 25, '57.00', '7.41', '2.85', '18.81', 1, 1, '2019-10-25', 8, '18:29:26', 8),
(227, 18, '171.00', '22.23', '8.55', '25.65', 3, 3, '2015-01-22', 4, '21:30:01', 6),
(228, 19, '1393.00', '181.09', '69.65', '696.50', 3, 5, '2018-08-16', 1, '11:15:33', 1),
(229, 96, '1337.00', '173.81', '66.85', '374.36', 2, 5, '2019-05-22', 10, '19:04:47', 3),
(230, 107, '1189.00', '154.57', '59.45', '582.61', 3, 2, '2016-07-12', 10, '10:52:17', 7),
(231, 93, '2104.00', '273.52', '105.20', '715.36', 3, 4, '2017-12-28', 6, '08:39:27', 6),
(232, 29, '26.00', '3.38', '1.30', '6.50', 2, 2, '2018-05-12', 4, '22:23:49', 8),
(233, 114, '1337.00', '173.81', '66.85', '254.03', 2, 3, '2019-04-12', 6, '19:04:18', 3),
(234, 58, '1757.00', '228.41', '87.85', '808.22', 2, 1, '2015-10-12', 9, '07:37:24', 7),
(235, 103, '302.00', '39.26', '15.10', '120.80', 1, 5, '2015-07-26', 3, '05:00:11', 2),
(236, 85, '1526.00', '198.38', '76.30', '686.70', 2, 1, '2018-09-22', 8, '10:24:14', 7),
(237, 90, '1415.00', '183.95', '70.75', '509.40', 3, 1, '2017-07-16', 4, '09:50:04', 8),
(238, 100, '768.00', '99.84', '38.40', '199.68', 2, 3, '2017-09-03', 3, '01:24:08', 8),
(239, 33, '866.00', '112.58', '43.30', '311.76', 2, 2, '2016-01-07', 1, '08:30:51', 1),
(240, 84, '911.00', '118.43', '45.55', '282.41', 1, 1, '2018-12-06', 4, '23:51:31', 4),
(241, 71, '1048.00', '136.24', '52.40', '482.08', 2, 3, '2019-10-27', 8, '01:13:10', 4),
(242, 122, '2027.00', '263.51', '101.35', '668.91', 1, 1, '2017-01-04', 1, '17:42:12', 5),
(243, 14, '1843.00', '239.59', '92.15', '866.21', 3, 2, '2019-06-08', 7, '16:17:30', 4),
(244, 55, '2229.00', '289.77', '111.45', '312.06', 1, 1, '2018-12-05', 5, '18:46:50', 6),
(245, 48, '352.00', '45.76', '17.60', '73.92', 2, 3, '2017-10-11', 10, '08:22:39', 5),
(246, 24, '979.00', '127.27', '48.95', '195.80', 1, 5, '2015-12-11', 7, '23:52:58', 4),
(247, 52, '660.00', '85.80', '33.00', '224.40', 3, 3, '2017-03-30', 1, '15:18:16', 3),
(248, 4, '962.00', '125.06', '48.10', '230.88', 1, 3, '2015-03-17', 1, '17:35:05', 2),
(249, 58, '1869.00', '242.97', '93.45', '523.32', 3, 4, '2018-10-16', 7, '16:46:32', 2),
(250, 58, '1473.00', '191.49', '73.65', '235.68', 2, 5, '2018-09-27', 2, '00:47:10', 2),
(251, 63, '73.00', '9.49', '3.65', '28.47', 2, 2, '2015-07-15', 7, '06:42:48', 6),
(252, 37, '347.00', '45.11', '17.35', '58.99', 1, 2, '2017-11-04', 1, '06:20:45', 2),
(253, 47, '1921.00', '249.73', '96.05', '211.31', 3, 3, '2017-11-14', 8, '18:18:52', 8),
(254, 41, '463.00', '60.19', '23.15', '125.01', 3, 4, '2019-10-31', 7, '01:12:27', 8),
(255, 119, '1321.00', '171.73', '66.05', '145.31', 2, 1, '2017-03-18', 1, '17:58:37', 2),
(256, 7, '1649.00', '214.37', '82.45', '214.37', 1, 5, '2019-10-11', 1, '03:37:55', 1),
(257, 72, '1273.00', '165.49', '63.65', '292.79', 3, 2, '2016-05-25', 2, '04:44:22', 7),
(258, 47, '944.00', '122.72', '47.20', '113.28', 1, 3, '2018-04-01', 2, '18:25:52', 8),
(259, 92, '786.00', '102.18', '39.30', '188.64', 1, 4, '2017-06-21', 7, '17:39:32', 3),
(260, 75, '1441.00', '187.33', '72.05', '288.20', 3, 3, '2015-11-08', 1, '16:26:55', 6),
(261, 46, '249.00', '32.37', '12.45', '74.70', 1, 1, '2015-02-13', 1, '16:44:21', 6),
(262, 85, '1553.00', '201.89', '77.65', '186.36', 2, 4, '2018-06-18', 9, '22:51:14', 3),
(263, 37, '1796.00', '233.48', '89.80', '844.12', 2, 5, '2019-04-30', 2, '11:36:11', 3),
(264, 115, '1612.00', '209.56', '80.60', '693.16', 2, 2, '2017-12-15', 5, '07:28:50', 2),
(265, 33, '1223.00', '158.99', '61.15', '464.74', 2, 5, '2019-06-09', 7, '10:13:05', 6),
(266, 91, '2106.00', '273.78', '105.30', '1031.94', 1, 3, '2015-04-09', 5, '11:55:04', 1),
(267, 89, '23.00', '2.99', '1.15', '11.50', 2, 4, '2017-08-13', 3, '01:25:41', 7),
(268, 56, '845.00', '109.85', '42.25', '126.75', 1, 4, '2019-10-11', 5, '04:35:44', 4),
(269, 27, '633.00', '82.29', '31.65', '151.92', 2, 1, '2019-02-11', 10, '04:49:01', 6),
(270, 74, '161.00', '20.93', '8.05', '67.62', 1, 3, '2015-08-29', 5, '08:12:24', 3),
(271, 41, '1842.00', '239.46', '92.10', '644.70', 3, 3, '2017-03-10', 7, '18:22:28', 1),
(272, 51, '2002.00', '260.26', '100.10', '200.20', 1, 3, '2016-07-19', 8, '10:58:41', 3),
(273, 79, '1868.00', '242.84', '93.40', '205.48', 1, 4, '2015-02-17', 2, '20:05:14', 6),
(274, 108, '1170.00', '152.10', '58.50', '538.20', 3, 2, '2016-03-04', 6, '20:47:23', 3),
(275, 6, '420.00', '54.60', '21.00', '151.20', 3, 3, '2016-10-16', 6, '23:12:00', 5),
(276, 23, '2054.00', '267.02', '102.70', '225.94', 1, 3, '2017-09-23', 6, '19:36:22', 8),
(277, 5, '1620.00', '210.60', '81.00', '372.60', 1, 4, '2018-03-27', 4, '10:14:33', 1),
(278, 115, '2320.00', '301.60', '116.00', '580.00', 1, 3, '2019-11-01', 9, '17:11:07', 2),
(279, 6, '587.00', '76.31', '29.35', '111.53', 2, 4, '2017-06-17', 2, '09:34:20', 1),
(280, 35, '1634.00', '212.42', '81.70', '751.64', 1, 2, '2018-06-10', 1, '19:14:18', 5),
(281, 94, '419.00', '54.47', '20.95', '104.75', 1, 5, '2017-05-30', 10, '18:56:36', 5),
(282, 103, '1587.00', '206.31', '79.35', '365.01', 2, 3, '2017-04-17', 7, '15:18:13', 1),
(283, 53, '1129.00', '146.77', '56.45', '338.70', 2, 2, '2018-12-09', 5, '03:14:26', 1),
(284, 5, '668.00', '86.84', '33.40', '100.20', 3, 3, '2017-01-26', 1, '07:46:47', 1),
(285, 40, '1753.00', '227.89', '87.65', '385.66', 2, 2, '2018-04-15', 1, '00:42:26', 5),
(286, 97, '1304.00', '169.52', '65.20', '456.40', 3, 2, '2019-04-03', 8, '12:17:56', 7),
(287, 65, '1241.00', '161.33', '62.05', '322.66', 1, 3, '2017-11-05', 9, '10:41:50', 8),
(288, 96, '1825.00', '237.25', '91.25', '748.25', 3, 4, '2016-07-18', 4, '04:26:52', 2),
(289, 61, '168.00', '21.84', '8.40', '67.20', 2, 4, '2018-06-04', 7, '07:51:43', 8),
(290, 34, '1578.00', '205.14', '78.90', '205.14', 1, 3, '2015-03-31', 7, '23:17:07', 4),
(291, 69, '1662.00', '216.06', '83.10', '265.92', 1, 3, '2017-08-26', 1, '15:47:45', 6),
(292, 5, '1955.00', '254.15', '97.75', '273.70', 2, 1, '2019-06-04', 5, '14:48:35', 7),
(293, 116, '985.00', '128.05', '49.25', '246.25', 1, 2, '2019-12-18', 3, '14:46:57', 3),
(294, 78, '224.00', '29.12', '11.20', '98.56', 1, 2, '2019-07-21', 10, '01:15:02', 1),
(295, 102, '824.00', '107.12', '41.20', '288.40', 1, 4, '2019-10-08', 8, '14:01:47', 2),
(296, 97, '993.00', '129.09', '49.65', '178.74', 3, 1, '2016-04-28', 5, '08:50:01', 5),
(297, 107, '1456.00', '189.28', '72.80', '174.72', 1, 4, '2019-03-24', 10, '17:32:47', 1),
(298, 68, '923.00', '119.99', '46.15', '258.44', 1, 5, '2019-01-13', 2, '21:01:34', 1),
(299, 45, '1503.00', '195.39', '75.15', '300.60', 2, 3, '2016-06-05', 9, '04:18:33', 6),
(300, 42, '1165.00', '151.45', '58.25', '396.10', 1, 3, '2018-07-09', 9, '10:03:45', 7),
(301, 117, '1903.00', '247.39', '95.15', '608.96', 3, 5, '2019-06-26', 7, '13:41:58', 2),
(302, 20, '710.00', '92.30', '35.50', '319.50', 3, 1, '2017-05-15', 10, '23:41:29', 1),
(303, 102, '1529.00', '198.77', '76.45', '351.67', 3, 3, '2016-07-29', 9, '21:36:59', 2),
(304, 68, '930.00', '120.90', '46.50', '176.70', 1, 1, '2018-10-03', 4, '11:28:52', 5),
(305, 44, '402.00', '52.26', '20.10', '184.92', 2, 2, '2017-09-10', 8, '17:51:52', 5),
(306, 108, '2094.00', '272.22', '104.70', '607.26', 2, 4, '2015-02-15', 6, '04:12:45', 4),
(307, 31, '1002.00', '130.26', '50.10', '420.84', 3, 4, '2019-11-30', 9, '20:34:25', 3),
(308, 120, '1943.00', '252.59', '97.15', '272.02', 2, 1, '2015-08-22', 6, '21:30:31', 1),
(309, 94, '2167.00', '281.71', '108.35', '975.15', 3, 2, '2018-10-29', 2, '03:35:23', 2),
(310, 27, '2345.00', '304.85', '117.25', '515.90', 3, 1, '2018-05-09', 1, '14:50:10', 1),
(311, 21, '1993.00', '259.09', '99.65', '876.92', 1, 5, '2019-12-08', 8, '10:07:07', 8),
(312, 108, '162.00', '21.06', '8.10', '63.18', 3, 2, '2015-04-24', 6, '09:13:32', 7),
(313, 10, '379.00', '49.27', '18.95', '56.85', 1, 2, '2018-03-05', 8, '04:28:48', 3),
(314, 90, '1509.00', '196.17', '75.45', '754.50', 1, 4, '2015-05-14', 5, '16:51:35', 4),
(315, 37, '571.00', '74.23', '28.55', '85.65', 2, 5, '2018-11-17', 10, '03:29:20', 8),
(316, 104, '48.00', '6.24', '2.40', '17.28', 1, 1, '2018-10-16', 3, '15:41:11', 2),
(317, 86, '725.00', '94.25', '36.25', '101.50', 1, 4, '2017-08-04', 1, '01:42:25', 8),
(318, 120, '1373.00', '178.49', '68.65', '274.60', 2, 2, '2016-07-30', 8, '22:45:53', 7),
(319, 104, '1353.00', '175.89', '67.65', '649.44', 2, 5, '2018-06-01', 8, '14:52:46', 2),
(320, 98, '1370.00', '178.10', '68.50', '397.30', 2, 4, '2015-08-06', 1, '08:19:36', 5),
(321, 12, '1193.00', '155.09', '59.65', '357.90', 1, 4, '2018-08-20', 3, '02:34:31', 2),
(322, 79, '531.00', '69.03', '26.55', '153.99', 3, 4, '2017-04-18', 6, '18:42:08', 1),
(323, 2, '1429.00', '185.77', '71.45', '714.50', 3, 4, '2015-07-31', 1, '03:13:39', 4),
(324, 96, '179.00', '23.27', '8.95', '39.38', 1, 1, '2015-02-09', 10, '20:48:50', 1),
(325, 96, '1898.00', '246.74', '94.90', '930.02', 2, 5, '2019-09-12', 4, '03:47:38', 6),
(326, 40, '1934.00', '251.42', '96.70', '599.54', 3, 2, '2015-01-22', 10, '15:10:02', 4),
(327, 69, '2034.00', '264.42', '101.70', '488.16', 3, 5, '2016-11-08', 9, '02:27:17', 6),
(328, 107, '619.00', '80.47', '30.95', '129.99', 3, 3, '2016-07-18', 10, '18:53:45', 7),
(329, 9, '557.00', '72.41', '27.85', '100.26', 3, 2, '2019-11-26', 4, '17:00:35', 3),
(330, 35, '996.00', '129.48', '49.80', '268.92', 2, 5, '2015-07-18', 1, '05:29:26', 5),
(331, 14, '1655.00', '215.15', '82.75', '513.05', 3, 3, '2015-08-31', 4, '09:27:28', 8),
(332, 36, '1578.00', '205.14', '78.90', '710.10', 1, 3, '2016-03-09', 6, '00:15:03', 3),
(333, 45, '43.00', '5.59', '2.15', '19.78', 3, 3, '2017-10-25', 5, '06:20:15', 3),
(334, 121, '1436.00', '186.68', '71.80', '631.84', 3, 4, '2019-01-16', 7, '05:41:08', 6),
(335, 117, '903.00', '117.39', '45.15', '334.11', 3, 1, '2017-05-25', 9, '14:04:13', 5),
(336, 105, '1177.00', '153.01', '58.85', '529.65', 3, 2, '2018-10-25', 7, '12:53:57', 3),
(337, 21, '1016.00', '132.08', '50.80', '375.92', 2, 4, '2015-11-18', 4, '14:14:36', 2),
(338, 23, '2319.00', '301.47', '115.95', '765.27', 1, 4, '2016-04-17', 4, '16:37:35', 1),
(339, 66, '929.00', '120.77', '46.45', '334.44', 3, 5, '2019-05-19', 7, '23:21:08', 2),
(340, 32, '1883.00', '244.79', '94.15', '828.52', 2, 2, '2016-08-31', 7, '21:47:40', 6),
(341, 47, '638.00', '82.94', '31.90', '223.30', 3, 1, '2019-07-14', 2, '20:34:12', 1),
(342, 58, '1480.00', '192.40', '74.00', '444.00', 1, 3, '2019-05-30', 7, '07:50:29', 7),
(343, 111, '213.00', '27.69', '10.65', '51.12', 3, 1, '2018-02-09', 1, '06:59:11', 8),
(344, 101, '318.00', '41.34', '15.90', '130.38', 2, 2, '2019-04-28', 2, '22:52:43', 4),
(345, 41, '1099.00', '142.87', '54.95', '483.56', 3, 5, '2017-06-19', 7, '19:43:51', 8),
(346, 26, '697.00', '90.61', '34.85', '111.52', 1, 5, '2017-04-12', 9, '19:48:58', 8),
(347, 93, '1863.00', '242.19', '93.15', '801.09', 1, 2, '2018-08-03', 9, '13:22:42', 7),
(348, 61, '1360.00', '176.80', '68.00', '544.00', 3, 4, '2017-05-05', 3, '09:08:48', 3),
(349, 88, '1161.00', '150.93', '58.05', '290.25', 2, 2, '2019-12-24', 4, '03:57:56', 1),
(350, 9, '375.00', '48.75', '18.75', '93.75', 3, 1, '2019-10-24', 6, '09:23:05', 8),
(351, 13, '641.00', '83.33', '32.05', '301.27', 2, 3, '2015-01-06', 2, '09:24:29', 4),
(352, 30, '592.00', '76.96', '29.60', '248.64', 3, 4, '2017-10-10', 3, '17:18:40', 5),
(353, 94, '1447.00', '188.11', '72.35', '535.39', 2, 4, '2016-10-12', 5, '21:15:42', 8),
(354, 103, '378.00', '49.14', '18.90', '105.84', 2, 4, '2018-03-08', 6, '11:40:56', 7),
(355, 37, '550.00', '71.50', '27.50', '247.50', 2, 2, '2018-10-15', 4, '23:05:21', 7),
(356, 6, '637.00', '82.81', '31.85', '273.91', 3, 1, '2016-05-14', 10, '13:23:35', 7),
(357, 73, '1057.00', '137.41', '52.85', '401.66', 1, 4, '2015-10-16', 7, '10:32:20', 1),
(358, 61, '932.00', '121.16', '46.60', '121.16', 2, 4, '2017-06-17', 7, '05:27:27', 2),
(359, 12, '1182.00', '153.66', '59.10', '472.80', 2, 1, '2016-01-04', 4, '18:56:47', 2),
(360, 87, '398.00', '51.74', '19.90', '71.64', 2, 3, '2018-09-23', 8, '21:29:36', 8),
(361, 89, '1064.00', '138.32', '53.20', '266.00', 1, 5, '2018-11-21', 3, '13:16:41', 4),
(362, 30, '446.00', '57.98', '22.30', '209.62', 1, 1, '2015-02-24', 4, '14:14:14', 3),
(363, 115, '1592.00', '206.96', '79.60', '350.24', 1, 4, '2016-06-16', 10, '19:56:33', 5),
(364, 97, '334.00', '43.42', '16.70', '36.74', 3, 1, '2015-04-26', 7, '00:26:34', 2),
(365, 37, '2341.00', '304.33', '117.05', '983.22', 1, 2, '2018-05-27', 8, '04:03:34', 3),
(366, 44, '1935.00', '251.55', '96.75', '890.10', 2, 4, '2019-07-09', 10, '14:28:35', 4),
(367, 57, '428.00', '55.64', '21.40', '179.76', 3, 3, '2018-08-04', 2, '22:47:37', 4),
(368, 20, '1327.00', '172.51', '66.35', '252.13', 1, 5, '2018-11-04', 9, '05:50:18', 1),
(369, 4, '2133.00', '277.29', '106.65', '447.93', 3, 1, '2018-04-10', 3, '23:56:27', 3),
(370, 105, '2126.00', '276.38', '106.30', '722.84', 3, 4, '2015-03-09', 9, '02:47:38', 4),
(371, 20, '1690.00', '219.70', '84.50', '371.80', 3, 1, '2019-05-02', 10, '02:51:34', 8),
(372, 34, '2325.00', '302.25', '116.25', '627.75', 1, 2, '2019-12-06', 3, '16:31:12', 1),
(373, 68, '682.00', '88.66', '34.10', '163.68', 3, 1, '2015-05-13', 3, '09:45:58', 8),
(374, 52, '1489.00', '193.57', '74.45', '372.25', 1, 1, '2017-10-31', 3, '00:06:11', 5),
(375, 38, '2074.00', '269.62', '103.70', '373.32', 2, 1, '2016-01-29', 6, '14:02:29', 6),
(376, 99, '1741.00', '226.33', '87.05', '644.17', 2, 4, '2016-06-01', 1, '13:31:24', 1),
(377, 42, '549.00', '71.37', '27.45', '252.54', 2, 3, '2016-07-09', 4, '22:30:29', 5),
(378, 105, '2262.00', '294.06', '113.10', '678.60', 2, 4, '2019-02-03', 6, '06:12:53', 3),
(379, 90, '617.00', '80.21', '30.85', '240.63', 1, 4, '2017-10-07', 7, '18:27:06', 4),
(380, 84, '528.00', '68.64', '26.40', '253.44', 2, 4, '2018-06-24', 5, '21:53:44', 1),
(381, 5, '1105.00', '143.65', '55.25', '132.60', 1, 1, '2016-04-17', 1, '05:40:08', 1),
(382, 92, '1647.00', '214.11', '82.35', '724.68', 1, 4, '2015-06-03', 5, '18:43:39', 5),
(383, 36, '114.00', '14.82', '5.70', '52.44', 3, 3, '2015-01-12', 10, '03:44:10', 2),
(384, 47, '369.00', '47.97', '18.45', '99.63', 2, 2, '2019-07-17', 7, '20:10:28', 6),
(385, 37, '369.00', '47.97', '18.45', '154.98', 3, 3, '2016-02-05', 4, '17:52:16', 4),
(386, 31, '1924.00', '250.12', '96.20', '942.76', 3, 2, '2017-03-18', 1, '16:09:03', 3),
(387, 18, '1274.00', '165.62', '63.70', '152.88', 3, 3, '2018-06-29', 6, '00:44:15', 5),
(388, 39, '1943.00', '252.59', '97.15', '330.31', 2, 5, '2018-07-27', 4, '16:57:57', 3),
(389, 121, '1866.00', '242.58', '93.30', '877.02', 3, 4, '2016-05-30', 6, '01:53:01', 8),
(390, 41, '162.00', '21.06', '8.10', '61.56', 2, 4, '2016-05-16', 4, '05:20:11', 3),
(391, 25, '1641.00', '213.33', '82.05', '229.74', 1, 5, '2016-12-06', 7, '09:54:51', 5),
(392, 80, '299.00', '38.87', '14.95', '125.58', 1, 1, '2016-05-25', 4, '01:49:08', 3),
(393, 122, '1097.00', '142.61', '54.85', '471.71', 3, 1, '2015-03-21', 9, '05:26:25', 6),
(394, 53, '1866.00', '242.58', '93.30', '653.10', 1, 4, '2018-04-09', 10, '05:32:20', 4),
(395, 67, '824.00', '107.12', '41.20', '395.52', 1, 1, '2019-10-20', 2, '18:31:50', 4),
(396, 76, '120.00', '15.60', '6.00', '16.80', 2, 1, '2016-08-09', 7, '03:18:32', 3),
(397, 28, '76.00', '9.88', '3.80', '22.80', 3, 1, '2016-12-01', 9, '22:49:13', 5),
(398, 42, '1051.00', '136.63', '52.55', '252.24', 3, 2, '2019-05-06', 6, '11:57:39', 5),
(399, 33, '2215.00', '287.95', '110.75', '886.00', 2, 2, '2015-08-23', 3, '18:45:16', 3),
(400, 16, '1155.00', '150.15', '57.75', '161.70', 3, 1, '2018-03-23', 9, '05:48:40', 4),
(401, 116, '1733.00', '225.29', '86.65', '849.17', 2, 3, '2015-09-14', 7, '23:35:19', 6),
(402, 47, '1784.00', '231.92', '89.20', '374.64', 3, 4, '2016-01-08', 4, '04:09:55', 8),
(403, 22, '1797.00', '233.61', '89.85', '287.52', 2, 2, '2017-10-07', 3, '11:29:17', 2),
(404, 106, '1115.00', '144.95', '55.75', '167.25', 2, 1, '2018-05-04', 5, '11:19:33', 1),
(405, 65, '2183.00', '283.79', '109.15', '1026.01', 1, 5, '2016-12-21', 8, '01:02:16', 3),
(406, 95, '1879.00', '244.27', '93.95', '657.65', 1, 3, '2015-10-10', 6, '07:44:48', 5),
(407, 39, '2301.00', '299.13', '115.05', '322.14', 3, 3, '2015-02-09', 7, '03:30:31', 1),
(408, 68, '2078.00', '270.14', '103.90', '789.64', 1, 4, '2016-09-04', 4, '23:10:57', 8),
(409, 7, '1622.00', '210.86', '81.10', '210.86', 2, 1, '2017-06-02', 6, '09:26:10', 3),
(410, 58, '1734.00', '225.42', '86.70', '693.60', 2, 4, '2018-04-20', 7, '13:00:23', 3),
(411, 12, '1882.00', '244.66', '94.10', '301.12', 2, 5, '2017-01-27', 1, '12:04:21', 3),
(412, 57, '2091.00', '271.83', '104.55', '501.84', 2, 2, '2015-11-12', 6, '14:10:21', 5),
(413, 56, '2232.00', '290.16', '111.60', '691.92', 1, 2, '2015-03-18', 1, '22:15:10', 7),
(414, 103, '495.00', '64.35', '24.75', '232.65', 2, 2, '2019-07-09', 6, '03:17:58', 3),
(415, 53, '329.00', '42.77', '16.45', '161.21', 3, 1, '2015-12-02', 9, '12:06:13', 7),
(416, 31, '2234.00', '290.42', '111.70', '1094.66', 1, 5, '2018-06-16', 6, '12:11:31', 8),
(417, 21, '568.00', '73.84', '28.40', '56.80', 3, 5, '2015-08-29', 5, '15:16:44', 3),
(418, 64, '2075.00', '269.75', '103.75', '684.75', 1, 5, '2016-12-25', 2, '07:19:21', 7),
(419, 22, '2284.00', '296.92', '114.20', '456.80', 2, 3, '2019-04-26', 8, '14:07:28', 1),
(420, 118, '307.00', '39.91', '15.35', '49.12', 2, 4, '2015-02-02', 10, '17:10:44', 2),
(421, 16, '1632.00', '212.16', '81.60', '620.16', 2, 5, '2017-07-22', 3, '06:01:36', 7),
(422, 40, '1827.00', '237.51', '91.35', '219.24', 2, 4, '2017-06-07', 5, '01:04:57', 4),
(423, 60, '1221.00', '158.73', '61.05', '439.56', 1, 3, '2015-12-06', 3, '02:46:56', 7),
(424, 121, '238.00', '30.94', '11.90', '45.22', 2, 3, '2018-09-19', 2, '05:09:34', 3),
(425, 95, '1303.00', '169.39', '65.15', '364.84', 2, 3, '2018-11-12', 10, '04:56:51', 4),
(426, 94, '2370.00', '308.10', '118.50', '687.30', 1, 5, '2019-01-07', 3, '22:03:11', 3),
(427, 53, '231.00', '30.03', '11.55', '23.10', 1, 5, '2016-02-11', 4, '05:10:00', 4),
(428, 108, '621.00', '80.73', '31.05', '273.24', 1, 4, '2015-04-29', 2, '06:09:29', 6),
(429, 100, '568.00', '73.84', '28.40', '73.84', 1, 2, '2018-06-05', 9, '04:23:42', 4),
(430, 100, '814.00', '105.82', '40.70', '179.08', 3, 4, '2018-11-13', 2, '20:38:43', 3),
(431, 63, '693.00', '90.09', '34.65', '90.09', 3, 2, '2019-12-13', 4, '20:07:53', 7),
(432, 75, '852.00', '110.76', '42.60', '349.32', 3, 4, '2018-11-05', 4, '02:30:46', 3),
(433, 42, '1998.00', '259.74', '99.90', '359.64', 1, 3, '2015-05-29', 9, '14:08:14', 6),
(434, 75, '592.00', '76.96', '29.60', '290.08', 2, 5, '2018-02-24', 4, '09:27:43', 7),
(435, 64, '60.00', '7.80', '3.00', '24.00', 2, 2, '2016-12-17', 10, '16:36:41', 8),
(436, 37, '717.00', '93.21', '35.85', '315.48', 1, 3, '2018-03-17', 1, '19:56:04', 8),
(437, 10, '954.00', '124.02', '47.70', '114.48', 1, 3, '2015-02-10', 6, '23:13:43', 3),
(438, 17, '619.00', '80.47', '30.95', '129.99', 1, 2, '2017-08-16', 1, '21:19:50', 3),
(439, 47, '1078.00', '140.14', '53.90', '118.58', 3, 1, '2019-08-27', 10, '13:15:45', 3),
(440, 44, '81.00', '10.53', '4.05', '9.72', 1, 4, '2018-12-14', 3, '11:14:39', 1),
(441, 16, '196.00', '25.48', '9.80', '56.84', 1, 1, '2016-03-06', 10, '06:39:45', 2),
(442, 96, '1691.00', '219.83', '84.55', '845.50', 2, 1, '2018-10-20', 8, '10:40:18', 5),
(443, 63, '1593.00', '207.09', '79.65', '175.23', 2, 5, '2016-09-05', 5, '13:03:56', 4),
(444, 3, '1302.00', '169.26', '65.10', '338.52', 3, 1, '2019-07-11', 8, '02:29:11', 1),
(445, 68, '540.00', '70.20', '27.00', '183.60', 1, 1, '2019-09-08', 10, '02:52:39', 5),
(446, 66, '1180.00', '153.40', '59.00', '436.60', 2, 1, '2017-03-04', 4, '05:00:10', 4),
(447, 16, '1759.00', '228.67', '87.95', '721.19', 2, 5, '2016-04-23', 5, '03:04:48', 6),
(448, 37, '498.00', '64.74', '24.90', '169.32', 2, 2, '2016-03-23', 3, '12:53:46', 5),
(449, 13, '794.00', '103.22', '39.70', '293.78', 3, 2, '2019-03-25', 1, '06:32:38', 3),
(450, 22, '2032.00', '264.16', '101.60', '629.92', 3, 2, '2016-07-12', 9, '02:53:56', 7),
(451, 72, '1216.00', '158.08', '60.80', '158.08', 3, 4, '2017-11-15', 1, '10:32:00', 7),
(452, 43, '2050.00', '266.50', '102.50', '779.00', 1, 1, '2018-09-18', 7, '02:51:33', 4),
(453, 30, '473.00', '61.49', '23.65', '141.90', 1, 3, '2015-10-26', 1, '02:05:14', 1),
(454, 68, '1146.00', '148.98', '57.30', '389.64', 2, 3, '2016-07-13', 8, '13:01:20', 2),
(455, 104, '1748.00', '227.24', '87.40', '279.68', 1, 1, '2015-08-15', 7, '11:51:16', 8),
(456, 49, '1269.00', '164.97', '63.45', '558.36', 2, 4, '2016-03-10', 4, '05:48:42', 2),
(457, 33, '1443.00', '187.59', '72.15', '606.06', 2, 5, '2015-10-06', 9, '22:26:05', 8),
(458, 34, '914.00', '118.82', '45.70', '228.50', 2, 3, '2015-03-28', 3, '22:23:57', 3),
(459, 116, '1214.00', '157.82', '60.70', '169.96', 3, 4, '2015-04-20', 8, '12:18:28', 3),
(460, 1, '272.00', '35.36', '13.60', '38.08', 2, 3, '2016-10-28', 4, '21:16:19', 7),
(461, 99, '1036.00', '134.68', '51.80', '124.32', 3, 1, '2017-10-12', 2, '18:41:45', 4),
(462, 84, '1422.00', '184.86', '71.10', '540.36', 1, 2, '2019-03-02', 7, '09:29:49', 2),
(463, 21, '1233.00', '160.29', '61.65', '234.27', 1, 2, '2018-07-04', 5, '13:13:48', 1),
(464, 70, '763.00', '99.19', '38.15', '366.24', 2, 5, '2016-11-08', 5, '12:36:50', 2),
(465, 42, '2010.00', '261.30', '100.50', '442.20', 2, 3, '2019-05-28', 3, '21:09:18', 1),
(466, 43, '258.00', '33.54', '12.90', '87.72', 2, 2, '2019-05-18', 10, '14:49:56', 5),
(467, 47, '1236.00', '160.68', '61.80', '309.00', 2, 4, '2019-06-05', 6, '14:48:36', 8),
(468, 115, '927.00', '120.51', '46.35', '129.78', 3, 1, '2018-09-27', 10, '04:16:15', 2),
(469, 12, '1168.00', '151.84', '58.40', '350.40', 2, 2, '2016-03-31', 2, '11:18:50', 4),
(470, 118, '1188.00', '154.44', '59.40', '403.92', 1, 1, '2017-10-10', 2, '17:01:43', 8),
(471, 47, '2342.00', '304.46', '117.10', '843.12', 1, 5, '2016-05-29', 5, '00:15:28', 7),
(472, 107, '1776.00', '230.88', '88.80', '550.56', 2, 3, '2019-03-10', 10, '07:42:25', 5),
(473, 96, '1114.00', '144.82', '55.70', '334.20', 2, 2, '2018-07-15', 4, '02:11:43', 8),
(474, 42, '81.00', '10.53', '4.05', '9.72', 3, 1, '2019-01-22', 2, '21:02:09', 8),
(475, 55, '2020.00', '262.60', '101.00', '707.00', 2, 3, '2016-04-29', 7, '17:29:39', 3),
(476, 46, '2252.00', '292.76', '112.60', '855.76', 1, 5, '2018-01-17', 1, '11:27:14', 5),
(477, 119, '1743.00', '226.59', '87.15', '732.06', 1, 4, '2017-04-27', 1, '01:54:17', 1),
(478, 109, '2337.00', '303.81', '116.85', '1004.91', 3, 4, '2017-09-10', 8, '05:51:47', 4),
(479, 86, '1219.00', '158.47', '60.95', '560.74', 2, 3, '2016-02-15', 9, '22:02:44', 5),
(480, 106, '330.00', '42.90', '16.50', '46.20', 2, 5, '2018-12-24', 3, '22:32:38', 3),
(481, 109, '2083.00', '270.79', '104.15', '979.01', 1, 5, '2018-05-10', 3, '19:04:26', 5),
(482, 89, '2200.00', '286.00', '110.00', '880.00', 1, 4, '2016-02-19', 2, '13:37:42', 7),
(483, 54, '478.00', '62.14', '23.90', '81.26', 2, 2, '2019-09-21', 4, '18:31:45', 5),
(484, 100, '841.00', '109.33', '42.05', '285.94', 3, 5, '2015-03-07', 2, '23:48:36', 5),
(485, 89, '588.00', '76.44', '29.40', '147.00', 2, 3, '2019-04-10', 3, '21:03:06', 6),
(486, 80, '375.00', '48.75', '18.75', '176.25', 3, 4, '2016-11-26', 3, '12:02:11', 1),
(487, 107, '1131.00', '147.03', '56.55', '158.34', 1, 1, '2016-04-16', 4, '10:51:17', 4),
(488, 7, '1152.00', '149.76', '57.60', '115.20', 3, 1, '2015-08-15', 3, '05:48:58', 5),
(489, 18, '132.00', '17.16', '6.60', '66.00', 3, 5, '2017-02-15', 4, '22:31:10', 8),
(490, 101, '36.00', '4.68', '1.80', '14.40', 2, 1, '2018-06-04', 9, '13:21:25', 7),
(491, 112, '1795.00', '233.35', '89.75', '215.40', 1, 5, '2018-03-12', 7, '12:43:31', 1),
(492, 48, '1961.00', '254.93', '98.05', '745.18', 1, 3, '2016-04-03', 10, '12:48:26', 1),
(493, 48, '1192.00', '154.96', '59.60', '214.56', 3, 2, '2017-05-26', 5, '18:16:05', 7),
(494, 29, '1969.00', '255.97', '98.45', '748.22', 2, 4, '2017-06-20', 10, '03:11:25', 6),
(495, 1, '355.00', '46.15', '17.75', '85.20', 2, 3, '2017-11-13', 7, '16:14:03', 4),
(496, 45, '1828.00', '237.64', '91.40', '786.04', 3, 4, '2018-09-05', 8, '06:24:07', 1),
(497, 120, '1856.00', '241.28', '92.80', '371.20', 2, 3, '2016-01-21', 8, '05:28:56', 3),
(498, 57, '1454.00', '189.02', '72.70', '392.58', 1, 1, '2016-06-16', 6, '14:03:17', 4),
(499, 75, '1803.00', '234.39', '90.15', '558.93', 2, 2, '2017-03-28', 10, '08:55:10', 7),
(500, 1, '2283.00', '296.79', '114.15', '228.30', 3, 4, '2017-03-08', 2, '07:57:05', 1),
(501, 76, '1423.00', '184.99', '71.15', '654.58', 1, 3, '2016-06-14', 3, '23:30:40', 5),
(502, 11, '1030.00', '133.90', '51.50', '185.40', 1, 5, '2015-02-27', 1, '14:30:48', 6),
(503, 1, '340.00', '44.20', '17.00', '64.60', 3, 3, '2016-06-12', 5, '00:42:20', 3),
(504, 31, '767.00', '99.71', '38.35', '92.04', 3, 3, '2017-04-20', 7, '14:11:14', 7),
(505, 58, '616.00', '80.08', '30.80', '252.56', 3, 2, '2018-09-02', 6, '18:38:13', 6),
(506, 74, '1466.00', '190.58', '73.30', '234.56', 1, 3, '2019-12-06', 1, '22:28:24', 5),
(507, 67, '761.00', '98.93', '38.05', '152.20', 1, 5, '2019-05-21', 2, '21:36:01', 8),
(508, 65, '1516.00', '197.08', '75.80', '409.32', 3, 4, '2019-07-04', 4, '13:51:35', 8),
(509, 121, '1845.00', '239.85', '92.25', '184.50', 2, 4, '2018-02-07', 3, '22:59:41', 6),
(510, 102, '1040.00', '135.20', '52.00', '197.60', 2, 3, '2019-09-05', 9, '14:15:53', 7),
(511, 93, '1177.00', '153.01', '58.85', '306.02', 3, 3, '2018-08-27', 4, '22:40:43', 1),
(512, 46, '764.00', '99.32', '38.20', '229.20', 1, 1, '2020-01-25', 3, '10:09:19', 6),
(513, 117, '2368.00', '307.84', '118.40', '568.32', 1, 3, '2015-02-18', 2, '00:44:12', 1),
(514, 37, '106.00', '13.78', '5.30', '29.68', 3, 3, '2017-05-01', 6, '18:43:12', 7),
(515, 38, '1657.00', '215.41', '82.85', '662.80', 1, 1, '2017-11-23', 4, '05:56:24', 4),
(516, 121, '983.00', '127.79', '49.15', '344.05', 3, 4, '2015-09-02', 8, '04:03:32', 5),
(517, 75, '1900.00', '247.00', '95.00', '399.00', 3, 1, '2019-10-25', 7, '10:48:38', 1),
(518, 106, '996.00', '129.48', '49.80', '368.52', 2, 1, '2017-10-01', 4, '03:19:42', 8),
(519, 85, '1263.00', '164.19', '63.15', '189.45', 2, 2, '2017-11-07', 6, '16:27:10', 6),
(520, 103, '868.00', '112.84', '43.40', '381.92', 3, 5, '2019-08-28', 7, '12:40:30', 4),
(521, 28, '1842.00', '239.46', '92.10', '847.32', 3, 4, '2018-03-17', 2, '09:06:41', 8),
(522, 29, '618.00', '80.34', '30.90', '86.52', 1, 4, '2017-03-27', 6, '12:32:53', 6),
(523, 74, '672.00', '87.36', '33.60', '315.84', 2, 4, '2016-03-19', 4, '11:35:40', 8),
(524, 39, '2050.00', '266.50', '102.50', '1004.50', 2, 2, '2015-04-03', 9, '05:07:05', 6),
(525, 67, '35.00', '4.55', '1.75', '6.65', 3, 4, '2016-05-27', 7, '17:52:15', 5),
(526, 8, '555.00', '72.15', '27.75', '116.55', 1, 2, '2015-02-04', 9, '01:41:00', 4),
(527, 70, '2355.00', '306.15', '117.75', '518.10', 3, 4, '2015-06-17', 2, '21:35:51', 1),
(528, 84, '1345.00', '174.85', '67.25', '605.25', 3, 5, '2016-07-07', 5, '11:07:56', 7),
(529, 49, '1799.00', '233.87', '89.95', '539.70', 1, 1, '2018-08-05', 3, '11:59:48', 8),
(530, 58, '112.00', '14.56', '5.60', '40.32', 1, 4, '2019-01-19', 3, '00:37:55', 4),
(531, 108, '1265.00', '164.45', '63.25', '354.20', 1, 5, '2019-01-06', 7, '18:51:32', 6),
(532, 37, '960.00', '124.80', '48.00', '326.40', 1, 3, '2015-11-11', 7, '20:09:47', 1),
(533, 56, '323.00', '41.99', '16.15', '45.22', 2, 1, '2018-11-10', 9, '16:20:32', 7),
(534, 59, '1826.00', '237.38', '91.30', '292.16', 3, 5, '2018-12-03', 10, '04:52:59', 1),
(535, 8, '698.00', '90.74', '34.90', '153.56', 1, 4, '2019-03-09', 5, '23:58:30', 6),
(536, 114, '1607.00', '208.91', '80.35', '257.12', 2, 3, '2017-11-08', 7, '06:55:06', 8),
(537, 70, '1469.00', '190.97', '73.45', '484.77', 3, 2, '2018-05-21', 5, '04:05:59', 5),
(538, 5, '98.00', '12.74', '4.90', '42.14', 3, 1, '2016-12-30', 3, '12:05:12', 2),
(539, 103, '436.00', '56.68', '21.80', '87.20', 2, 3, '2019-05-28', 1, '18:05:44', 4),
(540, 15, '1812.00', '235.56', '90.60', '597.96', 1, 1, '2019-01-07', 8, '23:58:37', 3),
(541, 60, '2325.00', '302.25', '116.25', '255.75', 1, 4, '2018-01-03', 3, '08:25:28', 1),
(542, 31, '1891.00', '245.83', '94.55', '605.12', 1, 3, '2018-10-11', 2, '23:26:24', 7),
(543, 30, '1629.00', '211.77', '81.45', '374.67', 2, 5, '2015-09-03', 9, '06:31:23', 7),
(544, 48, '99.00', '12.87', '4.95', '15.84', 3, 5, '2016-11-03', 7, '13:04:22', 7),
(545, 28, '764.00', '99.32', '38.20', '290.32', 3, 1, '2015-09-24', 5, '09:53:31', 4),
(546, 34, '1093.00', '142.09', '54.65', '546.50', 1, 4, '2017-11-05', 6, '14:49:02', 4),
(547, 96, '1805.00', '234.65', '90.25', '361.00', 3, 2, '2015-02-13', 1, '12:00:44', 1),
(548, 117, '1812.00', '235.56', '90.60', '579.84', 2, 3, '2016-12-01', 8, '14:35:47', 8),
(549, 70, '988.00', '128.44', '49.40', '256.88', 3, 3, '2016-05-15', 3, '13:31:32', 2),
(550, 5, '780.00', '101.40', '39.00', '288.60', 2, 5, '2015-03-25', 4, '13:47:44', 8),
(551, 15, '1348.00', '175.24', '67.40', '377.44', 2, 2, '2016-08-09', 7, '18:47:15', 4),
(552, 24, '2361.00', '306.93', '118.05', '731.91', 3, 5, '2017-08-15', 5, '20:03:58', 7),
(553, 89, '337.00', '43.81', '16.85', '114.58', 1, 3, '2019-01-17', 10, '11:26:38', 6),
(554, 90, '1653.00', '214.89', '82.65', '314.07', 2, 3, '2016-07-05', 4, '00:22:14', 7),
(555, 64, '994.00', '129.22', '49.70', '347.90', 2, 2, '2019-12-20', 1, '04:50:12', 7),
(556, 27, '998.00', '129.74', '49.90', '329.34', 2, 1, '2015-10-28', 9, '07:34:38', 8),
(557, 106, '829.00', '107.77', '41.45', '182.38', 1, 4, '2015-06-03', 10, '01:11:20', 1),
(558, 70, '1065.00', '138.45', '53.25', '383.40', 1, 5, '2018-10-26', 4, '18:44:13', 3),
(559, 35, '232.00', '30.16', '11.60', '81.20', 3, 5, '2017-03-02', 6, '16:00:14', 8),
(560, 106, '2385.00', '310.05', '119.25', '524.70', 2, 4, '2017-08-22', 1, '08:44:55', 8),
(561, 70, '1148.00', '149.24', '57.40', '126.28', 2, 3, '2016-06-21', 3, '21:41:26', 1),
(562, 110, '2246.00', '291.98', '112.30', '651.34', 2, 1, '2019-06-15', 2, '18:42:10', 6),
(563, 78, '840.00', '109.20', '42.00', '201.60', 1, 5, '2016-08-30', 5, '22:12:35', 8),
(564, 94, '1492.00', '193.96', '74.60', '522.20', 2, 1, '2015-03-02', 2, '21:45:52', 7),
(565, 75, '1265.00', '164.45', '63.25', '531.30', 3, 5, '2018-02-16', 3, '12:41:42', 7),
(566, 44, '1039.00', '135.07', '51.95', '218.19', 2, 5, '2017-01-29', 1, '02:15:49', 5),
(567, 86, '404.00', '52.52', '20.20', '117.16', 1, 3, '2017-09-13', 10, '09:36:51', 7),
(568, 93, '2217.00', '288.21', '110.85', '665.10', 2, 5, '2018-01-20', 3, '22:01:49', 6),
(569, 68, '1879.00', '244.27', '93.95', '676.44', 1, 5, '2017-05-27', 6, '16:49:23', 7),
(570, 17, '2269.00', '294.97', '113.45', '385.73', 1, 2, '2015-12-18', 5, '15:08:29', 6),
(571, 61, '700.00', '91.00', '35.00', '112.00', 1, 2, '2015-05-03', 1, '03:16:31', 1),
(572, 82, '463.00', '60.19', '23.15', '226.87', 1, 2, '2019-09-11', 9, '12:28:34', 6),
(573, 108, '1732.00', '225.16', '86.60', '866.00', 1, 3, '2018-11-23', 9, '23:05:28', 4),
(574, 86, '1829.00', '237.77', '91.45', '640.15', 3, 5, '2015-10-10', 2, '16:43:43', 4),
(575, 81, '1149.00', '149.37', '57.45', '517.05', 2, 1, '2016-06-11', 2, '17:54:53', 3),
(576, 15, '425.00', '55.25', '21.25', '178.50', 3, 5, '2016-01-02', 2, '07:53:43', 3),
(577, 15, '1575.00', '204.75', '78.75', '204.75', 3, 4, '2017-06-13', 8, '04:28:57', 4);
INSERT INTO `ventas` (`id_venta`, `id_cliente`, `monto`, `iva`, `cesc`, `costo`, `estado`, `forma_pago`, `fecha`, `id_empleado`, `hora_registro`, `tienda`) VALUES
(578, 46, '1482.00', '192.66', '74.10', '577.98', 1, 3, '2019-06-27', 6, '01:14:08', 2),
(579, 37, '1947.00', '253.11', '97.35', '876.15', 2, 5, '2019-08-13', 6, '18:30:40', 3),
(580, 20, '2131.00', '277.03', '106.55', '383.58', 1, 4, '2018-03-27', 7, '21:40:55', 2),
(581, 97, '1894.00', '246.22', '94.70', '738.66', 3, 4, '2016-02-06', 4, '16:02:37', 2),
(582, 45, '1606.00', '208.78', '80.30', '449.68', 3, 3, '2015-05-07', 10, '22:44:28', 8),
(583, 92, '767.00', '99.71', '38.35', '383.50', 3, 4, '2019-02-27', 1, '14:44:00', 5),
(584, 116, '1969.00', '255.97', '98.45', '945.12', 2, 1, '2018-07-18', 5, '09:08:07', 4),
(585, 103, '2031.00', '264.03', '101.55', '446.82', 2, 1, '2016-07-16', 4, '07:48:51', 2),
(586, 46, '994.00', '129.22', '49.70', '119.28', 1, 3, '2019-09-10', 3, '11:41:26', 7),
(587, 67, '1455.00', '189.15', '72.75', '712.95', 1, 4, '2017-05-14', 6, '04:19:58', 3),
(588, 50, '819.00', '106.47', '40.95', '393.12', 2, 1, '2019-05-04', 2, '10:28:48', 4),
(589, 13, '1004.00', '130.52', '50.20', '220.88', 1, 3, '2018-04-27', 8, '18:03:29', 5),
(590, 107, '170.00', '22.10', '8.50', '47.60', 3, 4, '2018-12-15', 2, '17:42:55', 1),
(591, 79, '1760.00', '228.80', '88.00', '774.40', 1, 5, '2015-01-21', 4, '07:52:50', 5),
(592, 24, '164.00', '21.32', '8.20', '18.04', 3, 3, '2015-02-10', 9, '13:05:00', 5),
(593, 53, '276.00', '35.88', '13.80', '66.24', 3, 5, '2020-01-13', 6, '06:19:42', 1),
(594, 74, '532.00', '69.16', '26.60', '212.80', 1, 4, '2016-06-05', 9, '07:14:13', 5),
(595, 117, '1423.00', '184.99', '71.15', '583.43', 1, 2, '2015-02-24', 8, '04:58:47', 5),
(596, 98, '1479.00', '192.27', '73.95', '739.50', 1, 3, '2019-09-30', 2, '15:46:25', 6),
(597, 107, '1293.00', '168.09', '64.65', '555.99', 1, 2, '2019-09-08', 3, '07:40:58', 5),
(598, 29, '2245.00', '291.85', '112.25', '718.40', 3, 2, '2020-01-12', 2, '07:24:02', 7),
(599, 19, '742.00', '96.46', '37.10', '311.64', 2, 2, '2016-06-06', 7, '17:02:19', 7),
(600, 98, '886.00', '115.18', '44.30', '168.34', 2, 4, '2015-06-28', 9, '15:13:18', 6),
(601, 31, '675.00', '87.75', '33.75', '243.00', 3, 2, '2018-07-23', 2, '23:01:55', 5),
(602, 66, '858.00', '111.54', '42.90', '197.34', 2, 2, '2016-09-11', 3, '21:11:17', 2),
(603, 81, '2165.00', '281.45', '108.25', '822.70', 2, 3, '2017-05-16', 10, '00:03:33', 1),
(604, 83, '1482.00', '192.66', '74.10', '444.60', 3, 2, '2017-10-30', 9, '00:11:02', 4),
(605, 115, '593.00', '77.09', '29.65', '243.13', 2, 4, '2017-04-10', 1, '06:41:32', 6),
(606, 27, '1714.00', '222.82', '85.70', '359.94', 2, 2, '2016-11-13', 2, '20:01:44', 3),
(607, 19, '479.00', '62.27', '23.95', '76.64', 1, 5, '2017-09-23', 9, '11:00:55', 6),
(608, 61, '1410.00', '183.30', '70.50', '493.50', 1, 1, '2018-03-01', 9, '19:51:46', 1),
(609, 3, '810.00', '105.30', '40.50', '105.30', 3, 4, '2018-08-23', 9, '10:07:51', 1),
(610, 102, '2186.00', '284.18', '109.30', '349.76', 2, 5, '2019-06-07', 1, '03:50:51', 5),
(611, 114, '1639.00', '213.07', '81.95', '606.43', 3, 5, '2019-01-29', 3, '14:08:01', 6),
(612, 9, '943.00', '122.59', '47.15', '169.74', 3, 3, '2015-03-28', 7, '07:41:22', 4),
(613, 76, '517.00', '67.21', '25.85', '155.10', 3, 1, '2019-09-23', 2, '12:26:53', 6),
(614, 27, '624.00', '81.12', '31.20', '218.40', 2, 2, '2019-08-20', 10, '01:17:48', 2),
(615, 36, '1365.00', '177.45', '68.25', '313.95', 2, 4, '2016-06-12', 5, '23:47:57', 1),
(616, 47, '656.00', '85.28', '32.80', '249.28', 2, 4, '2015-04-06', 3, '16:25:06', 7),
(617, 32, '1475.00', '191.75', '73.75', '206.50', 2, 2, '2017-05-13', 6, '15:38:00', 7),
(618, 78, '210.00', '27.30', '10.50', '92.40', 2, 5, '2017-04-12', 9, '11:44:41', 1),
(619, 18, '1821.00', '236.73', '91.05', '327.78', 1, 2, '2018-12-15', 5, '11:23:23', 8),
(620, 42, '2331.00', '303.03', '116.55', '862.47', 3, 3, '2015-01-18', 1, '09:04:26', 7),
(621, 111, '977.00', '127.01', '48.85', '244.25', 3, 5, '2016-09-22', 1, '03:25:23', 4),
(622, 55, '1150.00', '149.50', '57.50', '345.00', 1, 5, '2019-03-22', 6, '16:35:44', 8),
(623, 91, '749.00', '97.37', '37.45', '299.60', 1, 3, '2017-12-02', 8, '04:28:39', 4),
(624, 84, '334.00', '43.42', '16.70', '80.16', 3, 2, '2017-07-02', 1, '11:37:54', 5),
(625, 110, '2379.00', '309.27', '118.95', '1118.13', 1, 1, '2019-04-13', 2, '15:26:22', 7),
(626, 107, '1392.00', '180.96', '69.60', '598.56', 1, 5, '2019-02-16', 1, '22:31:38', 4),
(627, 13, '2183.00', '283.79', '109.15', '436.60', 3, 5, '2018-06-26', 7, '14:13:04', 7),
(628, 83, '810.00', '105.30', '40.50', '129.60', 3, 5, '2016-10-08', 7, '19:30:31', 3),
(629, 117, '2136.00', '277.68', '106.80', '640.80', 1, 2, '2017-10-03', 6, '07:56:31', 1),
(630, 11, '636.00', '82.68', '31.80', '292.56', 2, 3, '2015-11-23', 3, '14:40:35', 5),
(631, 38, '1377.00', '179.01', '68.85', '605.88', 1, 4, '2018-02-09', 5, '07:57:08', 5),
(632, 99, '1136.00', '147.68', '56.80', '511.20', 2, 4, '2017-06-16', 3, '21:55:46', 1),
(633, 40, '245.00', '31.85', '12.25', '29.40', 2, 1, '2017-11-17', 3, '15:36:38', 3),
(634, 54, '960.00', '124.80', '48.00', '192.00', 3, 1, '2015-10-28', 7, '15:27:42', 2),
(635, 86, '2256.00', '293.28', '112.80', '789.60', 2, 1, '2018-12-22', 2, '05:45:40', 5),
(636, 36, '782.00', '101.66', '39.10', '172.04', 1, 4, '2016-05-25', 4, '13:37:23', 3),
(637, 118, '541.00', '70.33', '27.05', '146.07', 2, 1, '2017-06-09', 10, '09:10:58', 3),
(638, 109, '1824.00', '237.12', '91.20', '620.16', 1, 4, '2016-08-07', 4, '15:45:27', 6),
(639, 57, '568.00', '73.84', '28.40', '73.84', 3, 5, '2015-03-05', 6, '20:53:39', 7),
(640, 104, '2371.00', '308.23', '118.55', '711.30', 3, 3, '2019-03-12', 10, '18:15:39', 6),
(641, 58, '981.00', '127.53', '49.05', '255.06', 3, 3, '2015-08-04', 4, '19:46:13', 6),
(642, 29, '2388.00', '310.44', '119.40', '405.96', 3, 2, '2020-01-21', 4, '19:28:41', 3),
(643, 14, '427.00', '55.51', '21.35', '196.42', 1, 4, '2017-05-13', 4, '16:43:49', 6),
(644, 60, '1656.00', '215.28', '82.80', '811.44', 3, 2, '2018-02-03', 2, '22:19:55', 2),
(645, 8, '1622.00', '210.86', '81.10', '340.62', 3, 1, '2016-04-15', 4, '15:10:48', 5),
(646, 52, '2109.00', '274.17', '105.45', '1054.50', 3, 5, '2018-08-16', 2, '07:28:16', 6),
(647, 21, '518.00', '67.34', '25.90', '72.52', 3, 3, '2019-11-17', 3, '20:24:56', 6),
(648, 59, '877.00', '114.01', '43.85', '412.19', 3, 3, '2017-07-17', 3, '09:26:19', 2),
(649, 35, '671.00', '87.23', '33.55', '154.33', 3, 4, '2018-07-20', 5, '12:54:07', 7),
(650, 113, '1866.00', '242.58', '93.30', '447.84', 1, 2, '2016-12-23', 1, '08:32:08', 2),
(651, 14, '1991.00', '258.83', '99.55', '358.38', 3, 1, '2018-10-11', 4, '18:51:34', 1),
(652, 2, '497.00', '64.61', '24.85', '243.53', 2, 3, '2017-02-11', 5, '05:56:00', 4),
(653, 97, '1031.00', '134.03', '51.55', '103.10', 3, 3, '2019-02-28', 6, '20:10:48', 3),
(654, 75, '334.00', '43.42', '16.70', '93.52', 2, 4, '2018-07-05', 3, '22:41:01', 5),
(655, 90, '1890.00', '245.70', '94.50', '907.20', 1, 5, '2019-08-27', 1, '15:09:52', 5),
(656, 3, '1644.00', '213.72', '82.20', '164.40', 2, 2, '2016-03-31', 6, '19:07:20', 1),
(657, 86, '77.00', '10.01', '3.85', '18.48', 2, 3, '2015-01-25', 8, '11:56:26', 2),
(658, 81, '2140.00', '278.20', '107.00', '214.00', 3, 4, '2015-09-13', 3, '13:20:21', 8),
(659, 29, '1805.00', '234.65', '90.25', '740.05', 2, 4, '2017-08-04', 1, '17:49:29', 4),
(660, 89, '1315.00', '170.95', '65.75', '249.85', 1, 1, '2016-03-16', 3, '18:12:43', 6),
(661, 25, '1690.00', '219.70', '84.50', '236.60', 3, 1, '2017-10-26', 3, '22:06:04', 6),
(662, 90, '975.00', '126.75', '48.75', '243.75', 3, 5, '2017-05-04', 6, '02:14:13', 4),
(663, 74, '1060.00', '137.80', '53.00', '328.60', 1, 4, '2018-03-03', 10, '08:35:50', 8),
(664, 96, '2081.00', '270.53', '104.05', '728.35', 2, 4, '2017-04-11', 6, '08:59:09', 8),
(665, 37, '452.00', '58.76', '22.60', '99.44', 3, 2, '2016-07-15', 3, '18:16:28', 3),
(666, 69, '1809.00', '235.17', '90.45', '198.99', 2, 3, '2017-04-07', 7, '17:01:10', 4),
(667, 35, '862.00', '112.06', '43.10', '310.32', 3, 5, '2015-06-30', 3, '21:40:24', 1),
(668, 53, '1699.00', '220.87', '84.95', '628.63', 1, 2, '2019-12-18', 9, '11:21:59', 3),
(669, 86, '1243.00', '161.59', '62.15', '372.90', 1, 3, '2015-08-27', 1, '00:22:23', 7),
(670, 70, '581.00', '75.53', '29.05', '58.10', 3, 4, '2019-10-10', 7, '13:30:50', 7),
(671, 37, '619.00', '80.47', '30.95', '111.42', 3, 2, '2018-05-28', 10, '17:13:56', 3),
(672, 116, '219.00', '28.47', '10.95', '32.85', 1, 1, '2015-02-28', 4, '17:23:42', 2),
(673, 25, '1038.00', '134.94', '51.90', '487.86', 3, 3, '2019-01-09', 7, '14:56:33', 1),
(674, 67, '1795.00', '233.35', '89.75', '897.50', 3, 3, '2020-01-07', 6, '06:12:56', 8),
(675, 5, '1082.00', '140.66', '54.10', '194.76', 2, 2, '2019-08-10', 4, '18:52:42', 4),
(676, 68, '696.00', '90.48', '34.80', '341.04', 2, 1, '2015-05-21', 3, '11:18:16', 2),
(677, 100, '472.00', '61.36', '23.60', '61.36', 3, 2, '2017-03-23', 5, '04:23:16', 5),
(678, 44, '148.00', '19.24', '7.40', '66.60', 2, 4, '2015-11-22', 10, '23:29:19', 2),
(679, 63, '2320.00', '301.60', '116.00', '580.00', 3, 5, '2018-10-31', 4, '00:59:24', 2),
(680, 2, '940.00', '122.20', '47.00', '188.00', 2, 2, '2016-04-06', 3, '01:05:33', 1),
(681, 79, '1332.00', '173.16', '66.60', '599.40', 3, 4, '2018-08-19', 9, '04:11:50', 2),
(682, 40, '1841.00', '239.33', '92.05', '184.10', 1, 5, '2015-11-04', 8, '13:50:29', 7),
(683, 46, '272.00', '35.36', '13.60', '65.28', 2, 1, '2016-07-15', 5, '14:30:25', 5),
(684, 46, '1496.00', '194.48', '74.80', '269.28', 2, 2, '2017-09-01', 9, '07:59:53', 4),
(685, 12, '1474.00', '191.62', '73.70', '250.58', 3, 3, '2017-07-19', 4, '16:20:20', 4),
(686, 86, '446.00', '57.98', '22.30', '205.16', 1, 5, '2018-08-14', 2, '15:26:36', 4),
(687, 27, '1922.00', '249.86', '96.10', '230.64', 1, 5, '2017-02-16', 9, '19:59:03', 7),
(688, 26, '2375.00', '308.75', '118.75', '451.25', 2, 5, '2016-11-03', 9, '13:36:46', 8),
(689, 54, '1210.00', '157.30', '60.50', '157.30', 3, 4, '2017-01-10', 8, '07:20:26', 3),
(690, 84, '1150.00', '149.50', '57.50', '529.00', 1, 1, '2020-01-22', 2, '18:34:50', 2),
(691, 91, '465.00', '60.45', '23.25', '204.60', 2, 5, '2020-01-07', 7, '08:44:39', 5),
(692, 13, '507.00', '65.91', '25.35', '147.03', 1, 4, '2019-06-20', 3, '05:12:36', 6),
(693, 75, '1621.00', '210.73', '81.05', '291.78', 1, 2, '2017-11-20', 9, '01:41:56', 2),
(694, 84, '1336.00', '173.68', '66.80', '347.36', 1, 5, '2018-10-16', 9, '11:39:39', 8),
(695, 25, '936.00', '121.68', '46.80', '262.08', 3, 2, '2019-03-13', 7, '11:09:58', 4),
(696, 22, '1835.00', '238.55', '91.75', '844.10', 1, 5, '2018-10-11', 7, '12:32:45', 4),
(697, 19, '139.00', '18.07', '6.95', '26.41', 1, 4, '2019-09-24', 5, '21:16:40', 5),
(698, 19, '741.00', '96.33', '37.05', '296.40', 2, 2, '2016-09-18', 8, '23:20:58', 3),
(699, 55, '417.00', '54.21', '20.85', '195.99', 2, 1, '2016-03-24', 1, '21:53:06', 4),
(700, 85, '293.00', '38.09', '14.65', '102.55', 1, 5, '2018-01-18', 9, '03:19:36', 4),
(701, 99, '371.00', '48.23', '18.55', '89.04', 3, 5, '2015-08-14', 3, '02:02:37', 7),
(702, 13, '212.00', '27.56', '10.60', '40.28', 2, 2, '2015-06-06', 4, '17:33:31', 8),
(703, 35, '920.00', '119.60', '46.00', '294.40', 3, 1, '2018-11-04', 6, '11:23:32', 3),
(704, 114, '1371.00', '178.23', '68.55', '603.24', 1, 5, '2016-09-16', 4, '09:28:45', 4),
(705, 29, '1956.00', '254.28', '97.80', '567.24', 1, 4, '2015-06-16', 2, '07:55:14', 7),
(706, 56, '1895.00', '246.35', '94.75', '644.30', 2, 2, '2019-12-02', 6, '12:05:47', 8),
(707, 79, '168.00', '21.84', '8.40', '31.92', 1, 3, '2015-03-11', 5, '10:15:00', 7),
(708, 19, '2046.00', '265.98', '102.30', '879.78', 2, 1, '2018-07-11', 3, '10:20:10', 2),
(709, 95, '965.00', '125.45', '48.25', '299.15', 1, 1, '2018-04-02', 8, '14:51:52', 5),
(710, 98, '1725.00', '224.25', '86.25', '224.25', 1, 2, '2016-08-13', 1, '05:22:31', 3),
(711, 13, '1687.00', '219.31', '84.35', '674.80', 2, 4, '2017-12-02', 6, '22:14:21', 7),
(712, 63, '1587.00', '206.31', '79.35', '365.01', 1, 2, '2017-11-23', 1, '00:15:03', 6),
(713, 23, '1891.00', '245.83', '94.55', '359.29', 1, 2, '2015-05-02', 7, '23:10:46', 6),
(714, 61, '815.00', '105.95', '40.75', '407.50', 2, 2, '2019-05-26', 10, '00:55:05', 2),
(715, 115, '1725.00', '224.25', '86.25', '431.25', 1, 1, '2015-04-04', 4, '12:00:02', 5),
(716, 76, '885.00', '115.05', '44.25', '433.65', 2, 1, '2018-09-22', 10, '06:32:47', 4),
(717, 56, '454.00', '59.02', '22.70', '108.96', 1, 4, '2017-07-09', 9, '07:26:48', 6),
(718, 46, '821.00', '106.73', '41.05', '361.24', 2, 2, '2015-12-06', 6, '13:51:11', 6),
(719, 77, '1741.00', '226.33', '87.05', '226.33', 1, 1, '2016-07-16', 3, '14:38:22', 4),
(720, 113, '1758.00', '228.54', '87.90', '457.08', 3, 5, '2019-08-10', 3, '15:43:16', 7),
(721, 82, '2220.00', '288.60', '111.00', '932.40', 2, 4, '2015-05-31', 9, '21:00:43', 5),
(722, 96, '344.00', '44.72', '17.20', '106.64', 3, 5, '2019-07-21', 1, '11:54:40', 7),
(723, 9, '1090.00', '141.70', '54.50', '512.30', 3, 5, '2018-02-16', 9, '05:33:59', 4),
(724, 93, '2227.00', '289.51', '111.35', '601.29', 2, 4, '2016-09-01', 6, '17:34:23', 1),
(725, 63, '1935.00', '251.55', '96.75', '909.45', 1, 3, '2016-02-29', 10, '23:49:48', 2),
(726, 119, '2192.00', '284.96', '109.60', '920.64', 1, 3, '2017-02-18', 10, '08:26:36', 2),
(727, 14, '1383.00', '179.79', '69.15', '207.45', 3, 2, '2015-03-14', 3, '05:08:06', 8),
(728, 101, '1190.00', '154.70', '59.50', '345.10', 3, 2, '2017-09-08', 5, '19:53:01', 2),
(729, 3, '1529.00', '198.77', '76.45', '382.25', 3, 2, '2015-05-13', 10, '07:19:01', 5),
(730, 24, '68.00', '8.84', '3.40', '29.92', 2, 3, '2016-08-02', 5, '06:21:11', 4),
(731, 19, '2243.00', '291.59', '112.15', '695.33', 1, 3, '2017-08-22', 4, '11:35:53', 2),
(732, 72, '1155.00', '150.15', '57.75', '311.85', 2, 3, '2017-01-26', 10, '18:10:29', 6),
(733, 117, '2386.00', '310.18', '119.30', '644.22', 1, 1, '2019-11-16', 8, '04:34:50', 1),
(734, 21, '1473.00', '191.49', '73.65', '412.44', 2, 1, '2018-03-11', 2, '10:59:13', 6),
(735, 109, '61.00', '7.93', '3.05', '16.47', 3, 3, '2017-12-24', 8, '20:07:55', 2),
(736, 54, '1449.00', '188.37', '72.45', '550.62', 2, 1, '2016-01-23', 8, '13:31:18', 4),
(737, 32, '28.00', '3.64', '1.40', '12.04', 1, 5, '2018-12-27', 4, '12:28:33', 3),
(738, 90, '768.00', '99.84', '38.40', '115.20', 2, 4, '2016-09-22', 8, '23:58:38', 2),
(739, 54, '2168.00', '281.84', '108.40', '260.16', 1, 4, '2015-08-21', 3, '05:01:34', 6),
(740, 108, '2160.00', '280.80', '108.00', '864.00', 1, 4, '2017-11-28', 4, '10:37:34', 6),
(741, 116, '2053.00', '266.89', '102.65', '349.01', 3, 4, '2015-10-18', 8, '22:02:12', 8),
(742, 52, '2266.00', '294.58', '113.30', '838.42', 3, 2, '2017-07-26', 9, '06:51:17', 4),
(743, 42, '2275.00', '295.75', '113.75', '637.00', 3, 3, '2016-04-13', 4, '05:21:15', 6),
(744, 50, '116.00', '15.08', '5.80', '33.64', 3, 2, '2017-07-02', 4, '13:50:14', 5),
(745, 101, '320.00', '41.60', '16.00', '57.60', 1, 3, '2016-06-23', 1, '09:07:34', 6),
(746, 114, '1019.00', '132.47', '50.95', '101.90', 1, 3, '2018-05-23', 7, '11:43:39', 7),
(747, 20, '899.00', '116.87', '44.95', '206.77', 3, 3, '2017-10-28', 8, '14:25:50', 2),
(748, 116, '1568.00', '203.84', '78.40', '533.12', 1, 2, '2019-03-15', 8, '14:58:50', 4),
(749, 3, '529.00', '68.77', '26.45', '89.93', 3, 2, '2016-06-17', 6, '11:12:25', 4),
(750, 56, '1110.00', '144.30', '55.50', '466.20', 3, 4, '2018-03-08', 10, '00:02:00', 3),
(751, 80, '1030.00', '133.90', '51.50', '206.00', 3, 3, '2018-12-04', 3, '01:17:38', 6),
(752, 34, '626.00', '81.38', '31.30', '194.06', 2, 5, '2015-02-28', 4, '17:00:31', 1),
(753, 11, '781.00', '101.53', '39.05', '288.97', 1, 4, '2017-10-29', 7, '15:57:29', 5),
(754, 119, '621.00', '80.73', '31.05', '285.66', 2, 5, '2015-05-08', 8, '00:37:23', 4),
(755, 121, '2093.00', '272.09', '104.65', '418.60', 2, 5, '2017-06-03', 6, '01:30:56', 3),
(756, 85, '691.00', '89.83', '34.55', '89.83', 2, 2, '2018-09-14', 8, '11:49:39', 2),
(757, 23, '2229.00', '289.77', '111.45', '891.60', 2, 5, '2017-05-21', 8, '05:02:56', 7),
(758, 13, '862.00', '112.06', '43.10', '310.32', 1, 5, '2019-11-11', 6, '08:46:41', 3),
(759, 11, '1279.00', '166.27', '63.95', '153.48', 2, 5, '2017-10-12', 8, '10:40:43', 7),
(760, 80, '1664.00', '216.32', '83.20', '349.44', 1, 1, '2017-07-02', 9, '12:35:10', 3),
(761, 116, '1296.00', '168.48', '64.80', '311.04', 2, 4, '2015-08-16', 3, '11:57:48', 4),
(762, 88, '24.00', '3.12', '1.20', '10.32', 3, 5, '2015-05-03', 2, '18:47:02', 8),
(763, 111, '2194.00', '285.22', '109.70', '241.34', 3, 1, '2016-05-22', 10, '16:12:50', 2),
(764, 12, '1696.00', '220.48', '84.80', '780.16', 2, 3, '2019-06-16', 1, '23:05:36', 4),
(765, 82, '1191.00', '154.83', '59.55', '357.30', 1, 3, '2017-08-05', 5, '19:56:18', 2),
(766, 99, '377.00', '49.01', '18.85', '147.03', 1, 5, '2019-05-30', 7, '15:36:13', 6),
(767, 21, '421.00', '54.73', '21.05', '101.04', 3, 2, '2016-09-16', 7, '13:33:59', 1),
(768, 48, '263.00', '34.19', '13.15', '84.16', 3, 3, '2016-06-22', 10, '09:07:58', 1),
(769, 41, '789.00', '102.57', '39.45', '386.61', 2, 4, '2018-09-12', 6, '17:25:03', 7),
(770, 58, '492.00', '63.96', '24.60', '103.32', 3, 2, '2018-12-18', 8, '08:54:30', 3),
(771, 33, '769.00', '99.97', '38.45', '322.98', 1, 2, '2018-03-14', 7, '14:15:54', 1),
(772, 19, '2125.00', '276.25', '106.25', '531.25', 1, 3, '2018-04-02', 5, '19:39:10', 3),
(773, 54, '52.00', '6.76', '2.60', '11.96', 1, 2, '2019-11-07', 5, '06:40:14', 4),
(774, 87, '1074.00', '139.62', '53.70', '279.24', 3, 5, '2018-03-14', 2, '12:25:10', 3),
(775, 121, '2111.00', '274.43', '105.55', '971.06', 3, 2, '2016-02-03', 2, '23:28:54', 4),
(776, 67, '1212.00', '157.56', '60.60', '581.76', 3, 5, '2018-04-30', 10, '16:05:28', 3),
(777, 21, '2117.00', '275.21', '105.85', '211.70', 1, 2, '2015-06-30', 10, '11:39:55', 4),
(778, 41, '753.00', '97.89', '37.65', '203.31', 1, 3, '2017-07-16', 4, '08:11:22', 1),
(779, 104, '1463.00', '190.19', '73.15', '555.94', 1, 1, '2019-06-02', 2, '08:58:04', 2),
(780, 22, '1681.00', '218.53', '84.05', '302.58', 1, 2, '2018-04-11', 10, '23:11:09', 6),
(781, 1, '741.00', '96.33', '37.05', '81.51', 3, 5, '2019-09-28', 8, '08:11:18', 2),
(782, 80, '1354.00', '176.02', '67.70', '189.56', 2, 3, '2015-11-21', 4, '22:21:37', 8),
(783, 70, '1779.00', '231.27', '88.95', '462.54', 1, 5, '2017-05-06', 5, '04:51:28', 3),
(784, 49, '2008.00', '261.04', '100.40', '582.32', 1, 4, '2015-03-05', 8, '03:44:32', 7),
(785, 86, '277.00', '36.01', '13.85', '80.33', 1, 5, '2019-02-14', 4, '01:03:03', 8),
(786, 112, '573.00', '74.49', '28.65', '200.55', 3, 2, '2018-03-31', 5, '06:57:17', 8),
(787, 36, '880.00', '114.40', '44.00', '158.40', 2, 1, '2017-02-07', 5, '06:24:33', 8),
(788, 38, '1823.00', '236.99', '91.15', '236.99', 1, 3, '2018-12-13', 10, '19:12:27', 2),
(789, 47, '1258.00', '163.54', '62.90', '150.96', 2, 3, '2015-06-03', 3, '15:47:57', 8),
(790, 6, '871.00', '113.23', '43.55', '391.95', 3, 1, '2015-11-25', 10, '22:26:14', 6),
(791, 108, '1070.00', '139.10', '53.50', '278.20', 2, 1, '2016-12-02', 7, '18:43:29', 2),
(792, 74, '1358.00', '176.54', '67.90', '393.82', 2, 4, '2019-09-03', 2, '19:25:02', 4),
(793, 94, '112.00', '14.56', '5.60', '11.20', 3, 1, '2015-10-15', 6, '02:52:44', 3),
(794, 6, '219.00', '28.47', '10.95', '37.23', 1, 1, '2017-03-03', 8, '11:58:05', 4),
(795, 111, '546.00', '70.98', '27.30', '245.70', 2, 5, '2016-10-11', 9, '08:56:12', 3),
(796, 113, '1197.00', '155.61', '59.85', '347.13', 3, 5, '2016-08-03', 6, '12:15:21', 7),
(797, 114, '346.00', '44.98', '17.30', '86.50', 2, 5, '2018-05-09', 10, '20:18:22', 1),
(798, 35, '1410.00', '183.30', '70.50', '634.50', 2, 1, '2016-09-12', 3, '21:16:47', 7),
(799, 104, '1159.00', '150.67', '57.95', '324.52', 3, 1, '2018-10-18', 6, '01:43:24', 5),
(800, 52, '802.00', '104.26', '40.10', '401.00', 1, 5, '2015-12-20', 1, '11:44:33', 6),
(801, 56, '896.00', '116.48', '44.80', '295.68', 3, 5, '2015-08-25', 4, '00:17:44', 3),
(802, 35, '1656.00', '215.28', '82.80', '215.28', 1, 5, '2016-10-12', 3, '08:37:14', 3),
(803, 115, '1046.00', '135.98', '52.30', '355.64', 3, 2, '2019-01-31', 9, '06:44:56', 3),
(804, 73, '1335.00', '173.55', '66.75', '547.35', 2, 4, '2019-11-14', 6, '14:11:36', 2),
(805, 5, '805.00', '104.65', '40.25', '265.65', 1, 3, '2016-03-20', 9, '03:07:42', 8),
(806, 54, '46.00', '5.98', '2.30', '20.24', 2, 5, '2018-03-15', 8, '10:50:04', 4),
(807, 116, '337.00', '43.81', '16.85', '151.65', 1, 2, '2018-12-06', 1, '07:00:02', 4),
(808, 94, '1977.00', '257.01', '98.85', '988.50', 1, 2, '2015-12-13', 6, '07:47:14', 2),
(809, 78, '1223.00', '158.99', '61.15', '269.06', 1, 5, '2018-09-08', 9, '19:03:51', 3),
(810, 21, '905.00', '117.65', '45.25', '126.70', 1, 3, '2015-05-30', 3, '20:01:56', 4),
(811, 82, '539.00', '70.07', '26.95', '258.72', 1, 1, '2015-05-02', 2, '23:17:28', 6),
(812, 56, '1874.00', '243.62', '93.70', '824.56', 2, 1, '2016-07-28', 2, '03:19:45', 1),
(813, 101, '1498.00', '194.74', '74.90', '434.42', 2, 2, '2017-10-27', 6, '08:19:12', 3),
(814, 49, '1217.00', '158.21', '60.85', '425.95', 3, 5, '2019-01-28', 2, '19:13:59', 1),
(815, 79, '1183.00', '153.79', '59.15', '354.90', 3, 3, '2018-05-03', 1, '20:57:19', 5),
(816, 120, '1561.00', '202.93', '78.05', '515.13', 2, 2, '2019-07-03', 3, '06:11:55', 5),
(817, 91, '383.00', '49.79', '19.15', '72.77', 3, 5, '2015-11-17', 2, '16:49:08', 2),
(818, 74, '2084.00', '270.92', '104.20', '937.80', 2, 4, '2018-02-13', 3, '22:17:55', 1),
(819, 85, '868.00', '112.84', '43.40', '130.20', 3, 3, '2018-11-07', 7, '12:37:28', 1),
(820, 48, '560.00', '72.80', '28.00', '162.40', 1, 5, '2015-04-15', 2, '01:42:57', 8),
(821, 2, '1065.00', '138.45', '53.25', '330.15', 3, 4, '2015-11-30', 6, '20:16:59', 2),
(822, 115, '1939.00', '252.07', '96.95', '426.58', 3, 5, '2019-04-16', 4, '03:50:51', 7),
(823, 101, '1060.00', '137.80', '53.00', '402.80', 1, 3, '2018-04-12', 10, '21:13:43', 7),
(824, 41, '2025.00', '263.25', '101.25', '243.00', 1, 5, '2017-01-22', 5, '03:54:45', 4),
(825, 41, '282.00', '36.66', '14.10', '31.02', 2, 1, '2015-02-03', 4, '21:32:40', 1),
(826, 74, '961.00', '124.93', '48.05', '240.25', 3, 3, '2015-03-24', 7, '03:59:50', 5),
(827, 69, '209.00', '27.17', '10.45', '29.26', 1, 3, '2020-01-13', 7, '04:12:19', 3),
(828, 4, '1878.00', '244.14', '93.90', '225.36', 1, 1, '2017-05-13', 8, '15:21:34', 7),
(829, 120, '1910.00', '248.30', '95.50', '439.30', 3, 4, '2017-11-24', 5, '12:19:02', 2),
(830, 89, '579.00', '75.27', '28.95', '127.38', 2, 4, '2016-01-20', 1, '05:00:34', 7),
(831, 58, '1855.00', '241.15', '92.75', '927.50', 1, 1, '2016-08-25', 5, '21:45:51', 8),
(832, 35, '1320.00', '171.60', '66.00', '462.00', 1, 4, '2018-01-20', 4, '09:28:26', 5),
(833, 100, '1412.00', '183.56', '70.60', '183.56', 3, 3, '2015-09-20', 10, '13:58:25', 7),
(834, 89, '42.00', '5.46', '2.10', '15.12', 1, 3, '2017-03-13', 1, '07:48:19', 4),
(835, 95, '1445.00', '187.85', '72.25', '303.45', 2, 4, '2016-04-20', 9, '05:44:11', 4),
(836, 118, '1960.00', '254.80', '98.00', '392.00', 2, 5, '2015-12-26', 5, '09:04:47', 5),
(837, 109, '923.00', '119.99', '46.15', '369.20', 2, 1, '2017-02-03', 10, '09:42:13', 4),
(838, 25, '1203.00', '156.39', '60.15', '312.78', 1, 5, '2017-09-10', 10, '13:57:08', 3),
(839, 103, '2400.00', '312.00', '120.00', '1176.00', 3, 4, '2015-07-26', 2, '18:19:36', 7),
(840, 35, '904.00', '117.52', '45.20', '271.20', 2, 1, '2015-05-19', 7, '05:47:10', 2),
(841, 108, '1586.00', '206.18', '79.30', '444.08', 2, 2, '2015-11-01', 10, '15:18:35', 7),
(842, 41, '1041.00', '135.33', '52.05', '249.84', 2, 2, '2017-11-14', 9, '19:37:46', 6),
(843, 91, '2231.00', '290.03', '111.55', '981.64', 2, 4, '2016-05-11', 8, '10:36:31', 1),
(844, 36, '1688.00', '219.44', '84.40', '270.08', 3, 2, '2017-10-07', 10, '03:53:03', 3),
(845, 7, '1544.00', '200.72', '77.20', '648.48', 2, 4, '2015-10-27', 6, '04:12:08', 5),
(846, 106, '1909.00', '248.17', '95.45', '381.80', 2, 3, '2015-02-27', 1, '10:37:56', 6),
(847, 77, '1613.00', '209.69', '80.65', '661.33', 2, 2, '2018-01-15', 1, '04:01:54', 2),
(848, 72, '2338.00', '303.94', '116.90', '865.06', 2, 5, '2015-08-03', 5, '03:01:58', 8),
(849, 6, '1384.00', '179.92', '69.20', '664.32', 1, 1, '2016-04-05', 10, '04:31:28', 1),
(850, 28, '2025.00', '263.25', '101.25', '729.00', 2, 1, '2019-02-18', 8, '03:41:38', 8),
(851, 109, '138.00', '17.94', '6.90', '55.20', 3, 2, '2019-06-10', 2, '10:56:30', 2),
(852, 63, '915.00', '118.95', '45.75', '283.65', 2, 3, '2019-02-15', 5, '12:45:34', 6),
(853, 35, '2129.00', '276.77', '106.45', '574.83', 2, 2, '2019-09-03', 4, '22:00:06', 7),
(854, 8, '1711.00', '222.43', '85.55', '461.97', 1, 5, '2017-02-07', 4, '05:23:54', 1),
(855, 38, '929.00', '120.77', '46.45', '120.77', 2, 2, '2019-09-18', 3, '15:53:35', 4),
(856, 104, '2288.00', '297.44', '114.40', '1098.24', 1, 5, '2018-01-12', 3, '17:04:51', 8),
(857, 33, '401.00', '52.13', '20.05', '188.47', 2, 4, '2018-09-18', 5, '20:01:27', 7),
(858, 2, '734.00', '95.42', '36.70', '198.18', 2, 4, '2018-08-30', 9, '05:07:43', 2),
(859, 102, '914.00', '118.82', '45.70', '201.08', 2, 2, '2017-08-06', 5, '05:17:05', 5),
(860, 54, '710.00', '92.30', '35.50', '284.00', 1, 1, '2015-05-13', 6, '07:08:04', 1),
(861, 16, '2251.00', '292.63', '112.55', '742.83', 1, 1, '2015-05-22', 7, '07:40:49', 8),
(862, 7, '484.00', '62.92', '24.20', '164.56', 3, 2, '2017-06-02', 10, '08:43:03', 4),
(863, 92, '1437.00', '186.81', '71.85', '474.21', 1, 2, '2019-03-04', 2, '04:05:19', 1),
(864, 97, '905.00', '117.65', '45.25', '398.20', 2, 3, '2016-04-30', 5, '01:17:54', 3),
(865, 45, '870.00', '113.10', '43.50', '234.90', 1, 2, '2019-02-10', 1, '13:17:10', 3),
(866, 75, '1148.00', '149.24', '57.40', '367.36', 3, 4, '2017-10-15', 7, '09:19:31', 8),
(867, 109, '2187.00', '284.31', '109.35', '1049.76', 3, 1, '2016-10-04', 2, '09:58:06', 1),
(868, 49, '912.00', '118.56', '45.60', '109.44', 1, 3, '2019-01-29', 10, '07:57:56', 6),
(869, 82, '928.00', '120.64', '46.40', '139.20', 3, 1, '2019-11-04', 10, '20:03:23', 5),
(870, 35, '2358.00', '306.54', '117.90', '400.86', 1, 3, '2016-12-09', 9, '19:20:47', 6),
(871, 26, '430.00', '55.90', '21.50', '150.50', 2, 2, '2015-04-26', 2, '10:22:07', 1),
(872, 4, '1028.00', '133.64', '51.40', '359.80', 1, 3, '2015-03-16', 3, '09:08:33', 6),
(873, 100, '1968.00', '255.84', '98.40', '236.16', 1, 5, '2019-10-25', 7, '21:18:27', 8),
(874, 101, '1243.00', '161.59', '62.15', '621.50', 1, 5, '2015-10-28', 5, '13:03:50', 1),
(875, 62, '1752.00', '227.76', '87.60', '192.72', 1, 4, '2019-09-08', 1, '06:49:02', 6),
(876, 47, '1403.00', '182.39', '70.15', '519.11', 1, 4, '2019-11-26', 4, '08:37:35', 7),
(877, 51, '2223.00', '288.99', '111.15', '1067.04', 2, 4, '2016-02-13', 3, '16:45:28', 6),
(878, 45, '2229.00', '289.77', '111.45', '579.54', 2, 5, '2016-06-26', 8, '14:59:33', 4),
(879, 42, '1519.00', '197.47', '75.95', '318.99', 2, 1, '2018-02-14', 3, '17:15:13', 4),
(880, 121, '811.00', '105.43', '40.55', '81.10', 2, 1, '2016-08-17', 9, '14:13:29', 7),
(881, 3, '1440.00', '187.20', '72.00', '331.20', 2, 3, '2015-05-25', 10, '17:53:14', 3),
(882, 72, '760.00', '98.80', '38.00', '228.00', 3, 3, '2017-08-10', 5, '10:07:21', 7),
(883, 81, '710.00', '92.30', '35.50', '340.80', 2, 5, '2019-11-16', 8, '07:17:53', 8),
(884, 16, '1708.00', '222.04', '85.40', '307.44', 1, 1, '2018-05-29', 1, '09:25:42', 8),
(885, 91, '991.00', '128.83', '49.55', '178.38', 1, 3, '2016-10-24', 4, '18:52:47', 8),
(886, 111, '1869.00', '242.97', '93.45', '186.90', 3, 5, '2019-03-08', 8, '11:44:19', 6),
(887, 104, '334.00', '43.42', '16.70', '83.50', 1, 2, '2018-03-10', 8, '11:38:17', 3),
(888, 6, '1177.00', '153.01', '58.85', '447.26', 1, 1, '2017-11-03', 4, '03:14:02', 6),
(889, 88, '2321.00', '301.73', '116.05', '719.51', 1, 5, '2018-05-15', 1, '16:09:55', 8),
(890, 79, '2170.00', '282.10', '108.50', '390.60', 1, 2, '2017-03-07', 3, '01:35:09', 7),
(891, 74, '2168.00', '281.84', '108.40', '498.64', 2, 2, '2019-12-01', 3, '22:09:27', 3),
(892, 118, '294.00', '38.22', '14.70', '38.22', 3, 4, '2016-05-11', 10, '09:40:44', 3),
(893, 41, '1058.00', '137.54', '52.90', '359.72', 1, 1, '2018-06-09', 7, '19:44:01', 8),
(894, 7, '1731.00', '225.03', '86.55', '657.78', 1, 3, '2015-04-29', 4, '17:21:33', 3),
(895, 17, '509.00', '66.17', '25.45', '106.89', 3, 2, '2019-07-05', 7, '10:09:12', 1),
(896, 76, '1535.00', '199.55', '76.75', '199.55', 1, 4, '2017-06-25', 8, '04:35:29', 3),
(897, 9, '2158.00', '280.54', '107.90', '776.88', 3, 1, '2015-06-19', 4, '12:44:32', 8),
(898, 101, '415.00', '53.95', '20.75', '58.10', 2, 3, '2018-06-15', 8, '01:56:12', 4),
(899, 55, '1014.00', '131.82', '50.70', '395.46', 3, 2, '2017-01-11', 1, '00:12:30', 3),
(900, 21, '2238.00', '290.94', '111.90', '223.80', 2, 2, '2019-08-17', 7, '16:03:43', 8),
(901, 99, '76.00', '9.88', '3.80', '9.88', 2, 4, '2019-12-10', 4, '02:45:10', 5),
(902, 6, '1506.00', '195.78', '75.30', '376.50', 3, 5, '2019-04-12', 10, '08:31:34', 1),
(903, 14, '1379.00', '179.27', '68.95', '151.69', 3, 4, '2017-03-13', 1, '20:30:40', 5),
(904, 60, '860.00', '111.80', '43.00', '232.20', 2, 3, '2018-10-07', 1, '17:26:37', 6),
(905, 83, '1702.00', '221.26', '85.10', '272.32', 3, 2, '2016-02-22', 10, '22:32:21', 3),
(906, 16, '825.00', '107.25', '41.25', '107.25', 3, 4, '2017-11-01', 3, '03:13:01', 5),
(907, 34, '1841.00', '239.33', '92.05', '552.30', 3, 1, '2016-05-31', 2, '12:33:24', 1),
(908, 76, '1972.00', '256.36', '98.60', '512.72', 1, 1, '2016-05-15', 10, '19:03:20', 1),
(909, 39, '1263.00', '164.19', '63.15', '517.83', 1, 1, '2016-11-06', 2, '22:17:20', 8),
(910, 59, '187.00', '24.31', '9.35', '78.54', 1, 3, '2017-07-21', 7, '05:48:22', 3),
(911, 99, '1635.00', '212.55', '81.75', '752.10', 2, 4, '2016-01-30', 6, '03:15:05', 3),
(912, 73, '219.00', '28.47', '10.95', '67.89', 1, 3, '2018-04-16', 4, '17:50:55', 3),
(913, 102, '57.00', '7.41', '2.85', '13.68', 3, 1, '2015-09-26', 9, '05:51:44', 2),
(914, 122, '1015.00', '131.95', '50.75', '294.35', 1, 2, '2018-10-08', 6, '08:04:16', 8),
(915, 13, '1598.00', '207.74', '79.90', '687.14', 3, 1, '2018-07-19', 8, '11:49:20', 1),
(916, 13, '628.00', '81.64', '31.40', '182.12', 2, 5, '2016-05-20', 1, '13:27:48', 3),
(917, 46, '1880.00', '244.40', '94.00', '338.40', 2, 3, '2015-11-24', 9, '18:54:02', 8),
(918, 99, '547.00', '71.11', '27.35', '109.40', 3, 5, '2015-03-11', 4, '13:42:26', 7),
(919, 17, '1788.00', '232.44', '89.40', '429.12', 2, 2, '2017-05-10', 6, '14:29:05', 7),
(920, 120, '431.00', '56.03', '21.55', '103.44', 1, 2, '2019-01-28', 10, '11:02:07', 7),
(921, 76, '1640.00', '213.20', '82.00', '393.60', 2, 4, '2018-02-25', 2, '19:49:01', 1),
(922, 39, '83.00', '10.79', '4.15', '27.39', 1, 3, '2020-01-27', 2, '04:23:17', 5),
(923, 96, '437.00', '56.81', '21.85', '192.28', 1, 5, '2019-02-05', 4, '06:07:49', 2),
(924, 1, '525.00', '68.25', '26.25', '84.00', 3, 2, '2018-08-13', 9, '02:20:40', 4),
(925, 97, '2020.00', '262.60', '101.00', '202.00', 1, 5, '2016-01-13', 6, '15:42:42', 1),
(926, 51, '747.00', '97.11', '37.35', '186.75', 2, 5, '2015-06-16', 10, '23:58:44', 2),
(927, 8, '1933.00', '251.29', '96.65', '560.57', 1, 5, '2017-09-27', 6, '21:27:28', 1),
(928, 52, '1315.00', '170.95', '65.75', '184.10', 3, 5, '2019-06-23', 4, '18:52:15', 2),
(929, 85, '2226.00', '289.38', '111.30', '511.98', 1, 3, '2015-10-11', 4, '02:20:22', 3),
(930, 36, '986.00', '128.18', '49.30', '404.26', 1, 1, '2019-08-04', 3, '10:07:00', 2),
(931, 115, '20.00', '2.60', '1.00', '4.80', 3, 1, '2017-04-04', 10, '19:07:56', 3),
(932, 52, '607.00', '78.91', '30.35', '91.05', 2, 3, '2017-05-03', 7, '20:15:50', 5),
(933, 62, '1819.00', '236.47', '90.95', '709.41', 3, 2, '2015-02-23', 4, '02:54:34', 7),
(934, 104, '1529.00', '198.77', '76.45', '703.34', 1, 2, '2015-05-06', 10, '22:57:07', 2),
(935, 77, '1473.00', '191.49', '73.65', '736.50', 3, 2, '2018-07-31', 10, '08:24:16', 8),
(936, 115, '757.00', '98.41', '37.85', '355.79', 2, 3, '2019-06-21', 2, '10:12:14', 1),
(937, 106, '599.00', '77.87', '29.95', '215.64', 1, 2, '2016-07-01', 3, '13:24:49', 2),
(938, 46, '1499.00', '194.87', '74.95', '554.63', 2, 3, '2015-09-14', 1, '17:00:41', 2),
(939, 94, '1132.00', '147.16', '56.60', '328.28', 3, 4, '2018-05-16', 10, '19:20:47', 4),
(940, 62, '984.00', '127.92', '49.20', '177.12', 1, 5, '2015-11-02', 9, '06:51:29', 8),
(941, 25, '2071.00', '269.23', '103.55', '807.69', 2, 1, '2017-01-11', 2, '07:32:51', 5),
(942, 101, '2267.00', '294.71', '113.35', '816.12', 2, 5, '2017-05-15', 7, '17:32:06', 3),
(943, 48, '303.00', '39.39', '15.15', '96.96', 2, 4, '2019-07-18', 9, '02:52:28', 5),
(944, 56, '1188.00', '154.44', '59.40', '582.12', 1, 1, '2016-04-14', 5, '16:27:04', 1),
(945, 115, '670.00', '87.10', '33.50', '281.40', 3, 3, '2015-04-17', 6, '05:21:59', 1),
(946, 61, '1222.00', '158.86', '61.10', '244.40', 3, 1, '2015-02-16', 6, '17:19:48', 2),
(947, 53, '1467.00', '190.71', '73.35', '660.15', 3, 4, '2017-10-29', 4, '21:31:50', 1),
(948, 84, '1340.00', '174.20', '67.00', '549.40', 2, 3, '2018-10-23', 1, '08:02:28', 1),
(949, 36, '802.00', '104.26', '40.10', '392.98', 3, 1, '2018-11-28', 4, '08:59:42', 1),
(950, 18, '1530.00', '198.90', '76.50', '336.60', 2, 4, '2018-10-18', 6, '13:15:52', 2),
(951, 69, '940.00', '122.20', '47.00', '376.00', 2, 2, '2017-01-28', 5, '03:06:59', 8),
(952, 46, '24.00', '3.12', '1.20', '10.56', 3, 3, '2018-06-17', 2, '17:06:59', 6),
(953, 65, '95.00', '12.35', '4.75', '25.65', 3, 2, '2016-04-09', 8, '11:44:12', 8),
(954, 111, '486.00', '63.18', '24.30', '97.20', 3, 2, '2019-07-06', 5, '15:37:25', 8),
(955, 63, '441.00', '57.33', '22.05', '119.07', 1, 3, '2019-09-06', 8, '00:20:58', 1),
(956, 107, '1878.00', '244.14', '93.90', '413.16', 1, 1, '2015-05-12', 5, '15:58:31', 3),
(957, 7, '1713.00', '222.69', '85.65', '805.11', 1, 1, '2017-07-21', 4, '14:37:35', 5),
(958, 81, '875.00', '113.75', '43.75', '113.75', 3, 5, '2018-06-25', 5, '01:42:31', 3),
(959, 58, '248.00', '32.24', '12.40', '86.80', 2, 4, '2015-07-31', 1, '01:36:52', 2),
(960, 1, '1328.00', '172.64', '66.40', '411.68', 2, 4, '2018-08-08', 5, '06:38:34', 6),
(961, 105, '708.00', '92.04', '35.40', '198.24', 1, 5, '2016-09-09', 5, '08:47:43', 4),
(962, 97, '1832.00', '238.16', '91.60', '787.76', 3, 5, '2016-07-27', 2, '22:31:25', 4),
(963, 67, '2329.00', '302.77', '116.45', '931.60', 2, 3, '2016-02-02', 3, '20:12:09', 3),
(964, 89, '655.00', '85.15', '32.75', '85.15', 3, 3, '2017-08-31', 2, '01:49:02', 5),
(965, 102, '115.00', '14.95', '5.75', '12.65', 3, 5, '2015-09-13', 1, '13:55:11', 8),
(966, 28, '1681.00', '218.53', '84.05', '739.64', 1, 3, '2016-05-02', 1, '02:22:21', 7),
(967, 42, '2125.00', '276.25', '106.25', '786.25', 1, 2, '2017-05-27', 6, '07:27:55', 6),
(968, 44, '672.00', '87.36', '33.60', '221.76', 3, 3, '2017-04-28', 10, '11:54:05', 6),
(969, 94, '433.00', '56.29', '21.65', '194.85', 3, 3, '2019-02-24', 2, '22:13:56', 8),
(970, 13, '619.00', '80.47', '30.95', '185.70', 2, 4, '2017-12-21', 5, '06:13:52', 6),
(971, 5, '1585.00', '206.05', '79.25', '776.65', 1, 3, '2019-04-13', 7, '17:03:19', 3),
(972, 12, '28.00', '3.64', '1.40', '4.48', 1, 3, '2016-10-20', 8, '22:24:13', 6),
(973, 94, '1786.00', '232.18', '89.30', '178.60', 2, 2, '2018-11-14', 1, '16:05:35', 5),
(974, 104, '882.00', '114.66', '44.10', '388.08', 1, 3, '2018-11-03', 7, '23:00:11', 4),
(975, 76, '293.00', '38.09', '14.65', '143.57', 1, 5, '2016-09-17', 1, '08:57:01', 4),
(976, 42, '1283.00', '166.79', '64.15', '615.84', 2, 4, '2019-12-19', 1, '18:10:02', 2),
(977, 63, '1738.00', '225.94', '86.90', '191.18', 2, 3, '2019-02-25', 2, '04:10:13', 2),
(978, 80, '1945.00', '252.85', '97.25', '641.85', 3, 1, '2015-09-25', 9, '04:20:35', 1),
(979, 100, '204.00', '26.52', '10.20', '85.68', 1, 2, '2015-11-17', 7, '22:28:54', 3),
(980, 120, '2015.00', '261.95', '100.75', '624.65', 3, 4, '2016-11-27', 4, '17:14:23', 7),
(981, 104, '287.00', '37.31', '14.35', '77.49', 2, 1, '2017-11-22', 5, '02:29:42', 4),
(982, 41, '330.00', '42.90', '16.50', '165.00', 1, 3, '2016-08-28', 2, '14:40:11', 8),
(983, 77, '1241.00', '161.33', '62.05', '521.22', 2, 2, '2019-07-31', 7, '10:43:17', 6),
(984, 9, '1973.00', '256.49', '98.65', '848.39', 1, 1, '2016-10-26', 6, '14:45:27', 4),
(985, 75, '921.00', '119.73', '46.05', '239.46', 1, 5, '2019-09-13', 4, '21:26:52', 8),
(986, 78, '471.00', '61.23', '23.55', '207.24', 1, 1, '2017-06-29', 10, '03:14:31', 7),
(987, 100, '2181.00', '283.53', '109.05', '894.21', 2, 1, '2018-10-31', 2, '04:01:19', 3),
(988, 76, '35.00', '4.55', '1.75', '3.50', 3, 2, '2015-11-02', 2, '02:37:12', 7),
(989, 23, '1353.00', '175.89', '67.65', '216.48', 2, 3, '2018-01-29', 4, '23:02:34', 4),
(990, 56, '1120.00', '145.60', '56.00', '302.40', 2, 2, '2017-09-06', 2, '19:58:16', 8),
(991, 35, '1748.00', '227.24', '87.40', '576.84', 1, 5, '2015-09-29', 2, '23:44:59', 8),
(992, 24, '648.00', '84.24', '32.40', '97.20', 1, 5, '2015-06-22', 4, '00:55:20', 6),
(993, 92, '1551.00', '201.63', '77.55', '186.12', 3, 1, '2017-07-23', 1, '00:09:20', 6),
(994, 88, '1730.00', '224.90', '86.50', '207.60', 3, 4, '2017-10-20', 8, '16:45:35', 5),
(995, 92, '1762.00', '229.06', '88.10', '828.14', 3, 2, '2018-03-11', 6, '08:17:33', 2),
(996, 51, '1295.00', '168.35', '64.75', '569.80', 3, 2, '2015-08-22', 3, '04:57:54', 8),
(997, 119, '978.00', '127.14', '48.90', '440.10', 1, 5, '2017-06-23', 1, '11:02:05', 1),
(998, 109, '1214.00', '157.82', '60.70', '437.04', 1, 1, '2015-06-27', 2, '19:00:28', 3),
(999, 12, '119.00', '15.47', '5.95', '20.23', 1, 5, '2015-11-09', 4, '00:57:06', 8),
(1000, 69, '1138.00', '147.94', '56.90', '398.30', 2, 1, '2017-12-08', 10, '19:44:00', 4),
(1001, 12, '2073.00', '269.49', '103.65', '704.82', 3, 5, '2015-06-18', 4, '20:22:30', 5),
(1002, 8, '1353.00', '175.89', '67.65', '270.60', 3, 1, '2015-02-17', 8, '23:25:56', 8),
(1003, 29, '711.00', '92.43', '35.55', '156.42', 1, 3, '2019-12-06', 7, '20:56:00', 2),
(1004, 40, '1875.00', '243.75', '93.75', '431.25', 3, 4, '2018-07-25', 10, '02:09:11', 3),
(1005, 54, '1913.00', '248.69', '95.65', '879.98', 2, 3, '2019-03-14', 7, '09:00:48', 2),
(1006, 14, '1022.00', '132.86', '51.10', '500.78', 3, 4, '2018-10-29', 8, '15:33:06', 8),
(1007, 26, '569.00', '73.97', '28.45', '244.67', 1, 4, '2019-10-29', 9, '07:52:51', 2),
(1008, 57, '1371.00', '178.23', '68.55', '301.62', 1, 5, '2018-11-05', 4, '20:04:56', 2),
(1009, 65, '1390.00', '180.70', '69.50', '166.80', 2, 5, '2019-07-18', 7, '19:54:43', 6),
(1010, 109, '1334.00', '173.42', '66.70', '320.16', 1, 1, '2017-12-19', 7, '21:05:52', 2),
(1011, 75, '1826.00', '237.38', '91.30', '346.94', 3, 3, '2019-06-05', 7, '13:31:41', 7),
(1012, 33, '489.00', '63.57', '24.45', '220.05', 1, 4, '2018-05-20', 6, '09:09:22', 8),
(1013, 116, '1213.00', '157.69', '60.65', '485.20', 1, 3, '2020-01-05', 10, '01:37:27', 6),
(1014, 92, '1430.00', '185.90', '71.50', '257.40', 3, 5, '2015-01-25', 2, '22:48:29', 7),
(1015, 71, '1733.00', '225.29', '86.65', '745.19', 3, 4, '2017-01-20', 4, '02:07:56', 5),
(1016, 7, '1295.00', '168.35', '64.75', '543.90', 3, 1, '2017-02-25', 2, '06:34:00', 2),
(1017, 40, '2364.00', '307.32', '118.20', '425.52', 2, 4, '2015-08-06', 9, '00:47:12', 5),
(1018, 104, '1591.00', '206.83', '79.55', '779.59', 1, 4, '2018-11-13', 1, '18:01:27', 6),
(1019, 29, '648.00', '84.24', '32.40', '200.88', 1, 5, '2019-01-27', 8, '05:33:53', 1),
(1020, 65, '539.00', '70.07', '26.95', '102.41', 3, 3, '2018-08-11', 9, '02:39:15', 8),
(1021, 3, '1504.00', '195.52', '75.20', '300.80', 3, 5, '2019-09-19', 7, '08:15:14', 3),
(1022, 107, '215.00', '27.95', '10.75', '90.30', 2, 1, '2019-03-07', 1, '19:07:47', 5),
(1023, 96, '839.00', '109.07', '41.95', '327.21', 3, 4, '2016-05-29', 6, '07:18:51', 4),
(1024, 94, '592.00', '76.96', '29.60', '130.24', 1, 4, '2016-01-19', 4, '21:08:37', 6),
(1025, 92, '497.00', '64.61', '24.85', '49.70', 2, 2, '2016-09-04', 5, '19:30:42', 3),
(1026, 99, '1865.00', '242.45', '93.25', '820.60', 3, 5, '2018-07-25', 4, '19:16:20', 6),
(1027, 42, '2035.00', '264.55', '101.75', '814.00', 1, 4, '2015-02-17', 5, '15:14:32', 6),
(1028, 18, '1641.00', '213.33', '82.05', '492.30', 1, 2, '2017-07-25', 7, '08:27:59', 5),
(1029, 116, '547.00', '71.11', '27.35', '103.93', 2, 4, '2017-07-14', 4, '13:26:47', 2),
(1030, 36, '204.00', '26.52', '10.20', '95.88', 2, 2, '2019-08-28', 10, '14:18:31', 7),
(1031, 95, '105.00', '13.65', '5.25', '21.00', 3, 5, '2017-12-08', 4, '01:34:12', 6),
(1032, 63, '759.00', '98.67', '37.95', '91.08', 2, 5, '2016-10-19', 3, '20:42:54', 2),
(1033, 67, '49.00', '6.37', '2.45', '24.50', 3, 5, '2017-01-27', 3, '09:15:11', 3),
(1034, 122, '719.00', '93.47', '35.95', '165.37', 3, 3, '2018-12-08', 5, '05:13:00', 3),
(1035, 70, '492.00', '63.96', '24.60', '88.56', 1, 5, '2015-03-30', 8, '19:30:38', 5),
(1036, 78, '1300.00', '169.00', '65.00', '247.00', 3, 4, '2018-10-20', 1, '16:18:32', 6),
(1037, 72, '1484.00', '192.92', '74.20', '667.80', 2, 3, '2015-02-04', 3, '02:47:13', 7),
(1038, 109, '1483.00', '192.79', '74.15', '222.45', 1, 4, '2018-06-22', 1, '01:22:23', 5),
(1039, 96, '2241.00', '291.33', '112.05', '380.97', 1, 1, '2018-05-14', 9, '23:52:36', 5),
(1040, 85, '163.00', '21.19', '8.15', '32.60', 2, 5, '2017-10-30', 7, '19:06:51', 3),
(1041, 117, '1192.00', '154.96', '59.60', '381.44', 3, 5, '2015-01-26', 6, '08:25:05', 4),
(1042, 112, '1946.00', '252.98', '97.30', '428.12', 2, 3, '2016-11-08', 5, '21:51:25', 1),
(1043, 48, '698.00', '90.74', '34.90', '265.24', 3, 5, '2017-06-24', 6, '03:35:13', 2),
(1044, 23, '1081.00', '140.53', '54.05', '259.44', 1, 3, '2016-03-09', 8, '17:22:37', 3),
(1045, 118, '2071.00', '269.23', '103.55', '538.46', 1, 1, '2017-04-18', 8, '22:06:10', 3),
(1046, 115, '798.00', '103.74', '39.90', '351.12', 3, 1, '2015-06-19', 2, '17:26:40', 7),
(1047, 48, '269.00', '34.97', '13.45', '123.74', 2, 5, '2016-09-22', 7, '08:19:49', 5),
(1048, 97, '2259.00', '293.67', '112.95', '587.34', 2, 2, '2018-02-18', 4, '03:29:53', 5),
(1049, 32, '1307.00', '169.91', '65.35', '156.84', 1, 4, '2018-04-10', 9, '08:32:12', 4),
(1050, 29, '260.00', '33.80', '13.00', '130.00', 2, 4, '2017-07-17', 10, '17:19:18', 2),
(1051, 96, '1871.00', '243.23', '93.55', '841.95', 3, 5, '2016-03-06', 10, '09:02:49', 1),
(1052, 13, '1114.00', '144.82', '55.70', '211.66', 3, 4, '2017-10-29', 2, '13:46:12', 3),
(1053, 98, '1254.00', '163.02', '62.70', '125.40', 1, 1, '2015-02-15', 1, '12:53:37', 6),
(1054, 8, '168.00', '21.84', '8.40', '18.48', 3, 4, '2016-06-23', 9, '10:36:08', 5),
(1055, 48, '1699.00', '220.87', '84.95', '237.86', 1, 3, '2016-01-24', 8, '16:40:39', 5),
(1056, 96, '1430.00', '185.90', '71.50', '414.70', 2, 5, '2016-08-26', 3, '12:25:11', 2),
(1057, 96, '523.00', '67.99', '26.15', '151.67', 3, 3, '2018-10-08', 5, '07:17:14', 8),
(1058, 71, '532.00', '69.16', '26.60', '127.68', 1, 3, '2018-04-05', 2, '04:37:35', 2),
(1059, 66, '613.00', '79.69', '30.65', '91.95', 3, 1, '2016-10-17', 10, '18:05:05', 5),
(1060, 69, '804.00', '104.52', '40.20', '120.60', 1, 2, '2018-11-11', 3, '15:39:49', 1),
(1061, 27, '1774.00', '230.62', '88.70', '337.06', 3, 2, '2015-07-04', 8, '00:06:46', 3),
(1062, 41, '2330.00', '302.90', '116.50', '466.00', 3, 4, '2016-08-23', 7, '18:19:54', 6),
(1063, 104, '1969.00', '255.97', '98.45', '236.28', 2, 2, '2019-05-15', 6, '09:50:46', 2),
(1064, 34, '144.00', '18.72', '7.20', '25.92', 2, 2, '2017-08-27', 9, '07:21:20', 2),
(1065, 94, '1655.00', '215.15', '82.75', '678.55', 1, 1, '2016-01-20', 8, '23:29:39', 4),
(1066, 81, '264.00', '34.32', '13.20', '47.52', 1, 4, '2015-09-08', 1, '12:10:39', 4),
(1067, 73, '579.00', '75.27', '28.95', '185.28', 2, 1, '2015-05-11', 3, '04:04:25', 3),
(1068, 56, '565.00', '73.45', '28.25', '186.45', 3, 4, '2017-01-25', 4, '01:49:09', 3),
(1069, 34, '122.00', '15.86', '6.10', '47.58', 2, 4, '2015-07-29', 3, '08:32:11', 7),
(1070, 17, '318.00', '41.34', '15.90', '127.20', 1, 3, '2017-12-02', 4, '07:57:33', 2),
(1071, 77, '1715.00', '222.95', '85.75', '548.80', 2, 5, '2018-12-11', 5, '04:30:19', 7),
(1072, 97, '2010.00', '261.30', '100.50', '663.30', 3, 2, '2015-07-27', 6, '15:13:39', 5),
(1073, 57, '2099.00', '272.87', '104.95', '419.80', 1, 2, '2019-03-08', 7, '19:32:43', 3),
(1074, 56, '1314.00', '170.82', '65.70', '420.48', 2, 1, '2016-01-13', 7, '17:40:21', 8),
(1075, 19, '2091.00', '271.83', '104.55', '627.30', 3, 3, '2018-03-28', 6, '02:53:21', 3),
(1076, 14, '2381.00', '309.53', '119.05', '595.25', 3, 3, '2016-08-12', 2, '19:23:42', 3),
(1077, 16, '2341.00', '304.33', '117.05', '702.30', 1, 4, '2018-09-03', 2, '05:03:30', 2),
(1078, 46, '1186.00', '154.18', '59.30', '450.68', 2, 1, '2015-04-28', 6, '23:34:46', 5),
(1079, 29, '965.00', '125.45', '48.25', '299.15', 2, 2, '2016-01-15', 5, '23:19:04', 6),
(1080, 50, '621.00', '80.73', '31.05', '68.31', 2, 1, '2016-02-05', 8, '14:52:31', 4),
(1081, 91, '1801.00', '234.13', '90.05', '198.11', 2, 5, '2016-01-07', 7, '11:39:33', 7),
(1082, 57, '679.00', '88.27', '33.95', '210.49', 3, 3, '2015-11-21', 7, '06:48:17', 3),
(1083, 37, '1209.00', '157.17', '60.45', '411.06', 3, 5, '2019-09-15', 4, '11:40:35', 6),
(1084, 83, '299.00', '38.87', '14.95', '116.61', 3, 2, '2016-07-14', 2, '06:54:35', 6),
(1085, 84, '1046.00', '135.98', '52.30', '355.64', 2, 3, '2015-06-26', 8, '09:15:29', 7),
(1086, 116, '505.00', '65.65', '25.25', '232.30', 2, 2, '2016-03-19', 10, '19:01:25', 3),
(1087, 80, '1521.00', '197.73', '76.05', '608.40', 2, 3, '2018-05-27', 4, '07:26:43', 8),
(1088, 77, '2363.00', '307.19', '118.15', '283.56', 1, 5, '2018-08-09', 6, '00:28:35', 4),
(1089, 32, '539.00', '70.07', '26.95', '156.31', 1, 3, '2017-11-13', 7, '20:28:56', 2),
(1090, 29, '1713.00', '222.69', '85.65', '205.56', 3, 2, '2015-11-19', 1, '04:47:39', 6),
(1091, 59, '445.00', '57.85', '22.25', '191.35', 3, 5, '2017-12-28', 8, '09:51:58', 8),
(1092, 4, '2395.00', '311.35', '119.75', '646.65', 3, 1, '2016-02-08', 1, '00:29:38', 6),
(1093, 32, '220.00', '28.60', '11.00', '94.60', 2, 4, '2017-10-05', 4, '06:46:58', 2),
(1094, 75, '1707.00', '221.91', '85.35', '751.08', 2, 1, '2016-12-15', 9, '02:16:22', 2),
(1095, 54, '960.00', '124.80', '48.00', '384.00', 2, 3, '2015-12-15', 2, '05:15:51', 3),
(1096, 73, '297.00', '38.61', '14.85', '80.19', 3, 5, '2016-02-20', 8, '02:55:06', 7),
(1097, 115, '2112.00', '274.56', '105.60', '739.20', 1, 5, '2019-01-06', 10, '02:28:10', 2),
(1098, 121, '763.00', '99.19', '38.15', '228.90', 3, 1, '2016-10-22', 4, '08:53:01', 3),
(1099, 111, '1383.00', '179.79', '69.15', '484.05', 1, 5, '2015-07-30', 6, '21:55:18', 7),
(1100, 57, '1006.00', '130.78', '50.30', '462.76', 3, 5, '2019-08-25', 4, '00:32:59', 3),
(1101, 70, '2119.00', '275.47', '105.95', '805.22', 2, 1, '2017-06-16', 1, '14:45:54', 5),
(1102, 74, '2086.00', '271.18', '104.30', '417.20', 2, 2, '2016-07-30', 1, '10:12:06', 2),
(1103, 116, '360.00', '46.80', '18.00', '79.20', 2, 1, '2017-01-04', 3, '04:01:57', 5),
(1104, 30, '1587.00', '206.31', '79.35', '222.18', 2, 1, '2018-12-03', 2, '22:58:14', 6),
(1105, 8, '1835.00', '238.55', '91.75', '330.30', 3, 2, '2019-05-12', 6, '23:00:27', 8),
(1106, 52, '827.00', '107.51', '41.35', '256.37', 3, 1, '2018-11-22', 10, '17:31:01', 5),
(1107, 50, '223.00', '28.99', '11.15', '102.58', 3, 3, '2015-04-06', 5, '06:00:04', 1),
(1108, 120, '490.00', '63.70', '24.50', '102.90', 1, 5, '2016-12-28', 7, '03:06:19', 4),
(1109, 65, '1605.00', '208.65', '80.25', '176.55', 2, 3, '2015-07-06', 10, '05:56:56', 4),
(1110, 99, '1319.00', '171.47', '65.95', '131.90', 1, 3, '2018-04-02', 8, '09:08:14', 7),
(1111, 76, '2094.00', '272.22', '104.70', '439.74', 2, 3, '2016-06-26', 6, '14:55:41', 1),
(1112, 70, '410.00', '53.30', '20.50', '61.50', 2, 3, '2018-04-05', 4, '00:44:41', 7),
(1113, 105, '252.00', '32.76', '12.60', '30.24', 2, 4, '2018-02-16', 9, '16:25:15', 6),
(1114, 7, '1675.00', '217.75', '83.75', '485.75', 3, 5, '2015-02-24', 10, '23:35:07', 2),
(1115, 87, '649.00', '84.37', '32.45', '77.88', 1, 2, '2019-04-30', 10, '22:26:12', 3),
(1116, 39, '1258.00', '163.54', '62.90', '591.26', 1, 1, '2019-02-20', 1, '20:01:50', 1),
(1117, 92, '56.00', '7.28', '2.80', '8.40', 1, 4, '2019-02-28', 8, '05:19:38', 2),
(1118, 115, '111.00', '14.43', '5.55', '22.20', 1, 4, '2017-08-10', 3, '23:08:46', 3),
(1119, 86, '293.00', '38.09', '14.65', '38.09', 1, 4, '2015-03-26', 3, '11:44:53', 8),
(1120, 113, '667.00', '86.71', '33.35', '153.41', 1, 5, '2017-06-11', 3, '14:58:50', 3),
(1121, 110, '1686.00', '219.18', '84.30', '691.26', 1, 1, '2019-10-04', 6, '01:42:27', 5),
(1122, 119, '949.00', '123.37', '47.45', '104.39', 2, 5, '2016-03-07', 3, '01:14:27', 8),
(1123, 74, '1063.00', '138.19', '53.15', '191.34', 2, 5, '2016-05-13', 2, '11:42:22', 6),
(1124, 35, '1313.00', '170.69', '65.65', '301.99', 1, 4, '2019-03-24', 5, '07:20:26', 6),
(1125, 76, '1567.00', '203.71', '78.35', '532.78', 1, 3, '2018-09-27', 6, '15:21:50', 3),
(1126, 98, '77.00', '10.01', '3.85', '26.95', 2, 5, '2017-12-01', 10, '19:33:33', 7),
(1127, 49, '587.00', '76.31', '29.35', '117.40', 2, 3, '2017-06-19', 7, '06:43:19', 6),
(1128, 98, '566.00', '73.58', '28.30', '203.76', 1, 3, '2018-02-18', 4, '19:07:27', 2),
(1129, 63, '2086.00', '271.18', '104.30', '1043.00', 2, 3, '2015-12-06', 10, '08:17:23', 7),
(1130, 87, '1600.00', '208.00', '80.00', '160.00', 3, 1, '2016-07-09', 5, '19:51:53', 3),
(1131, 7, '183.00', '23.79', '9.15', '42.09', 2, 5, '2019-10-06', 3, '02:56:35', 7),
(1132, 16, '2007.00', '260.91', '100.35', '863.01', 1, 2, '2018-06-15', 6, '11:47:35', 6),
(1133, 52, '867.00', '112.71', '43.35', '147.39', 1, 3, '2018-05-15', 1, '02:07:20', 6),
(1134, 76, '1053.00', '136.89', '52.65', '284.31', 1, 2, '2018-03-30', 4, '23:42:47', 5),
(1135, 119, '2007.00', '260.91', '100.35', '321.12', 1, 3, '2015-02-03', 3, '04:27:56', 6),
(1136, 36, '555.00', '72.15', '27.75', '94.35', 1, 1, '2015-02-19', 9, '23:19:57', 5),
(1137, 40, '107.00', '13.91', '5.35', '25.68', 2, 4, '2017-12-26', 3, '19:11:29', 4),
(1138, 97, '2179.00', '283.27', '108.95', '653.70', 3, 3, '2019-10-03', 4, '10:35:38', 6),
(1139, 122, '1378.00', '179.14', '68.90', '633.88', 3, 1, '2019-06-17', 1, '01:11:59', 3),
(1140, 105, '376.00', '48.88', '18.80', '82.72', 2, 5, '2018-09-23', 10, '02:47:16', 6),
(1141, 114, '413.00', '53.69', '20.65', '107.38', 2, 4, '2018-03-11', 7, '00:05:09', 6),
(1142, 59, '1535.00', '199.55', '76.75', '460.50', 3, 5, '2019-07-29', 2, '11:46:58', 7),
(1143, 63, '2312.00', '300.56', '115.60', '554.88', 1, 3, '2015-04-25', 3, '17:33:53', 4),
(1144, 6, '1232.00', '160.16', '61.60', '616.00', 2, 3, '2019-10-02', 6, '20:46:46', 2),
(1145, 41, '1022.00', '132.86', '51.10', '194.18', 2, 1, '2017-10-25', 10, '01:49:08', 4),
(1146, 67, '184.00', '23.92', '9.20', '64.40', 1, 5, '2018-03-09', 2, '02:24:18', 7),
(1147, 62, '469.00', '60.97', '23.45', '75.04', 1, 4, '2019-07-10', 7, '06:29:44', 6),
(1148, 24, '1088.00', '141.44', '54.40', '522.24', 1, 5, '2015-11-11', 5, '02:06:30', 3),
(1149, 19, '1569.00', '203.97', '78.45', '360.87', 2, 5, '2015-07-17', 2, '00:32:07', 3),
(1150, 8, '1378.00', '179.14', '68.90', '427.18', 2, 1, '2016-12-21', 8, '15:45:40', 1),
(1151, 73, '1251.00', '162.63', '62.55', '450.36', 3, 1, '2015-05-06', 4, '07:58:30', 7),
(1152, 54, '1612.00', '209.56', '80.60', '806.00', 2, 5, '2019-05-15', 5, '15:31:21', 4);
INSERT INTO `ventas` (`id_venta`, `id_cliente`, `monto`, `iva`, `cesc`, `costo`, `estado`, `forma_pago`, `fecha`, `id_empleado`, `hora_registro`, `tienda`) VALUES
(1153, 36, '362.00', '47.06', '18.10', '162.90', 2, 4, '2015-05-11', 6, '19:19:13', 7),
(1154, 74, '1540.00', '200.20', '77.00', '184.80', 1, 5, '2016-07-26', 10, '00:05:52', 8),
(1155, 119, '1733.00', '225.29', '86.65', '346.60', 3, 5, '2020-01-08', 6, '17:45:30', 4),
(1156, 66, '584.00', '75.92', '29.20', '245.28', 2, 2, '2018-06-01', 7, '09:22:13', 4),
(1157, 122, '606.00', '78.78', '30.30', '278.76', 2, 1, '2016-10-01', 8, '12:54:16', 3),
(1158, 88, '1327.00', '172.51', '66.35', '424.64', 2, 4, '2017-03-02', 10, '08:57:16', 2),
(1159, 111, '239.00', '31.07', '11.95', '93.21', 1, 1, '2017-05-13', 3, '16:58:32', 8),
(1160, 51, '1730.00', '224.90', '86.50', '328.70', 3, 2, '2020-01-26', 6, '13:48:01', 3),
(1161, 4, '1369.00', '177.97', '68.45', '314.87', 2, 2, '2018-10-08', 6, '12:38:08', 1),
(1162, 71, '2122.00', '275.86', '106.10', '700.26', 1, 2, '2015-04-12', 3, '03:54:36', 1),
(1163, 19, '610.00', '79.30', '30.50', '152.50', 3, 4, '2017-11-04', 8, '13:36:58', 8),
(1164, 122, '2363.00', '307.19', '118.15', '614.38', 1, 4, '2016-07-11', 2, '06:48:58', 5),
(1165, 99, '1874.00', '243.62', '93.70', '768.34', 3, 5, '2019-02-17', 9, '18:04:31', 8),
(1166, 59, '139.00', '18.07', '6.95', '55.60', 1, 1, '2015-03-30', 3, '09:58:15', 1),
(1167, 93, '1988.00', '258.44', '99.40', '954.24', 3, 5, '2016-09-13', 2, '14:49:53', 2),
(1168, 28, '170.00', '22.10', '8.50', '45.90', 2, 5, '2015-02-18', 1, '06:33:02', 6),
(1169, 110, '1776.00', '230.88', '88.80', '426.24', 3, 2, '2016-11-20', 1, '16:40:10', 1),
(1170, 15, '1333.00', '173.29', '66.65', '133.30', 1, 4, '2016-07-07', 8, '11:29:18', 5),
(1171, 47, '1049.00', '136.37', '52.45', '346.17', 1, 1, '2016-10-04', 1, '07:47:48', 2),
(1172, 41, '581.00', '75.53', '29.05', '191.73', 2, 2, '2018-08-31', 4, '23:31:38', 3),
(1173, 52, '346.00', '44.98', '17.30', '100.34', 2, 5, '2017-09-14', 4, '10:05:28', 8),
(1174, 62, '1681.00', '218.53', '84.05', '353.01', 2, 3, '2016-11-26', 8, '07:24:58', 8),
(1175, 105, '2065.00', '268.45', '103.25', '743.40', 3, 1, '2015-06-23', 9, '12:16:46', 6),
(1176, 80, '1457.00', '189.41', '72.85', '174.84', 2, 5, '2016-03-16', 10, '09:48:18', 3),
(1177, 94, '1250.00', '162.50', '62.50', '187.50', 2, 3, '2019-01-10', 5, '03:54:12', 2),
(1178, 32, '1833.00', '238.29', '91.65', '329.94', 1, 5, '2019-05-06', 2, '06:11:16', 6),
(1179, 41, '1437.00', '186.81', '71.85', '560.43', 3, 3, '2018-11-07', 9, '03:16:03', 2),
(1180, 109, '1192.00', '154.96', '59.60', '286.08', 1, 2, '2017-07-20', 4, '18:28:13', 1),
(1181, 102, '765.00', '99.45', '38.25', '367.20', 3, 3, '2016-12-31', 5, '13:29:34', 4),
(1182, 73, '615.00', '79.95', '30.75', '282.90', 2, 4, '2017-10-22', 9, '20:21:37', 6),
(1183, 76, '1394.00', '181.22', '69.70', '236.98', 2, 2, '2017-11-15', 5, '11:45:15', 3),
(1184, 49, '30.00', '3.90', '1.50', '12.90', 3, 5, '2019-02-02', 7, '22:46:13', 5),
(1185, 68, '1779.00', '231.27', '88.95', '266.85', 3, 4, '2019-06-13', 5, '09:02:22', 7),
(1186, 109, '725.00', '94.25', '36.25', '224.75', 2, 5, '2016-10-01', 1, '18:58:40', 3),
(1187, 57, '1744.00', '226.72', '87.20', '784.80', 2, 3, '2016-12-08', 6, '19:43:00', 3),
(1188, 109, '296.00', '38.48', '14.80', '133.20', 3, 2, '2018-06-08', 4, '08:32:53', 5),
(1189, 74, '576.00', '74.88', '28.80', '241.92', 2, 4, '2019-08-01', 3, '02:36:34', 1),
(1190, 33, '1291.00', '167.83', '64.55', '245.29', 2, 2, '2017-08-02', 10, '23:38:52', 7),
(1191, 114, '836.00', '108.68', '41.80', '334.40', 3, 5, '2017-09-03', 8, '10:41:03', 6),
(1192, 48, '71.00', '9.23', '3.55', '18.46', 2, 4, '2016-04-17', 4, '10:48:57', 8),
(1193, 72, '2186.00', '284.18', '109.30', '327.90', 1, 2, '2015-12-13', 7, '17:20:27', 5),
(1194, 83, '333.00', '43.29', '16.65', '56.61', 2, 4, '2016-02-26', 3, '11:01:47', 2),
(1195, 7, '1566.00', '203.58', '78.30', '501.12', 1, 2, '2019-07-10', 10, '05:24:19', 2),
(1196, 105, '1497.00', '194.61', '74.85', '523.95', 2, 1, '2018-03-27', 7, '01:47:10', 7),
(1197, 102, '2136.00', '277.68', '106.80', '875.76', 1, 1, '2016-05-06', 6, '08:39:19', 2),
(1198, 59, '853.00', '110.89', '42.65', '221.78', 2, 2, '2019-03-08', 10, '10:21:29', 6),
(1199, 82, '347.00', '45.11', '17.35', '69.40', 2, 1, '2017-05-03', 1, '21:44:32', 7),
(1200, 32, '139.00', '18.07', '6.95', '16.68', 3, 1, '2017-06-14', 8, '15:22:42', 7),
(1201, 62, '1465.00', '190.45', '73.25', '644.60', 3, 3, '2017-12-14', 9, '08:48:35', 5),
(1202, 59, '1194.00', '155.22', '59.70', '441.78', 3, 3, '2015-05-06', 8, '02:28:06', 3),
(1203, 93, '2260.00', '293.80', '113.00', '881.40', 3, 3, '2017-02-12', 1, '04:35:26', 1),
(1204, 36, '622.00', '80.86', '31.10', '230.14', 3, 1, '2015-02-09', 9, '22:56:51', 3),
(1205, 69, '161.00', '20.93', '8.05', '74.06', 1, 1, '2018-11-28', 3, '05:20:26', 8),
(1206, 29, '2160.00', '280.80', '108.00', '388.80', 3, 4, '2016-05-24', 1, '06:46:43', 8),
(1207, 42, '1619.00', '210.47', '80.95', '178.09', 1, 1, '2017-09-10', 4, '15:31:12', 6),
(1208, 56, '26.00', '3.38', '1.30', '8.06', 3, 3, '2015-03-31', 4, '17:37:40', 3),
(1209, 59, '1686.00', '219.18', '84.30', '775.56', 3, 1, '2018-10-24', 1, '12:02:38', 8),
(1210, 87, '275.00', '35.75', '13.75', '57.75', 2, 5, '2016-10-02', 5, '17:58:17', 6),
(1211, 100, '1657.00', '215.41', '82.85', '563.38', 3, 2, '2018-03-11', 3, '20:15:29', 7),
(1212, 39, '798.00', '103.74', '39.90', '183.54', 1, 1, '2015-03-31', 4, '23:10:55', 5),
(1213, 12, '903.00', '117.39', '45.15', '442.47', 2, 5, '2018-04-21', 1, '18:32:14', 3),
(1214, 91, '2269.00', '294.97', '113.45', '658.01', 3, 4, '2016-08-19', 8, '13:55:35', 2),
(1215, 24, '232.00', '30.16', '11.60', '69.60', 2, 2, '2019-08-31', 8, '05:06:25', 6),
(1216, 9, '1149.00', '149.37', '57.45', '471.09', 2, 3, '2019-05-05', 1, '09:08:30', 8),
(1217, 104, '1811.00', '235.43', '90.55', '235.43', 3, 3, '2015-06-09', 5, '10:21:50', 2),
(1218, 74, '1515.00', '196.95', '75.75', '484.80', 3, 2, '2015-07-06', 7, '14:14:24', 1),
(1219, 23, '194.00', '25.22', '9.70', '48.50', 1, 3, '2016-06-03', 2, '11:12:08', 5),
(1220, 114, '2120.00', '275.60', '106.00', '1060.00', 1, 3, '2016-09-03', 8, '01:40:10', 1),
(1221, 9, '1338.00', '173.94', '66.90', '200.70', 3, 2, '2016-05-27', 9, '16:40:39', 2),
(1222, 40, '2359.00', '306.67', '117.95', '990.78', 1, 5, '2020-01-06', 5, '03:52:33', 4),
(1223, 105, '653.00', '84.89', '32.65', '176.31', 2, 5, '2016-06-06', 6, '04:23:48', 5),
(1224, 61, '159.00', '20.67', '7.95', '34.98', 3, 4, '2016-07-28', 6, '05:19:05', 8),
(1225, 23, '1034.00', '134.42', '51.70', '155.10', 2, 4, '2017-10-08', 10, '18:17:30', 6),
(1226, 30, '143.00', '18.59', '7.15', '45.76', 1, 2, '2019-06-26', 8, '21:02:05', 1),
(1227, 22, '2030.00', '263.90', '101.50', '426.30', 2, 5, '2018-07-21', 3, '02:24:45', 6),
(1228, 30, '1772.00', '230.36', '88.60', '815.12', 3, 4, '2016-08-26', 8, '07:44:59', 4),
(1229, 62, '1551.00', '201.63', '77.55', '403.26', 2, 2, '2015-02-20', 9, '06:05:43', 4),
(1230, 12, '459.00', '59.67', '22.95', '156.06', 1, 4, '2019-08-22', 3, '06:10:47', 5),
(1231, 26, '467.00', '60.71', '23.35', '140.10', 1, 4, '2015-12-26', 1, '18:30:08', 2),
(1232, 88, '2235.00', '290.55', '111.75', '581.10', 3, 5, '2015-09-24', 2, '19:04:27', 4),
(1233, 99, '905.00', '117.65', '45.25', '153.85', 1, 3, '2017-02-09', 7, '21:08:38', 4),
(1234, 79, '547.00', '71.11', '27.35', '131.28', 2, 4, '2015-03-14', 3, '19:27:33', 6),
(1235, 31, '2086.00', '271.18', '104.30', '709.24', 3, 2, '2015-06-21', 6, '05:07:47', 1),
(1236, 16, '800.00', '104.00', '40.00', '344.00', 1, 2, '2016-05-23', 1, '06:09:11', 5),
(1237, 98, '625.00', '81.25', '31.25', '175.00', 1, 4, '2019-01-19', 6, '23:29:08', 2),
(1238, 121, '596.00', '77.48', '29.80', '178.80', 2, 3, '2018-08-02', 1, '19:48:48', 4),
(1239, 58, '637.00', '82.81', '31.85', '114.66', 3, 5, '2015-01-26', 1, '05:16:33', 3),
(1240, 25, '558.00', '72.54', '27.90', '128.34', 3, 5, '2019-02-19', 6, '01:59:16', 4),
(1241, 46, '1370.00', '178.10', '68.50', '589.10', 1, 1, '2015-10-25', 10, '04:14:30', 2),
(1242, 83, '829.00', '107.77', '41.45', '190.67', 1, 3, '2017-06-10', 3, '08:01:28', 5),
(1243, 77, '133.00', '17.29', '6.65', '38.57', 2, 4, '2016-11-12', 6, '12:41:12', 4),
(1244, 86, '570.00', '74.10', '28.50', '148.20', 1, 1, '2017-01-15', 10, '05:22:37', 7),
(1245, 51, '1358.00', '176.54', '67.90', '285.18', 1, 2, '2015-03-08', 2, '08:31:28', 4),
(1246, 85, '1994.00', '259.22', '99.70', '478.56', 1, 4, '2019-08-11', 3, '18:23:39', 5),
(1247, 21, '2234.00', '290.42', '111.70', '871.26', 1, 3, '2019-03-04', 9, '05:04:47', 4),
(1248, 108, '2080.00', '270.40', '104.00', '416.00', 1, 3, '2018-05-06', 5, '07:12:12', 6),
(1249, 73, '304.00', '39.52', '15.20', '33.44', 2, 5, '2015-09-25', 4, '09:25:03', 1),
(1250, 19, '1514.00', '196.82', '75.70', '166.54', 2, 4, '2017-09-18', 5, '17:25:40', 2),
(1251, 60, '1277.00', '166.01', '63.85', '510.80', 2, 5, '2015-01-07', 7, '05:29:10', 1),
(1252, 101, '911.00', '118.43', '45.55', '218.64', 2, 4, '2018-06-01', 8, '02:23:13', 5),
(1253, 70, '1561.00', '202.93', '78.05', '390.25', 2, 3, '2018-12-28', 9, '17:45:31', 3),
(1254, 24, '1891.00', '245.83', '94.55', '699.67', 1, 4, '2016-05-06', 9, '01:55:17', 8),
(1255, 79, '1825.00', '237.25', '91.25', '200.75', 1, 3, '2016-07-09', 8, '16:50:41', 1),
(1256, 98, '14.00', '1.82', '0.70', '6.16', 3, 3, '2017-09-16', 3, '21:03:00', 5),
(1257, 25, '164.00', '21.32', '8.20', '34.44', 3, 4, '2019-07-21', 3, '02:46:07', 7),
(1258, 117, '299.00', '38.87', '14.95', '71.76', 3, 2, '2016-04-18', 3, '06:06:19', 1),
(1259, 19, '403.00', '52.39', '20.15', '145.08', 3, 5, '2019-09-28', 8, '03:53:21', 6),
(1260, 92, '750.00', '97.50', '37.50', '90.00', 1, 5, '2015-10-20', 4, '15:23:32', 2),
(1261, 42, '877.00', '114.01', '43.85', '87.70', 3, 4, '2019-03-03', 5, '07:17:38', 7),
(1262, 104, '1997.00', '259.61', '99.85', '898.65', 3, 1, '2016-11-24', 1, '13:29:51', 5),
(1263, 114, '2360.00', '306.80', '118.00', '637.20', 2, 4, '2018-12-23', 4, '05:23:52', 7),
(1264, 50, '2008.00', '261.04', '100.40', '763.04', 3, 5, '2019-08-02', 2, '10:00:17', 3),
(1265, 78, '1118.00', '145.34', '55.90', '190.06', 2, 3, '2017-02-27', 8, '20:25:45', 1),
(1266, 47, '2145.00', '278.85', '107.25', '493.35', 3, 2, '2016-02-23', 8, '19:24:15', 6),
(1267, 37, '1084.00', '140.92', '54.20', '108.40', 3, 3, '2015-04-22', 4, '09:14:53', 5),
(1268, 61, '444.00', '57.72', '22.20', '164.28', 1, 5, '2019-04-24', 1, '17:08:37', 6),
(1269, 114, '1969.00', '255.97', '98.45', '767.91', 3, 5, '2016-11-04', 4, '14:26:18', 6),
(1270, 41, '1527.00', '198.51', '76.35', '503.91', 2, 4, '2019-02-15', 5, '12:03:49', 2),
(1271, 101, '898.00', '116.74', '44.90', '332.26', 3, 2, '2016-06-23', 3, '09:16:02', 5),
(1272, 79, '252.00', '32.76', '12.60', '68.04', 2, 1, '2016-09-22', 9, '09:38:13', 8),
(1273, 70, '776.00', '100.88', '38.80', '256.08', 3, 3, '2015-01-16', 2, '19:32:56', 4),
(1274, 77, '1206.00', '156.78', '60.30', '603.00', 1, 2, '2017-04-07', 2, '08:51:09', 2),
(1275, 43, '977.00', '127.01', '48.85', '400.57', 3, 3, '2018-07-28', 10, '06:49:57', 1),
(1276, 59, '1340.00', '174.20', '67.00', '562.80', 1, 2, '2015-07-24', 9, '10:38:56', 4),
(1277, 11, '21.00', '2.73', '1.05', '6.72', 1, 1, '2017-10-01', 6, '07:03:01', 4),
(1278, 88, '2226.00', '289.38', '111.30', '578.76', 3, 4, '2019-01-23', 6, '00:08:06', 4),
(1279, 34, '879.00', '114.27', '43.95', '184.59', 2, 5, '2017-03-23', 9, '07:38:39', 7),
(1280, 35, '1079.00', '140.27', '53.95', '334.49', 2, 3, '2015-03-17', 4, '08:54:29', 5),
(1281, 17, '35.00', '4.55', '1.75', '14.00', 1, 4, '2015-09-09', 8, '23:57:26', 7),
(1282, 5, '1147.00', '149.11', '57.35', '493.21', 1, 3, '2016-11-02', 2, '12:47:53', 8),
(1283, 53, '834.00', '108.42', '41.70', '91.74', 2, 3, '2016-12-03', 8, '07:56:52', 1),
(1284, 10, '1220.00', '158.60', '61.00', '402.60', 3, 4, '2018-01-29', 2, '01:32:16', 4),
(1285, 90, '203.00', '26.39', '10.15', '24.36', 1, 2, '2016-12-15', 9, '00:50:25', 8),
(1286, 116, '101.00', '13.13', '5.05', '48.48', 3, 4, '2017-06-15', 1, '06:12:14', 5),
(1287, 105, '1612.00', '209.56', '80.60', '499.72', 2, 4, '2017-12-23', 8, '23:31:38', 3),
(1288, 85, '1766.00', '229.58', '88.30', '406.18', 2, 3, '2017-08-23', 8, '00:30:44', 2),
(1289, 66, '1845.00', '239.85', '92.25', '498.15', 2, 1, '2017-10-01', 8, '02:53:37', 8),
(1290, 109, '1181.00', '153.53', '59.05', '389.73', 1, 3, '2018-08-06', 4, '01:58:23', 5),
(1291, 53, '2390.00', '310.70', '119.50', '1075.50', 2, 4, '2015-06-27', 7, '21:00:24', 3),
(1292, 117, '723.00', '93.99', '36.15', '209.67', 1, 3, '2018-06-09', 7, '20:05:54', 6),
(1293, 55, '60.00', '7.80', '3.00', '23.40', 1, 5, '2018-01-03', 7, '03:18:23', 5),
(1294, 70, '727.00', '94.51', '36.35', '72.70', 1, 3, '2017-03-07', 9, '09:18:53', 7),
(1295, 68, '2093.00', '272.09', '104.65', '816.27', 3, 4, '2016-05-21', 1, '03:26:41', 1),
(1296, 10, '1610.00', '209.30', '80.50', '338.10', 3, 4, '2019-03-08', 3, '14:03:37', 4),
(1297, 81, '1508.00', '196.04', '75.40', '678.60', 1, 4, '2017-11-30', 10, '08:50:31', 2),
(1298, 107, '1255.00', '163.15', '62.75', '577.30', 1, 2, '2016-10-16', 4, '02:38:09', 7),
(1299, 5, '1380.00', '179.40', '69.00', '138.00', 1, 5, '2017-01-12', 6, '03:34:56', 5),
(1300, 92, '918.00', '119.34', '45.90', '302.94', 3, 5, '2019-03-16', 1, '01:11:20', 6),
(1301, 115, '1352.00', '175.76', '67.60', '486.72', 3, 2, '2015-09-08', 10, '06:00:32', 1),
(1302, 39, '2390.00', '310.70', '119.50', '239.00', 3, 3, '2019-09-03', 4, '16:02:24', 8),
(1303, 22, '591.00', '76.83', '29.55', '195.03', 2, 4, '2018-06-17', 7, '04:13:38', 3),
(1304, 48, '588.00', '76.44', '29.40', '64.68', 2, 2, '2018-12-30', 9, '19:57:55', 7),
(1305, 5, '424.00', '55.12', '21.20', '63.60', 3, 4, '2016-10-14', 2, '15:14:24', 5),
(1306, 18, '66.00', '8.58', '3.30', '26.40', 2, 4, '2016-05-09', 9, '19:16:56', 6),
(1307, 41, '692.00', '89.96', '34.60', '318.32', 1, 4, '2019-12-09', 5, '04:30:59', 4),
(1308, 98, '325.00', '42.25', '16.25', '35.75', 2, 1, '2015-05-01', 9, '10:52:51', 8),
(1309, 83, '132.00', '17.16', '6.60', '60.72', 2, 2, '2018-09-28', 3, '17:04:22', 5),
(1310, 48, '1356.00', '176.28', '67.80', '257.64', 3, 5, '2018-02-04', 10, '08:22:18', 5),
(1311, 10, '968.00', '125.84', '48.40', '232.32', 2, 4, '2018-12-21', 8, '04:21:55', 5),
(1312, 14, '2232.00', '290.16', '111.60', '446.40', 2, 4, '2017-03-28', 3, '14:19:40', 4),
(1313, 25, '1135.00', '147.55', '56.75', '192.95', 3, 4, '2015-07-11', 1, '00:29:51', 1),
(1314, 25, '1529.00', '198.77', '76.45', '519.86', 1, 3, '2018-01-18', 2, '07:12:49', 5),
(1315, 94, '1754.00', '228.02', '87.70', '631.44', 1, 1, '2018-01-01', 4, '18:17:03', 2),
(1316, 22, '375.00', '48.75', '18.75', '82.50', 3, 3, '2017-12-20', 6, '23:28:22', 5),
(1317, 110, '369.00', '47.97', '18.45', '77.49', 3, 3, '2019-03-01', 9, '21:33:30', 1),
(1318, 24, '2097.00', '272.61', '104.85', '335.52', 2, 3, '2015-12-12', 1, '12:11:43', 5),
(1319, 96, '101.00', '13.13', '5.05', '19.19', 1, 4, '2015-07-18', 3, '14:44:50', 6),
(1320, 115, '1286.00', '167.18', '64.30', '411.52', 1, 2, '2018-02-02', 1, '03:14:48', 1),
(1321, 79, '648.00', '84.24', '32.40', '116.64', 1, 2, '2015-06-07', 3, '00:32:54', 4),
(1322, 41, '1306.00', '169.78', '65.30', '496.28', 3, 4, '2016-11-06', 4, '17:18:03', 7),
(1323, 119, '1781.00', '231.53', '89.05', '569.92', 3, 4, '2016-10-29', 7, '02:46:18', 2),
(1324, 100, '603.00', '78.39', '30.15', '192.96', 1, 4, '2016-04-09', 3, '17:18:28', 7),
(1325, 30, '1007.00', '130.91', '50.35', '120.84', 1, 1, '2016-11-18', 8, '19:42:03', 2),
(1326, 104, '1641.00', '213.33', '82.05', '361.02', 2, 5, '2019-01-15', 6, '09:49:47', 5),
(1327, 69, '1323.00', '171.99', '66.15', '463.05', 2, 3, '2019-01-29', 7, '09:03:46', 1),
(1328, 46, '301.00', '39.13', '15.05', '63.21', 1, 5, '2016-01-18', 2, '13:31:24', 7),
(1329, 26, '413.00', '53.69', '20.65', '66.08', 1, 1, '2015-08-12', 1, '05:53:57', 2),
(1330, 4, '934.00', '121.42', '46.70', '270.86', 3, 3, '2016-03-14', 3, '03:03:16', 7),
(1331, 80, '199.00', '25.87', '9.95', '53.73', 1, 2, '2017-09-11', 8, '02:35:04', 4),
(1332, 104, '1278.00', '166.14', '63.90', '472.86', 3, 1, '2019-05-24', 10, '18:56:13', 6),
(1333, 33, '666.00', '86.58', '33.30', '99.90', 1, 2, '2017-06-10', 6, '10:25:50', 2),
(1334, 16, '2189.00', '284.57', '109.45', '1094.50', 2, 3, '2019-10-12', 7, '06:41:09', 1),
(1335, 98, '1940.00', '252.20', '97.00', '717.80', 3, 3, '2019-03-13', 5, '12:00:05', 5),
(1336, 71, '1872.00', '243.36', '93.60', '692.64', 3, 3, '2018-02-28', 4, '20:27:52', 3),
(1337, 6, '1709.00', '222.17', '85.45', '803.23', 1, 4, '2019-05-16', 7, '06:16:02', 8),
(1338, 105, '2174.00', '282.62', '108.70', '456.54', 1, 4, '2019-08-02', 3, '20:31:43', 6),
(1339, 1, '2199.00', '285.87', '109.95', '1011.54', 2, 1, '2017-10-11', 4, '10:12:01', 1),
(1340, 115, '1125.00', '146.25', '56.25', '157.50', 3, 2, '2019-06-09', 4, '05:49:38', 8),
(1341, 101, '876.00', '113.88', '43.80', '420.48', 3, 5, '2019-08-16', 6, '10:55:01', 3),
(1342, 105, '1096.00', '142.48', '54.80', '493.20', 2, 4, '2017-02-27', 4, '07:28:43', 1),
(1343, 67, '468.00', '60.84', '23.40', '145.08', 3, 3, '2018-02-10', 8, '11:03:19', 5),
(1344, 38, '850.00', '110.50', '42.50', '246.50', 1, 4, '2015-10-05', 5, '10:16:27', 1),
(1345, 15, '1258.00', '163.54', '62.90', '163.54', 3, 2, '2016-07-18', 6, '02:17:08', 3),
(1346, 116, '893.00', '116.09', '44.65', '383.99', 1, 4, '2020-01-08', 3, '21:37:56', 2),
(1347, 92, '1294.00', '168.22', '64.70', '517.60', 3, 4, '2018-07-26', 9, '00:04:38', 4),
(1348, 23, '1974.00', '256.62', '98.70', '750.12', 2, 3, '2015-02-05', 10, '15:44:24', 7),
(1349, 28, '1420.00', '184.60', '71.00', '156.20', 3, 1, '2018-01-22', 2, '02:37:57', 6),
(1350, 18, '1210.00', '157.30', '60.50', '399.30', 2, 1, '2015-09-06', 3, '07:50:51', 7),
(1351, 122, '1083.00', '140.79', '54.15', '292.41', 3, 5, '2017-10-10', 10, '12:02:34', 3),
(1352, 120, '2263.00', '294.19', '113.15', '407.34', 2, 2, '2018-02-15', 1, '16:33:47', 6),
(1353, 94, '1997.00', '259.61', '99.85', '738.89', 2, 4, '2016-05-07', 9, '21:51:15', 7),
(1354, 90, '1671.00', '217.23', '83.55', '551.43', 3, 2, '2017-03-06', 8, '23:16:16', 7),
(1355, 32, '2043.00', '265.59', '102.15', '1021.50', 1, 4, '2018-03-10', 6, '12:32:37', 5),
(1356, 3, '466.00', '60.58', '23.30', '200.38', 1, 5, '2015-12-24', 8, '08:34:54', 1),
(1357, 66, '237.00', '30.81', '11.85', '111.39', 2, 3, '2018-02-24', 8, '07:51:59', 1),
(1358, 73, '764.00', '99.32', '38.20', '275.04', 3, 2, '2015-03-01', 10, '13:25:43', 5),
(1359, 26, '2121.00', '275.73', '106.05', '1060.50', 1, 2, '2015-01-26', 3, '14:48:42', 4),
(1360, 67, '1788.00', '232.44', '89.40', '375.48', 2, 3, '2019-01-11', 4, '08:42:07', 5),
(1361, 98, '223.00', '28.99', '11.15', '84.74', 1, 5, '2018-10-03', 7, '08:28:03', 8),
(1362, 122, '1820.00', '236.60', '91.00', '436.80', 1, 2, '2015-11-30', 7, '00:07:29', 3),
(1363, 38, '1923.00', '249.99', '96.15', '211.53', 3, 4, '2017-07-22', 8, '17:32:45', 4),
(1364, 42, '1354.00', '176.02', '67.70', '514.52', 1, 2, '2017-10-13', 2, '10:20:59', 7),
(1365, 36, '2186.00', '284.18', '109.30', '240.46', 3, 4, '2018-06-03', 3, '12:23:46', 1),
(1366, 37, '2384.00', '309.92', '119.20', '858.24', 2, 1, '2018-10-11', 4, '14:35:56', 8),
(1367, 56, '1810.00', '235.30', '90.50', '181.00', 3, 4, '2018-12-09', 10, '22:54:52', 4),
(1368, 85, '217.00', '28.21', '10.85', '69.44', 2, 1, '2017-11-16', 3, '02:38:53', 1),
(1369, 56, '2195.00', '285.35', '109.75', '899.95', 1, 3, '2015-06-21', 7, '09:45:11', 6),
(1370, 64, '1973.00', '256.49', '98.65', '947.04', 1, 5, '2018-12-17', 6, '18:02:54', 7),
(1371, 91, '1151.00', '149.63', '57.55', '494.93', 1, 3, '2016-07-11', 2, '06:40:34', 8),
(1372, 5, '1351.00', '175.63', '67.55', '621.46', 2, 5, '2018-11-05', 10, '03:35:52', 8),
(1373, 61, '1278.00', '166.14', '63.90', '281.16', 2, 2, '2018-04-21', 3, '19:38:01', 2),
(1374, 100, '1268.00', '164.84', '63.40', '557.92', 1, 3, '2018-07-31', 6, '10:51:23', 6),
(1375, 6, '299.00', '38.87', '14.95', '65.78', 3, 5, '2017-02-07', 10, '12:16:27', 7),
(1376, 24, '1599.00', '207.87', '79.95', '335.79', 3, 1, '2018-09-06', 2, '14:39:24', 2),
(1377, 32, '840.00', '109.20', '42.00', '394.80', 2, 4, '2015-06-02', 7, '15:40:00', 7),
(1378, 63, '834.00', '108.42', '41.70', '125.10', 3, 4, '2016-02-23', 4, '21:53:16', 1),
(1379, 102, '1509.00', '196.17', '75.45', '301.80', 3, 5, '2016-08-28', 3, '16:46:40', 6),
(1380, 6, '1364.00', '177.32', '68.20', '177.32', 2, 1, '2017-09-20', 7, '08:01:00', 4),
(1381, 89, '2065.00', '268.45', '103.25', '598.85', 2, 2, '2019-12-18', 4, '09:24:56', 1),
(1382, 39, '686.00', '89.18', '34.30', '274.40', 3, 2, '2017-05-18', 4, '17:39:17', 5),
(1383, 80, '634.00', '82.42', '31.70', '101.44', 1, 2, '2017-02-22', 9, '09:46:13', 2),
(1384, 22, '1803.00', '234.39', '90.15', '306.51', 1, 3, '2019-05-18', 2, '15:29:18', 2),
(1385, 69, '1290.00', '167.70', '64.50', '632.10', 3, 3, '2015-12-26', 7, '10:40:43', 5),
(1386, 74, '1696.00', '220.48', '84.80', '186.56', 3, 2, '2018-10-07', 5, '15:16:12', 5),
(1387, 21, '432.00', '56.16', '21.60', '129.60', 3, 2, '2016-03-14', 7, '21:05:06', 5),
(1388, 61, '500.00', '65.00', '25.00', '55.00', 2, 5, '2017-09-18', 7, '21:18:03', 3),
(1389, 13, '35.00', '4.55', '1.75', '8.40', 1, 1, '2018-08-30', 4, '06:45:31', 5),
(1390, 40, '1812.00', '235.56', '90.60', '761.04', 3, 3, '2019-03-01', 3, '06:03:19', 8),
(1391, 54, '792.00', '102.96', '39.60', '285.12', 1, 2, '2015-04-21', 1, '13:30:06', 2),
(1392, 88, '518.00', '67.34', '25.90', '134.68', 3, 3, '2018-04-04', 1, '02:01:05', 5),
(1393, 16, '2391.00', '310.83', '119.55', '932.49', 1, 1, '2019-07-21', 3, '18:24:06', 1),
(1394, 120, '477.00', '62.01', '23.85', '181.26', 2, 3, '2017-07-22', 5, '22:02:29', 1),
(1395, 46, '1334.00', '173.42', '66.70', '520.26', 1, 5, '2017-05-06', 10, '23:41:31', 1),
(1396, 118, '595.00', '77.35', '29.75', '119.00', 3, 2, '2015-03-28', 6, '06:32:33', 4),
(1397, 93, '548.00', '71.24', '27.40', '137.00', 2, 5, '2017-08-28', 5, '06:42:51', 1),
(1398, 59, '997.00', '129.61', '49.85', '249.25', 3, 5, '2019-01-25', 2, '13:07:51', 5),
(1399, 66, '575.00', '74.75', '28.75', '115.00', 2, 3, '2018-06-11', 5, '08:13:15', 5),
(1400, 21, '1193.00', '155.09', '59.65', '548.78', 1, 1, '2015-08-08', 7, '05:22:19', 8),
(1401, 83, '465.00', '60.45', '23.25', '195.30', 3, 4, '2015-06-14', 10, '23:56:42', 8),
(1402, 110, '664.00', '86.32', '33.20', '146.08', 2, 5, '2018-03-06', 5, '21:53:05', 2),
(1403, 86, '1494.00', '194.22', '74.70', '448.20', 3, 3, '2015-01-01', 4, '09:18:29', 7),
(1404, 62, '1976.00', '256.88', '98.80', '573.04', 2, 5, '2015-09-21', 1, '04:52:16', 6),
(1405, 14, '666.00', '86.58', '33.30', '273.06', 2, 1, '2019-08-23', 7, '18:17:21', 5),
(1406, 112, '1453.00', '188.89', '72.65', '581.20', 3, 2, '2019-01-16', 7, '10:51:24', 3),
(1407, 107, '440.00', '57.20', '22.00', '123.20', 2, 2, '2018-08-09', 2, '13:13:21', 7),
(1408, 16, '2214.00', '287.82', '110.70', '996.30', 3, 5, '2017-03-11', 1, '11:22:21', 8),
(1409, 15, '1575.00', '204.75', '78.75', '488.25', 3, 1, '2016-12-26', 10, '11:33:28', 5),
(1410, 76, '1387.00', '180.31', '69.35', '194.18', 2, 4, '2016-11-11', 5, '14:18:42', 6),
(1411, 95, '159.00', '20.67', '7.95', '74.73', 1, 1, '2017-08-01', 4, '18:08:40', 6),
(1412, 39, '481.00', '62.53', '24.05', '52.91', 3, 1, '2019-05-27', 6, '18:33:48', 7),
(1413, 76, '333.00', '43.29', '16.65', '49.95', 1, 2, '2017-12-22', 5, '14:16:45', 3),
(1414, 6, '1832.00', '238.16', '91.60', '677.84', 2, 3, '2017-07-24', 1, '00:18:20', 8),
(1415, 29, '45.00', '5.85', '2.25', '9.90', 2, 3, '2016-06-23', 10, '02:20:34', 8),
(1416, 98, '1001.00', '130.13', '50.05', '440.44', 2, 2, '2017-02-22', 5, '15:14:56', 6),
(1417, 24, '82.00', '10.66', '4.10', '9.84', 2, 3, '2017-06-29', 1, '13:34:13', 7),
(1418, 58, '2032.00', '264.16', '101.60', '792.48', 2, 2, '2017-09-24', 8, '09:45:36', 7),
(1419, 69, '41.00', '5.33', '2.05', '20.09', 2, 2, '2019-12-28', 5, '02:35:37', 7),
(1420, 81, '341.00', '44.33', '17.05', '102.30', 2, 2, '2019-05-12', 7, '16:36:36', 8),
(1421, 48, '2378.00', '309.14', '118.90', '642.06', 2, 4, '2017-10-12', 3, '17:08:20', 4),
(1422, 24, '723.00', '93.99', '36.15', '101.22', 3, 2, '2018-04-25', 4, '15:07:34', 1),
(1423, 9, '805.00', '104.65', '40.25', '193.20', 3, 1, '2019-03-14', 7, '11:46:59', 8),
(1424, 67, '276.00', '35.88', '13.80', '102.12', 2, 4, '2018-10-23', 9, '05:38:54', 7),
(1425, 73, '2137.00', '277.81', '106.85', '384.66', 1, 3, '2017-09-28', 10, '15:36:09', 5),
(1426, 63, '655.00', '85.15', '32.75', '209.60', 1, 4, '2017-03-20', 4, '12:15:00', 8),
(1427, 27, '1848.00', '240.24', '92.40', '665.28', 2, 4, '2016-10-29', 1, '16:14:14', 3),
(1428, 51, '300.00', '39.00', '15.00', '81.00', 2, 1, '2016-07-31', 2, '18:56:04', 5),
(1429, 67, '242.00', '31.46', '12.10', '45.98', 3, 2, '2015-04-10', 5, '11:13:12', 3),
(1430, 51, '714.00', '92.82', '35.70', '135.66', 2, 4, '2019-10-24', 1, '19:27:00', 3),
(1431, 42, '2235.00', '290.55', '111.75', '1072.80', 1, 4, '2019-09-09', 2, '04:35:10', 6),
(1432, 118, '2189.00', '284.57', '109.45', '569.14', 2, 5, '2015-03-24', 9, '09:56:42', 3),
(1433, 117, '677.00', '88.01', '33.85', '257.26', 2, 4, '2016-12-03', 6, '01:52:51', 3),
(1434, 59, '1048.00', '136.24', '52.40', '356.32', 3, 1, '2019-06-19', 2, '16:57:01', 1),
(1435, 81, '1019.00', '132.47', '50.95', '366.84', 1, 3, '2017-01-23', 10, '16:10:17', 7),
(1436, 52, '425.00', '55.25', '21.25', '80.75', 1, 4, '2018-05-24', 5, '01:10:31', 2),
(1437, 118, '1632.00', '212.16', '81.60', '701.76', 1, 2, '2018-02-07', 10, '11:19:27', 4),
(1438, 28, '2050.00', '266.50', '102.50', '840.50', 1, 4, '2019-07-29', 5, '06:48:07', 4),
(1439, 69, '2082.00', '270.66', '104.10', '1041.00', 2, 1, '2019-02-18', 3, '00:21:35', 8),
(1440, 27, '691.00', '89.83', '34.55', '138.20', 3, 3, '2018-09-12', 3, '18:28:50', 6),
(1441, 96, '1907.00', '247.91', '95.35', '877.22', 1, 4, '2019-08-08', 10, '13:57:44', 7),
(1442, 115, '1218.00', '158.34', '60.90', '572.46', 2, 2, '2017-09-13', 4, '20:39:40', 7),
(1443, 84, '1836.00', '238.68', '91.80', '807.84', 2, 2, '2018-09-10', 6, '04:52:44', 1),
(1444, 46, '1850.00', '240.50', '92.50', '592.00', 2, 5, '2018-07-24', 1, '08:54:49', 3),
(1445, 45, '1396.00', '181.48', '69.80', '265.24', 3, 5, '2018-06-08', 9, '00:51:33', 1),
(1446, 96, '518.00', '67.34', '25.90', '233.10', 1, 4, '2018-07-07', 8, '14:10:02', 4),
(1447, 56, '224.00', '29.12', '11.20', '42.56', 3, 2, '2016-03-29', 5, '18:20:11', 3),
(1448, 102, '1596.00', '207.48', '79.80', '223.44', 1, 1, '2019-08-13', 1, '14:41:47', 8),
(1449, 28, '2050.00', '266.50', '102.50', '799.50', 2, 5, '2017-06-29', 3, '05:59:03', 3),
(1450, 6, '1667.00', '216.71', '83.35', '366.74', 1, 2, '2016-12-14', 4, '00:05:19', 3),
(1451, 43, '1211.00', '157.43', '60.55', '351.19', 3, 4, '2017-04-12', 9, '11:26:47', 1),
(1452, 44, '795.00', '103.35', '39.75', '286.20', 3, 5, '2017-07-31', 3, '19:41:12', 4),
(1453, 37, '1494.00', '194.22', '74.70', '268.92', 3, 3, '2015-10-23', 8, '15:31:48', 2),
(1454, 54, '2376.00', '308.88', '118.80', '712.80', 3, 2, '2015-11-25', 8, '04:45:20', 2),
(1455, 31, '116.00', '15.08', '5.80', '46.40', 2, 5, '2015-07-26', 8, '21:54:01', 5),
(1456, 20, '438.00', '56.94', '21.90', '144.54', 2, 3, '2017-07-13', 5, '05:33:39', 6),
(1457, 116, '1822.00', '236.86', '91.10', '765.24', 2, 3, '2016-11-17', 4, '16:53:40', 3),
(1458, 25, '153.00', '19.89', '7.65', '73.44', 1, 1, '2016-09-15', 4, '03:45:04', 7),
(1459, 15, '640.00', '83.20', '32.00', '166.40', 2, 2, '2018-07-28', 8, '02:58:23', 3),
(1460, 60, '1818.00', '236.34', '90.90', '836.28', 3, 3, '2018-07-03', 7, '12:27:09', 8),
(1461, 78, '752.00', '97.76', '37.60', '300.80', 1, 2, '2020-01-27', 3, '12:44:02', 6),
(1462, 58, '613.00', '79.69', '30.65', '159.38', 1, 1, '2015-03-07', 3, '02:01:34', 4),
(1463, 92, '1496.00', '194.48', '74.80', '299.20', 2, 5, '2019-03-07', 2, '01:27:22', 3),
(1464, 47, '663.00', '86.19', '33.15', '258.57', 1, 1, '2019-11-20', 1, '09:37:46', 5),
(1465, 72, '1844.00', '239.72', '92.20', '811.36', 3, 3, '2015-08-03', 2, '08:02:21', 2),
(1466, 63, '1736.00', '225.68', '86.80', '763.84', 3, 1, '2017-08-13', 4, '22:57:00', 4),
(1467, 31, '1824.00', '237.12', '91.20', '820.80', 2, 4, '2019-09-06', 5, '02:00:51', 8),
(1468, 116, '1985.00', '258.05', '99.25', '853.55', 1, 3, '2017-01-08', 7, '09:12:46', 8),
(1469, 7, '177.00', '23.01', '8.85', '60.18', 2, 1, '2018-12-24', 10, '05:20:46', 1),
(1470, 41, '2163.00', '281.19', '108.15', '973.35', 2, 4, '2018-11-26', 6, '05:20:21', 8),
(1471, 97, '1851.00', '240.63', '92.55', '721.89', 1, 4, '2015-05-12', 5, '22:10:06', 4),
(1472, 15, '2187.00', '284.31', '109.35', '831.06', 2, 1, '2015-11-24', 1, '20:47:10', 8),
(1473, 99, '821.00', '106.73', '41.05', '402.29', 3, 5, '2015-09-06', 1, '19:50:18', 3),
(1474, 110, '1582.00', '205.66', '79.10', '696.08', 2, 5, '2016-08-26', 9, '18:41:34', 3),
(1475, 19, '622.00', '80.86', '31.10', '236.36', 1, 1, '2015-12-19', 1, '13:32:03', 5),
(1476, 54, '1125.00', '146.25', '56.25', '180.00', 2, 5, '2017-04-25', 8, '01:07:34', 5),
(1477, 115, '2253.00', '292.89', '112.65', '766.02', 3, 5, '2019-06-21', 10, '18:02:39', 6),
(1478, 71, '668.00', '86.84', '33.40', '193.72', 1, 3, '2015-04-10', 2, '06:45:58', 2),
(1479, 70, '684.00', '88.92', '34.20', '129.96', 3, 1, '2020-01-06', 10, '11:37:12', 5),
(1480, 21, '1236.00', '160.68', '61.80', '444.96', 3, 2, '2016-06-20', 8, '01:11:19', 5),
(1481, 10, '131.00', '17.03', '6.55', '47.16', 3, 5, '2019-09-16', 1, '11:12:10', 8),
(1482, 1, '1875.00', '243.75', '93.75', '506.25', 3, 1, '2016-09-15', 3, '04:55:49', 7),
(1483, 14, '1114.00', '144.82', '55.70', '345.34', 3, 2, '2016-03-15', 7, '10:49:57', 2),
(1484, 80, '1799.00', '233.87', '89.95', '179.90', 3, 5, '2017-11-07', 10, '13:13:08', 6),
(1485, 20, '2108.00', '274.04', '105.40', '484.84', 3, 2, '2018-07-10', 9, '09:18:23', 6),
(1486, 9, '2068.00', '268.84', '103.40', '413.60', 2, 5, '2018-10-06', 10, '19:58:13', 1),
(1487, 57, '1809.00', '235.17', '90.45', '325.62', 3, 4, '2018-01-29', 5, '20:14:50', 1),
(1488, 47, '236.00', '30.68', '11.80', '66.08', 2, 5, '2017-05-28', 7, '06:50:32', 3),
(1489, 24, '1804.00', '234.52', '90.20', '180.40', 2, 5, '2015-10-18', 3, '17:31:37', 2),
(1490, 114, '784.00', '101.92', '39.20', '297.92', 2, 4, '2018-12-30', 2, '04:30:39', 7),
(1491, 109, '2113.00', '274.69', '105.65', '485.99', 1, 2, '2017-08-28', 6, '23:15:14', 3),
(1492, 54, '512.00', '66.56', '25.60', '240.64', 2, 4, '2016-12-16', 10, '02:06:48', 1),
(1493, 104, '2196.00', '285.48', '109.80', '856.44', 3, 1, '2018-04-06', 6, '13:50:15', 6),
(1494, 19, '104.00', '13.52', '5.20', '12.48', 3, 5, '2019-05-02', 3, '05:26:23', 1),
(1495, 34, '1796.00', '233.48', '89.80', '520.84', 3, 5, '2017-12-15', 5, '17:37:25', 6),
(1496, 2, '1282.00', '166.66', '64.10', '641.00', 1, 4, '2015-08-23', 10, '15:29:21', 1),
(1497, 85, '105.00', '13.65', '5.25', '40.95', 2, 3, '2017-05-09', 9, '11:01:32', 7),
(1498, 77, '256.00', '33.28', '12.80', '64.00', 2, 3, '2019-01-23', 9, '04:09:34', 5),
(1499, 79, '933.00', '121.29', '46.65', '130.62', 3, 1, '2015-11-24', 8, '05:15:59', 8),
(1500, 29, '27.00', '3.51', '1.35', '9.72', 2, 5, '2019-07-12', 6, '04:34:02', 6),
(1501, 103, '2173.00', '282.49', '108.65', '912.66', 2, 2, '2019-03-29', 6, '21:52:29', 5),
(1502, 36, '865.00', '112.45', '43.25', '242.20', 1, 2, '2017-04-06', 3, '18:00:38', 7),
(1503, 36, '438.00', '56.94', '21.90', '201.48', 2, 2, '2019-10-24', 10, '08:06:00', 7),
(1504, 94, '2270.00', '295.10', '113.50', '1089.60', 1, 5, '2015-06-21', 7, '02:36:10', 5),
(1505, 86, '2282.00', '296.66', '114.10', '889.98', 3, 3, '2016-01-02', 5, '06:55:57', 2),
(1506, 122, '1964.00', '255.32', '98.20', '412.44', 3, 3, '2015-03-12', 9, '09:00:17', 3),
(1507, 105, '695.00', '90.35', '34.75', '173.75', 2, 3, '2018-12-26', 4, '02:01:13', 7),
(1508, 26, '1101.00', '143.13', '55.05', '462.42', 3, 1, '2015-05-07', 1, '04:56:57', 2),
(1509, 118, '623.00', '80.99', '31.15', '211.82', 3, 1, '2019-11-02', 4, '19:33:46', 8),
(1510, 2, '1899.00', '246.87', '94.95', '683.64', 2, 2, '2016-04-28', 1, '20:44:59', 6),
(1511, 59, '1874.00', '243.62', '93.70', '730.86', 3, 1, '2015-11-02', 9, '01:20:54', 4),
(1512, 72, '1843.00', '239.59', '92.15', '866.21', 3, 5, '2015-05-09', 2, '23:48:54', 8),
(1513, 6, '159.00', '20.67', '7.95', '27.03', 2, 2, '2018-05-13', 9, '23:34:49', 4),
(1514, 55, '2120.00', '275.60', '106.00', '1017.60', 3, 3, '2017-03-26', 3, '04:20:10', 1),
(1515, 71, '379.00', '49.27', '18.95', '94.75', 1, 1, '2019-12-25', 3, '02:19:23', 4),
(1516, 90, '1292.00', '167.96', '64.60', '620.16', 2, 4, '2017-02-26', 10, '00:25:37', 1),
(1517, 59, '394.00', '51.22', '19.70', '51.22', 2, 1, '2015-04-16', 9, '09:40:31', 6),
(1518, 93, '1604.00', '208.52', '80.20', '625.56', 1, 1, '2019-01-30', 8, '20:57:20', 7),
(1519, 57, '1171.00', '152.23', '58.55', '503.53', 1, 2, '2015-04-29', 7, '06:38:32', 2),
(1520, 8, '1884.00', '244.92', '94.20', '489.84', 3, 1, '2020-01-30', 9, '03:06:51', 6),
(1521, 58, '1141.00', '148.33', '57.05', '171.15', 3, 3, '2019-02-17', 7, '05:19:27', 6),
(1522, 7, '670.00', '87.10', '33.50', '93.80', 3, 4, '2017-01-29', 5, '09:16:59', 1),
(1523, 96, '1508.00', '196.04', '75.40', '497.64', 3, 5, '2018-11-18', 4, '12:56:40', 4),
(1524, 93, '1283.00', '166.79', '64.15', '333.58', 1, 2, '2019-03-28', 10, '03:38:47', 5),
(1525, 27, '92.00', '11.96', '4.60', '28.52', 1, 2, '2018-10-01', 3, '20:38:48', 6),
(1526, 121, '2091.00', '271.83', '104.55', '899.13', 1, 1, '2015-07-25', 9, '00:21:19', 3),
(1527, 8, '1418.00', '184.34', '70.90', '212.70', 1, 3, '2016-11-12', 9, '18:53:44', 8),
(1528, 54, '1778.00', '231.14', '88.90', '657.86', 2, 5, '2015-12-16', 1, '04:00:31', 5),
(1529, 30, '1668.00', '216.84', '83.40', '750.60', 3, 1, '2015-04-25', 7, '10:47:00', 6),
(1530, 39, '1644.00', '213.72', '82.20', '822.00', 1, 4, '2016-08-31', 7, '01:10:18', 7),
(1531, 13, '208.00', '27.04', '10.40', '87.36', 1, 2, '2019-09-09', 10, '13:03:56', 2),
(1532, 64, '1952.00', '253.76', '97.60', '663.68', 1, 5, '2018-07-18', 8, '21:18:13', 3),
(1533, 65, '2014.00', '261.82', '100.70', '664.62', 3, 3, '2018-10-03', 5, '22:00:52', 6),
(1534, 51, '124.00', '16.12', '6.20', '28.52', 1, 4, '2016-02-25', 9, '23:04:11', 5),
(1535, 47, '427.00', '55.51', '21.35', '81.13', 2, 1, '2018-04-03', 1, '10:10:03', 8),
(1536, 6, '1658.00', '215.54', '82.90', '580.30', 3, 3, '2017-02-04', 10, '12:21:43', 2),
(1537, 82, '610.00', '79.30', '30.50', '122.00', 3, 2, '2015-04-26', 3, '08:39:30', 6),
(1538, 83, '1104.00', '143.52', '55.20', '121.44', 2, 3, '2017-08-14', 10, '21:34:05', 1),
(1539, 110, '1472.00', '191.36', '73.60', '559.36', 3, 1, '2015-08-12', 4, '12:12:56', 5),
(1540, 39, '2168.00', '281.84', '108.40', '737.12', 2, 5, '2019-01-09', 3, '22:02:58', 7),
(1541, 98, '142.00', '18.46', '7.10', '19.88', 1, 2, '2015-04-10', 4, '10:02:04', 8),
(1542, 118, '812.00', '105.56', '40.60', '389.76', 2, 1, '2020-01-11', 6, '08:42:35', 1),
(1543, 59, '470.00', '61.10', '23.50', '202.10', 3, 5, '2019-12-23', 5, '13:11:24', 6),
(1544, 7, '1582.00', '205.66', '79.10', '174.02', 1, 5, '2017-01-06', 5, '09:09:36', 1),
(1545, 10, '936.00', '121.68', '46.80', '243.36', 3, 5, '2015-01-15', 7, '08:13:26', 4),
(1546, 95, '1737.00', '225.81', '86.85', '833.76', 3, 3, '2016-01-22', 6, '22:07:16', 4),
(1547, 71, '726.00', '94.38', '36.30', '246.84', 2, 5, '2015-03-15', 10, '02:28:24', 6),
(1548, 115, '1378.00', '179.14', '68.90', '220.48', 2, 3, '2019-02-19', 8, '19:27:24', 8),
(1549, 109, '2088.00', '271.44', '104.40', '271.44', 1, 2, '2018-05-11', 2, '07:49:57', 8),
(1550, 79, '2337.00', '303.81', '116.85', '771.21', 2, 5, '2016-10-28', 4, '10:44:46', 8),
(1551, 89, '2339.00', '304.07', '116.95', '1099.33', 3, 3, '2017-01-01', 5, '11:41:55', 8),
(1552, 16, '1468.00', '190.84', '73.40', '264.24', 2, 5, '2017-05-24', 6, '00:45:31', 2),
(1553, 85, '1160.00', '150.80', '58.00', '568.40', 2, 5, '2017-02-18', 1, '04:18:32', 3),
(1554, 68, '2294.00', '298.22', '114.70', '894.66', 3, 2, '2017-05-21', 8, '09:34:59', 3),
(1555, 29, '1727.00', '224.51', '86.35', '259.05', 1, 5, '2019-01-23', 6, '23:04:38', 4),
(1556, 34, '1121.00', '145.73', '56.05', '156.94', 3, 3, '2016-08-22', 10, '06:52:39', 6),
(1557, 107, '400.00', '52.00', '20.00', '72.00', 2, 4, '2018-04-22', 6, '09:28:33', 1),
(1558, 53, '17.00', '2.21', '0.85', '7.48', 3, 3, '2019-01-03', 2, '00:06:28', 7),
(1559, 73, '155.00', '20.15', '7.75', '51.15', 2, 2, '2017-07-02', 9, '14:45:21', 3),
(1560, 37, '281.00', '36.53', '14.05', '39.34', 3, 2, '2017-03-07', 3, '23:23:05', 2),
(1561, 21, '1072.00', '139.36', '53.60', '203.68', 3, 5, '2017-03-25', 4, '16:59:42', 2),
(1562, 122, '571.00', '74.23', '28.55', '279.79', 1, 4, '2018-09-15', 7, '17:24:17', 8),
(1563, 100, '1996.00', '259.48', '99.80', '878.24', 2, 3, '2015-05-16', 2, '14:59:10', 2),
(1564, 54, '1103.00', '143.39', '55.15', '352.96', 1, 3, '2017-12-08', 4, '08:23:39', 4),
(1565, 57, '441.00', '57.33', '22.05', '132.30', 3, 5, '2016-08-25', 3, '16:54:18', 1),
(1566, 96, '339.00', '44.07', '16.95', '125.43', 3, 2, '2015-04-14', 2, '06:27:41', 2),
(1567, 80, '645.00', '83.85', '32.25', '180.60', 1, 4, '2017-03-01', 1, '23:27:02', 7),
(1568, 122, '159.00', '20.67', '7.95', '47.70', 3, 3, '2016-06-04', 6, '06:17:25', 2),
(1569, 16, '322.00', '41.86', '16.10', '99.82', 3, 3, '2019-02-11', 2, '10:35:47', 3),
(1570, 103, '1952.00', '253.76', '97.60', '370.88', 2, 4, '2016-04-23', 2, '18:32:44', 3),
(1571, 34, '1138.00', '147.94', '56.90', '546.24', 3, 4, '2015-12-07', 5, '05:04:32', 5),
(1572, 52, '293.00', '38.09', '14.65', '105.48', 3, 3, '2015-04-23', 2, '20:01:42', 2),
(1573, 6, '1844.00', '239.72', '92.20', '590.08', 1, 3, '2018-07-16', 2, '06:47:42', 8),
(1574, 94, '175.00', '22.75', '8.75', '35.00', 2, 5, '2019-05-31', 9, '09:49:27', 2),
(1575, 120, '1771.00', '230.23', '88.55', '177.10', 1, 4, '2019-10-04', 8, '23:46:25', 8),
(1576, 88, '389.00', '50.57', '19.45', '120.59', 1, 3, '2019-01-13', 6, '09:10:07', 8),
(1577, 60, '1313.00', '170.69', '65.65', '446.42', 2, 2, '2016-07-11', 5, '20:36:37', 6),
(1578, 27, '1189.00', '154.57', '59.45', '309.14', 1, 4, '2016-08-13', 8, '14:08:01', 1),
(1579, 58, '1586.00', '206.18', '79.30', '285.48', 3, 5, '2019-02-09', 2, '07:16:01', 2),
(1580, 98, '439.00', '57.07', '21.95', '140.48', 2, 3, '2018-07-08', 2, '10:32:29', 4),
(1581, 53, '331.00', '43.03', '16.55', '125.78', 2, 2, '2019-01-01', 10, '05:52:42', 7),
(1582, 24, '1839.00', '239.07', '91.95', '422.97', 2, 3, '2018-02-19', 8, '04:21:59', 6),
(1583, 8, '1827.00', '237.51', '91.35', '493.29', 3, 2, '2015-03-28', 8, '12:34:35', 8),
(1584, 9, '2232.00', '290.16', '111.60', '669.60', 2, 5, '2015-02-02', 9, '16:59:57', 6),
(1585, 69, '2364.00', '307.32', '118.20', '1087.44', 3, 4, '2018-12-04', 5, '03:44:47', 6),
(1586, 117, '689.00', '89.57', '34.45', '213.59', 2, 1, '2018-03-18', 2, '09:49:27', 1),
(1587, 82, '1247.00', '162.11', '62.35', '573.62', 3, 1, '2018-04-26', 1, '08:15:27', 5),
(1588, 61, '623.00', '80.99', '31.15', '161.98', 3, 3, '2015-01-13', 6, '15:52:41', 7),
(1589, 99, '874.00', '113.62', '43.70', '402.04', 3, 5, '2016-01-12', 1, '16:27:08', 6),
(1590, 115, '737.00', '95.81', '36.85', '147.40', 3, 2, '2019-12-11', 5, '01:14:58', 8),
(1591, 53, '1130.00', '146.90', '56.50', '406.80', 3, 1, '2019-05-19', 9, '19:06:42', 2),
(1592, 115, '1890.00', '245.70', '94.50', '812.70', 1, 2, '2016-09-26', 4, '21:45:47', 5),
(1593, 113, '2104.00', '273.52', '105.20', '841.60', 3, 4, '2017-10-19', 10, '08:34:17', 1),
(1594, 73, '984.00', '127.92', '49.20', '196.80', 2, 3, '2019-03-15', 8, '04:11:48', 3),
(1595, 114, '400.00', '52.00', '20.00', '84.00', 2, 3, '2019-11-01', 8, '07:07:57', 1),
(1596, 71, '972.00', '126.36', '48.60', '233.28', 3, 3, '2015-09-09', 7, '11:20:33', 4),
(1597, 16, '2365.00', '307.45', '118.25', '733.15', 3, 1, '2015-07-23', 6, '03:59:41', 5),
(1598, 89, '1412.00', '183.56', '70.60', '649.52', 2, 2, '2016-11-03', 10, '02:37:38', 2),
(1599, 15, '910.00', '118.30', '45.50', '364.00', 1, 1, '2017-02-28', 4, '13:52:14', 5),
(1600, 66, '347.00', '45.11', '17.35', '34.70', 2, 5, '2017-11-28', 7, '01:51:55', 6),
(1601, 3, '357.00', '46.41', '17.85', '39.27', 3, 1, '2016-12-24', 5, '14:26:58', 5),
(1602, 55, '1926.00', '250.38', '96.30', '731.88', 1, 2, '2015-12-26', 1, '23:04:02', 2),
(1603, 64, '1741.00', '226.33', '87.05', '574.53', 1, 3, '2020-01-16', 8, '22:42:32', 3),
(1604, 42, '70.00', '9.10', '3.50', '23.10', 1, 2, '2015-10-25', 6, '15:42:47', 4),
(1605, 103, '2125.00', '276.25', '106.25', '658.75', 3, 2, '2019-05-17', 9, '04:23:16', 1),
(1606, 53, '2209.00', '287.17', '110.45', '1016.14', 1, 4, '2017-08-04', 7, '22:10:48', 8),
(1607, 104, '1814.00', '235.82', '90.70', '199.54', 2, 4, '2017-05-16', 8, '18:35:31', 8),
(1608, 112, '1905.00', '247.65', '95.25', '438.15', 2, 1, '2018-01-31', 5, '10:27:04', 1),
(1609, 78, '994.00', '129.22', '49.70', '258.44', 1, 4, '2017-12-03', 6, '02:11:46', 2),
(1610, 111, '1986.00', '258.18', '99.30', '496.50', 2, 4, '2018-01-26', 5, '11:20:22', 4),
(1611, 18, '1281.00', '166.53', '64.05', '281.82', 3, 4, '2019-12-29', 6, '00:46:59', 1),
(1612, 41, '1686.00', '219.18', '84.30', '539.52', 2, 4, '2019-05-13', 2, '08:09:27', 3),
(1613, 12, '878.00', '114.14', '43.90', '166.82', 3, 4, '2018-01-10', 5, '23:36:37', 6),
(1614, 2, '1146.00', '148.98', '57.30', '492.78', 3, 4, '2017-11-30', 4, '16:06:59', 8),
(1615, 112, '533.00', '69.29', '26.65', '95.94', 2, 1, '2018-05-20', 8, '19:41:11', 5),
(1616, 8, '1702.00', '221.26', '85.10', '646.76', 3, 5, '2019-10-03', 7, '11:13:05', 5),
(1617, 48, '2008.00', '261.04', '100.40', '823.28', 2, 4, '2017-10-19', 1, '18:17:29', 8),
(1618, 28, '928.00', '120.64', '46.40', '157.76', 3, 1, '2017-08-04', 7, '06:51:24', 2),
(1619, 102, '1000.00', '130.00', '50.00', '390.00', 1, 3, '2018-04-30', 2, '06:32:56', 3),
(1620, 31, '1050.00', '136.50', '52.50', '210.00', 1, 5, '2017-07-14', 5, '23:05:24', 3),
(1621, 84, '1957.00', '254.41', '97.85', '352.26', 3, 3, '2019-10-13', 5, '12:41:56', 5),
(1622, 84, '2177.00', '283.01', '108.85', '783.72', 3, 5, '2017-01-29', 3, '08:58:44', 7),
(1623, 17, '2291.00', '297.83', '114.55', '1053.86', 1, 4, '2016-10-24', 2, '16:05:09', 1),
(1624, 69, '87.00', '11.31', '4.35', '14.79', 2, 5, '2017-08-08', 6, '01:04:04', 3),
(1625, 101, '441.00', '57.33', '22.05', '92.61', 1, 4, '2016-04-01', 10, '14:33:40', 7),
(1626, 66, '2229.00', '289.77', '111.45', '690.99', 3, 5, '2018-06-28', 6, '06:20:48', 8),
(1627, 77, '1699.00', '220.87', '84.95', '662.61', 2, 3, '2015-02-26', 1, '12:13:49', 5),
(1628, 32, '2044.00', '265.72', '102.20', '899.36', 3, 5, '2018-01-03', 10, '04:29:27', 3),
(1629, 117, '2392.00', '310.96', '119.60', '287.04', 1, 4, '2019-07-17', 9, '21:08:45', 2),
(1630, 21, '537.00', '69.81', '26.85', '171.84', 1, 2, '2018-01-28', 3, '04:15:04', 1),
(1631, 19, '1094.00', '142.22', '54.70', '229.74', 3, 3, '2019-04-01', 5, '06:54:40', 3),
(1632, 100, '104.00', '13.52', '5.20', '28.08', 2, 4, '2017-11-19', 2, '18:58:28', 2),
(1633, 67, '1603.00', '208.39', '80.15', '496.93', 1, 4, '2015-08-25', 6, '08:03:22', 2),
(1634, 36, '1932.00', '251.16', '96.60', '811.44', 1, 3, '2017-03-21', 3, '07:23:35', 2),
(1635, 22, '314.00', '40.82', '15.70', '50.24', 3, 4, '2015-09-04', 3, '17:29:11', 4),
(1636, 115, '2389.00', '310.57', '119.45', '1098.94', 1, 5, '2018-10-14', 9, '16:57:50', 6),
(1637, 49, '1783.00', '231.79', '89.15', '838.01', 1, 2, '2019-08-27', 5, '06:46:51', 5),
(1638, 7, '1771.00', '230.23', '88.55', '495.88', 3, 3, '2015-03-15', 3, '14:17:24', 7),
(1639, 109, '2169.00', '281.97', '108.45', '694.08', 2, 2, '2019-07-26', 10, '01:53:27', 2),
(1640, 5, '1100.00', '143.00', '55.00', '209.00', 2, 3, '2019-09-19', 9, '11:22:07', 3),
(1641, 40, '1248.00', '162.24', '62.40', '549.12', 2, 2, '2015-11-03', 6, '10:13:10', 4),
(1642, 102, '660.00', '85.80', '33.00', '145.20', 1, 3, '2017-11-22', 7, '20:05:14', 5),
(1643, 13, '1967.00', '255.71', '98.35', '845.81', 1, 5, '2015-09-01', 10, '12:16:01', 7),
(1644, 46, '598.00', '77.74', '29.90', '137.54', 1, 5, '2017-05-21', 7, '04:35:12', 3),
(1645, 79, '1645.00', '213.85', '82.25', '378.35', 2, 5, '2015-06-26', 1, '19:49:01', 3),
(1646, 93, '1210.00', '157.30', '60.50', '229.90', 3, 1, '2019-08-27', 2, '02:00:45', 2),
(1647, 105, '1136.00', '147.68', '56.80', '113.60', 2, 2, '2017-10-30', 4, '14:44:56', 8),
(1648, 64, '200.00', '26.00', '10.00', '44.00', 1, 2, '2017-10-08', 8, '01:42:20', 8),
(1649, 18, '1795.00', '233.35', '89.75', '305.15', 2, 3, '2016-11-22', 8, '02:37:14', 8),
(1650, 11, '2305.00', '299.65', '115.25', '253.55', 2, 3, '2016-02-16', 7, '21:09:18', 2),
(1651, 107, '747.00', '97.11', '37.35', '119.52', 1, 5, '2019-02-13', 8, '12:10:45', 5),
(1652, 115, '1534.00', '199.42', '76.70', '230.10', 1, 2, '2017-12-25', 5, '16:55:07', 1),
(1653, 77, '1166.00', '151.58', '58.30', '466.40', 1, 2, '2018-12-31', 4, '21:52:52', 3),
(1654, 57, '1246.00', '161.98', '62.30', '548.24', 1, 5, '2017-06-03', 1, '12:49:20', 7),
(1655, 49, '687.00', '89.31', '34.35', '247.32', 2, 3, '2018-02-18', 5, '07:48:28', 4),
(1656, 89, '1433.00', '186.29', '71.65', '143.30', 3, 5, '2018-03-26', 2, '16:31:00', 8),
(1657, 63, '1885.00', '245.05', '94.25', '414.70', 2, 5, '2017-07-31', 7, '19:26:13', 2),
(1658, 122, '748.00', '97.24', '37.40', '119.68', 2, 3, '2015-12-04', 9, '21:30:49', 6),
(1659, 36, '165.00', '21.45', '8.25', '46.20', 2, 2, '2016-04-07', 1, '12:50:40', 7),
(1660, 33, '2179.00', '283.27', '108.95', '828.02', 1, 3, '2016-11-20', 8, '14:20:06', 4),
(1661, 29, '1990.00', '258.70', '99.50', '835.80', 3, 4, '2016-01-07', 3, '22:49:09', 8),
(1662, 97, '2385.00', '310.05', '119.25', '286.20', 2, 5, '2018-10-10', 8, '03:01:23', 7),
(1663, 72, '603.00', '78.39', '30.15', '289.44', 3, 2, '2015-06-07', 9, '11:42:13', 5),
(1664, 35, '1498.00', '194.74', '74.90', '239.68', 2, 1, '2018-10-12', 8, '07:13:07', 1),
(1665, 76, '422.00', '54.86', '21.10', '54.86', 2, 1, '2019-01-12', 5, '08:38:16', 8),
(1666, 60, '1468.00', '190.84', '73.40', '308.28', 2, 1, '2017-03-18', 7, '16:51:27', 2),
(1667, 3, '61.00', '7.93', '3.05', '27.45', 1, 5, '2015-04-16', 9, '00:35:18', 8),
(1668, 38, '649.00', '84.37', '32.45', '194.70', 3, 4, '2018-01-27', 10, '06:28:04', 4),
(1669, 105, '525.00', '68.25', '26.25', '57.75', 2, 2, '2019-09-17', 6, '07:33:22', 8),
(1670, 49, '1444.00', '187.72', '72.20', '231.04', 2, 4, '2016-11-21', 4, '11:40:58', 4),
(1671, 35, '1051.00', '136.63', '52.55', '451.93', 3, 2, '2018-11-11', 5, '07:14:02', 1),
(1672, 51, '2327.00', '302.51', '116.35', '442.13', 2, 1, '2015-12-02', 7, '01:00:53', 1),
(1673, 96, '1577.00', '205.01', '78.85', '567.72', 3, 1, '2017-09-02', 9, '12:18:10', 7),
(1674, 95, '570.00', '74.10', '28.50', '108.30', 2, 1, '2015-02-20', 8, '20:37:12', 3),
(1675, 15, '1564.00', '203.32', '78.20', '453.56', 1, 2, '2016-08-29', 9, '08:08:52', 3),
(1676, 78, '475.00', '61.75', '23.75', '237.50', 3, 5, '2019-03-16', 9, '18:31:39', 3),
(1677, 37, '2172.00', '282.36', '108.60', '238.92', 3, 1, '2018-12-09', 1, '02:17:34', 1),
(1678, 45, '1662.00', '216.06', '83.10', '232.68', 2, 1, '2017-11-16', 8, '17:49:57', 4),
(1679, 71, '67.00', '8.71', '3.35', '32.83', 3, 4, '2015-12-03', 5, '15:58:17', 6),
(1680, 2, '1704.00', '221.52', '85.20', '204.48', 1, 1, '2019-07-11', 10, '04:20:33', 3),
(1681, 4, '2155.00', '280.15', '107.75', '689.60', 3, 1, '2016-05-11', 6, '16:58:09', 5),
(1682, 57, '1305.00', '169.65', '65.25', '169.65', 2, 2, '2017-06-22', 2, '09:36:30', 5),
(1683, 46, '1230.00', '159.90', '61.50', '246.00', 2, 2, '2018-04-06', 5, '07:16:18', 6),
(1684, 21, '1033.00', '134.29', '51.65', '216.93', 1, 4, '2018-08-18', 3, '10:08:48', 6),
(1685, 26, '1828.00', '237.64', '91.40', '712.92', 1, 3, '2016-04-27', 4, '03:46:23', 4),
(1686, 1, '235.00', '30.55', '11.75', '112.80', 2, 3, '2017-07-04', 9, '16:25:10', 7),
(1687, 108, '922.00', '119.86', '46.10', '322.70', 1, 4, '2017-01-19', 1, '03:10:36', 5),
(1688, 56, '166.00', '21.58', '8.30', '26.56', 1, 2, '2016-06-17', 7, '20:14:42', 6),
(1689, 72, '776.00', '100.88', '38.80', '364.72', 2, 2, '2018-07-09', 5, '20:59:43', 1),
(1690, 101, '2218.00', '288.34', '110.90', '687.58', 2, 1, '2017-09-12', 10, '17:36:34', 8),
(1691, 114, '285.00', '37.05', '14.25', '139.65', 1, 5, '2018-07-22', 6, '07:33:20', 3),
(1692, 24, '583.00', '75.79', '29.15', '174.90', 3, 3, '2015-08-07', 7, '04:52:53', 6),
(1693, 16, '1869.00', '242.97', '93.45', '728.91', 1, 4, '2017-07-12', 9, '03:51:14', 7),
(1694, 10, '1246.00', '161.98', '62.30', '236.74', 1, 4, '2017-12-18', 7, '02:26:31', 6),
(1695, 85, '1686.00', '219.18', '84.30', '640.68', 3, 3, '2020-01-13', 2, '09:32:14', 2),
(1696, 81, '504.00', '65.52', '25.20', '141.12', 1, 5, '2016-03-18', 7, '23:04:42', 7),
(1697, 17, '584.00', '75.92', '29.20', '221.92', 2, 5, '2019-04-17', 7, '00:07:27', 8),
(1698, 95, '1942.00', '252.46', '97.10', '679.70', 3, 5, '2018-02-22', 7, '16:05:12', 2),
(1699, 75, '111.00', '14.43', '5.55', '34.41', 2, 5, '2019-05-16', 3, '15:22:49', 1),
(1700, 25, '2383.00', '309.79', '119.15', '595.75', 1, 5, '2016-03-23', 3, '02:19:09', 2),
(1701, 58, '1368.00', '177.84', '68.40', '287.28', 1, 1, '2018-02-04', 9, '23:08:54', 2),
(1702, 38, '1180.00', '153.40', '59.00', '377.60', 2, 1, '2015-06-15', 8, '16:18:27', 3),
(1703, 98, '2355.00', '306.15', '117.75', '353.25', 3, 4, '2019-11-09', 9, '02:24:12', 1),
(1704, 110, '2057.00', '267.41', '102.85', '575.96', 1, 3, '2018-07-17', 5, '21:11:29', 7),
(1705, 44, '1438.00', '186.94', '71.90', '359.50', 3, 5, '2018-04-15', 10, '18:37:32', 5),
(1706, 2, '422.00', '54.86', '21.10', '50.64', 3, 1, '2016-02-13', 1, '00:31:17', 1),
(1707, 29, '276.00', '35.88', '13.80', '49.68', 1, 5, '2016-05-18', 10, '08:43:46', 6),
(1708, 67, '1030.00', '133.90', '51.50', '257.50', 3, 3, '2018-02-07', 9, '07:22:07', 8),
(1709, 114, '1285.00', '167.05', '64.25', '282.70', 3, 2, '2017-08-10', 6, '05:57:50', 7),
(1710, 3, '1635.00', '212.55', '81.75', '294.30', 2, 5, '2016-05-21', 3, '18:01:30', 1),
(1711, 33, '2312.00', '300.56', '115.60', '1156.00', 2, 4, '2018-12-13', 3, '05:57:42', 8),
(1712, 62, '2119.00', '275.47', '105.95', '911.17', 3, 1, '2017-05-14', 4, '16:23:40', 3),
(1713, 35, '209.00', '27.17', '10.45', '56.43', 1, 2, '2018-05-12', 1, '19:05:49', 8),
(1714, 32, '260.00', '33.80', '13.00', '36.40', 1, 3, '2016-04-15', 5, '04:52:00', 7),
(1715, 80, '1198.00', '155.74', '59.90', '251.58', 1, 1, '2019-03-27', 6, '12:38:44', 5),
(1716, 41, '1328.00', '172.64', '66.40', '464.80', 3, 1, '2017-04-03', 6, '02:57:18', 2),
(1717, 77, '2385.00', '310.05', '119.25', '572.40', 3, 4, '2019-04-20', 8, '14:37:15', 4),
(1718, 108, '218.00', '28.34', '10.90', '34.88', 3, 5, '2017-10-31', 6, '00:13:52', 2),
(1719, 98, '278.00', '36.14', '13.90', '55.60', 2, 5, '2017-10-05', 4, '16:54:04', 3),
(1720, 11, '147.00', '19.11', '7.35', '70.56', 1, 4, '2019-11-22', 8, '13:28:43', 4),
(1721, 81, '137.00', '17.81', '6.85', '53.43', 3, 1, '2016-04-26', 9, '00:06:00', 3),
(1722, 75, '1991.00', '258.83', '99.55', '776.49', 2, 2, '2019-12-07', 9, '23:29:19', 3),
(1723, 93, '48.00', '6.24', '2.40', '14.40', 1, 4, '2016-09-25', 6, '13:34:04', 7);
INSERT INTO `ventas` (`id_venta`, `id_cliente`, `monto`, `iva`, `cesc`, `costo`, `estado`, `forma_pago`, `fecha`, `id_empleado`, `hora_registro`, `tienda`) VALUES
(1724, 4, '1886.00', '245.18', '94.30', '773.26', 2, 1, '2018-11-13', 9, '14:43:07', 2),
(1725, 98, '33.00', '4.29', '1.65', '11.55', 2, 2, '2016-04-18', 1, '23:05:07', 6),
(1726, 81, '743.00', '96.59', '37.15', '170.89', 2, 3, '2018-04-05', 2, '22:33:47', 5),
(1727, 2, '1707.00', '221.91', '85.35', '563.31', 2, 1, '2018-03-05', 5, '20:00:27', 4),
(1728, 14, '1456.00', '189.28', '72.80', '349.44', 1, 4, '2017-01-29', 7, '10:47:24', 2),
(1729, 86, '2143.00', '278.59', '107.15', '535.75', 1, 4, '2019-05-12', 10, '17:37:03', 7),
(1730, 96, '1132.00', '147.16', '56.60', '543.36', 1, 3, '2016-08-31', 4, '02:56:16', 2),
(1731, 114, '1231.00', '160.03', '61.55', '504.71', 1, 1, '2016-09-12', 10, '11:20:51', 3),
(1732, 108, '1655.00', '215.15', '82.75', '513.05', 2, 1, '2015-05-28', 10, '05:50:49', 2),
(1733, 85, '1138.00', '147.94', '56.90', '170.70', 3, 4, '2018-08-30', 3, '08:50:29', 3),
(1734, 6, '1512.00', '196.56', '75.60', '665.28', 1, 2, '2018-05-03', 1, '05:42:10', 4),
(1735, 56, '621.00', '80.73', '31.05', '68.31', 1, 2, '2018-06-26', 2, '11:53:51', 5),
(1736, 5, '2014.00', '261.82', '100.70', '342.38', 1, 2, '2016-08-06', 10, '14:35:44', 4),
(1737, 25, '1574.00', '204.62', '78.70', '613.86', 2, 1, '2017-04-12', 3, '18:58:56', 7),
(1738, 106, '2174.00', '282.62', '108.70', '869.60', 3, 2, '2015-09-20', 1, '10:57:52', 1),
(1739, 23, '132.00', '17.16', '6.60', '58.08', 1, 2, '2016-04-09', 10, '20:08:38', 7),
(1740, 64, '2061.00', '267.93', '103.05', '803.79', 1, 2, '2015-01-23', 8, '04:07:36', 5),
(1741, 116, '536.00', '69.68', '26.80', '203.68', 1, 1, '2018-03-04', 1, '17:53:56', 2),
(1742, 121, '1113.00', '144.69', '55.65', '545.37', 3, 3, '2019-02-04', 3, '13:16:52', 8),
(1743, 107, '613.00', '79.69', '30.65', '220.68', 2, 2, '2017-09-09', 2, '00:15:19', 4),
(1744, 99, '831.00', '108.03', '41.55', '398.88', 3, 5, '2017-05-11', 9, '20:19:10', 5),
(1745, 70, '292.00', '37.96', '14.60', '40.88', 2, 2, '2017-01-29', 5, '00:04:39', 5),
(1746, 8, '770.00', '100.10', '38.50', '100.10', 3, 5, '2017-06-21', 6, '22:34:15', 8),
(1747, 49, '1673.00', '217.49', '83.65', '200.76', 1, 3, '2018-10-07', 2, '03:25:13', 4),
(1748, 48, '327.00', '42.51', '16.35', '104.64', 1, 5, '2019-05-18', 9, '15:33:50', 7),
(1749, 16, '58.00', '7.54', '2.90', '23.20', 2, 3, '2015-03-13', 6, '08:09:14', 1),
(1750, 113, '376.00', '48.88', '18.80', '176.72', 1, 4, '2017-06-06', 1, '15:57:50', 5),
(1751, 102, '2072.00', '269.36', '103.60', '269.36', 1, 5, '2018-03-16', 10, '15:31:33', 7),
(1752, 32, '1971.00', '256.23', '98.55', '630.72', 3, 3, '2016-12-23', 9, '17:37:13', 2),
(1753, 82, '2254.00', '293.02', '112.70', '631.12', 3, 5, '2019-10-06', 5, '11:49:41', 5),
(1754, 22, '1049.00', '136.37', '52.45', '188.82', 3, 2, '2015-01-13', 8, '05:50:49', 6),
(1755, 3, '1463.00', '190.19', '73.15', '438.90', 3, 3, '2018-06-15', 6, '00:12:19', 3),
(1756, 7, '1739.00', '226.07', '86.95', '626.04', 3, 1, '2016-05-19', 1, '03:06:09', 8),
(1757, 63, '350.00', '45.50', '17.50', '49.00', 1, 1, '2018-10-30', 2, '11:59:38', 5),
(1758, 109, '200.00', '26.00', '10.00', '68.00', 3, 2, '2018-08-31', 4, '13:59:07', 3),
(1759, 53, '1234.00', '160.42', '61.70', '271.48', 3, 2, '2018-06-25', 4, '08:06:52', 3),
(1760, 7, '1213.00', '157.69', '60.65', '400.29', 3, 3, '2015-05-12', 5, '05:08:45', 5),
(1761, 86, '18.00', '2.34', '0.90', '8.46', 3, 4, '2016-08-03', 9, '21:13:21', 8),
(1762, 72, '2173.00', '282.49', '108.65', '478.06', 2, 5, '2019-05-12', 6, '11:48:32', 2),
(1763, 88, '982.00', '127.66', '49.10', '451.72', 2, 3, '2016-03-30', 1, '09:34:26', 2),
(1764, 111, '1798.00', '233.74', '89.90', '341.62', 3, 3, '2017-03-26', 2, '12:50:34', 4),
(1765, 87, '1823.00', '236.99', '91.15', '802.12', 2, 5, '2017-03-25', 5, '19:46:28', 7),
(1766, 76, '2051.00', '266.63', '102.55', '471.73', 1, 4, '2019-09-18', 6, '02:23:41', 4),
(1767, 35, '2380.00', '309.40', '119.00', '1023.40', 1, 5, '2017-01-12', 8, '23:21:55', 6),
(1768, 49, '1802.00', '234.26', '90.10', '504.56', 3, 4, '2015-06-06', 7, '13:14:07', 3),
(1769, 29, '1935.00', '251.55', '96.75', '812.70', 2, 1, '2015-08-11', 3, '23:36:43', 3),
(1770, 105, '949.00', '123.37', '47.45', '104.39', 3, 4, '2019-04-24', 8, '18:27:28', 6),
(1771, 9, '696.00', '90.48', '34.80', '299.28', 1, 5, '2016-09-21', 9, '07:14:22', 8),
(1772, 45, '2312.00', '300.56', '115.60', '1017.28', 1, 1, '2018-08-01', 1, '00:07:45', 8),
(1773, 80, '1826.00', '237.38', '91.30', '657.36', 1, 3, '2015-05-15', 6, '02:07:40', 8),
(1774, 1, '277.00', '36.01', '13.85', '33.24', 1, 5, '2020-01-25', 4, '02:11:20', 5),
(1775, 110, '13.00', '1.69', '0.65', '5.85', 1, 4, '2018-09-01', 8, '09:12:42', 3),
(1776, 45, '671.00', '87.23', '33.55', '93.94', 1, 2, '2016-12-28', 7, '00:35:49', 4),
(1777, 32, '913.00', '118.69', '45.65', '319.55', 1, 4, '2015-08-22', 7, '23:04:31', 4),
(1778, 77, '1044.00', '135.72', '52.20', '302.76', 1, 3, '2019-12-30', 2, '23:56:59', 8),
(1779, 112, '227.00', '29.51', '11.35', '111.23', 1, 3, '2016-05-09', 3, '23:55:55', 4),
(1780, 55, '1097.00', '142.61', '54.85', '460.74', 1, 1, '2019-01-13', 8, '02:00:31', 8),
(1781, 112, '1205.00', '156.65', '60.25', '433.80', 3, 2, '2018-03-06', 6, '11:38:11', 7),
(1782, 19, '2336.00', '303.68', '116.80', '397.12', 3, 3, '2017-12-13', 8, '14:05:49', 4),
(1783, 84, '1850.00', '240.50', '92.50', '721.50', 1, 2, '2015-10-21', 1, '10:16:49', 6),
(1784, 96, '1929.00', '250.77', '96.45', '250.77', 2, 2, '2016-12-12', 1, '12:27:41', 6),
(1785, 63, '1894.00', '246.22', '94.70', '511.38', 1, 1, '2017-08-29', 4, '09:27:26', 1),
(1786, 87, '133.00', '17.29', '6.65', '35.91', 2, 3, '2019-10-28', 3, '19:59:57', 3),
(1787, 36, '780.00', '101.40', '39.00', '335.40', 2, 1, '2017-06-09', 10, '06:40:00', 7),
(1788, 79, '2078.00', '270.14', '103.90', '748.08', 1, 3, '2018-02-13', 3, '06:28:35', 2),
(1789, 106, '2263.00', '294.19', '113.15', '1063.61', 3, 3, '2015-09-16', 8, '15:57:24', 6),
(1790, 41, '1521.00', '197.73', '76.05', '349.83', 3, 3, '2016-08-30', 8, '03:31:53', 6),
(1791, 115, '1281.00', '166.53', '64.05', '384.30', 1, 5, '2019-08-23', 4, '11:44:13', 4),
(1792, 5, '2085.00', '271.05', '104.25', '959.10', 1, 5, '2015-09-19', 4, '23:12:39', 2),
(1793, 31, '317.00', '41.21', '15.85', '133.14', 1, 3, '2015-02-24', 9, '03:04:53', 3),
(1794, 14, '2186.00', '284.18', '109.30', '874.40', 1, 1, '2019-02-22', 3, '07:58:12', 4),
(1795, 17, '618.00', '80.34', '30.90', '253.38', 1, 4, '2015-04-22', 4, '00:09:39', 8),
(1796, 106, '2241.00', '291.33', '112.05', '493.02', 3, 3, '2016-05-05', 10, '16:37:31', 1),
(1797, 55, '526.00', '68.38', '26.30', '136.76', 3, 4, '2019-06-22', 7, '17:58:45', 6),
(1798, 87, '908.00', '118.04', '45.40', '390.44', 1, 5, '2018-03-24', 7, '22:55:49', 3),
(1799, 23, '174.00', '22.62', '8.70', '85.26', 2, 3, '2016-06-24', 3, '00:02:15', 5),
(1800, 39, '2010.00', '261.30', '100.50', '502.50', 2, 1, '2017-03-12', 4, '16:40:10', 1),
(1801, 91, '806.00', '104.78', '40.30', '386.88', 3, 5, '2016-07-15', 8, '10:52:38', 1),
(1802, 71, '2186.00', '284.18', '109.30', '765.10', 1, 4, '2015-12-31', 3, '05:12:08', 4),
(1803, 46, '784.00', '101.92', '39.20', '266.56', 3, 2, '2019-05-06', 3, '18:11:47', 2),
(1804, 40, '1614.00', '209.82', '80.70', '209.82', 2, 5, '2016-04-13', 1, '12:20:42', 6),
(1805, 108, '130.00', '16.90', '6.50', '32.50', 1, 4, '2017-03-26', 3, '10:00:06', 3),
(1806, 3, '762.00', '99.06', '38.10', '167.64', 3, 5, '2015-11-11', 6, '11:05:45', 8),
(1807, 17, '672.00', '87.36', '33.60', '322.56', 3, 2, '2016-03-05', 8, '15:26:38', 5),
(1808, 66, '44.00', '5.72', '2.20', '11.44', 2, 1, '2020-01-04', 4, '19:59:18', 5),
(1809, 94, '1346.00', '174.98', '67.30', '511.48', 3, 4, '2018-04-26', 9, '09:58:43', 2),
(1810, 122, '558.00', '72.54', '27.90', '145.08', 3, 3, '2018-10-17', 3, '23:38:39', 4),
(1811, 79, '498.00', '64.74', '24.90', '59.76', 2, 1, '2015-07-22', 4, '04:28:28', 8),
(1812, 120, '1596.00', '207.48', '79.80', '574.56', 3, 2, '2017-07-06', 5, '18:07:20', 2),
(1813, 16, '1210.00', '157.30', '60.50', '326.70', 1, 4, '2019-03-20', 3, '18:11:19', 1),
(1814, 109, '1389.00', '180.57', '69.45', '194.46', 2, 1, '2019-03-17', 9, '15:01:39', 5),
(1815, 98, '35.00', '4.55', '1.75', '11.20', 2, 2, '2017-02-21', 6, '23:38:55', 7),
(1816, 114, '1645.00', '213.85', '82.25', '312.55', 3, 5, '2017-04-05', 8, '02:11:21', 2),
(1817, 68, '1319.00', '171.47', '65.95', '382.51', 2, 2, '2019-04-15', 3, '20:34:50', 2),
(1818, 70, '2108.00', '274.04', '105.40', '505.92', 3, 4, '2018-08-26', 1, '11:25:38', 2),
(1819, 40, '951.00', '123.63', '47.55', '114.12', 3, 2, '2019-12-08', 4, '01:19:30', 3),
(1820, 38, '2114.00', '274.82', '105.70', '803.32', 3, 2, '2018-09-23', 2, '05:20:45', 3),
(1821, 103, '1853.00', '240.89', '92.65', '574.43', 1, 5, '2017-05-24', 8, '01:48:15', 7),
(1822, 86, '1661.00', '215.93', '83.05', '232.54', 3, 5, '2018-06-27', 9, '19:26:40', 7),
(1823, 77, '1490.00', '193.70', '74.50', '745.00', 3, 2, '2017-04-01', 5, '21:06:15', 1),
(1824, 104, '1172.00', '152.36', '58.60', '164.08', 3, 4, '2017-05-01', 3, '09:56:55', 7),
(1825, 23, '535.00', '69.55', '26.75', '139.10', 1, 2, '2016-03-21', 3, '00:11:38', 8),
(1826, 53, '912.00', '118.56', '45.60', '145.92', 1, 1, '2015-02-28', 9, '18:11:20', 6),
(1827, 105, '2243.00', '291.59', '112.15', '852.34', 1, 1, '2017-08-16', 5, '21:23:03', 2),
(1828, 74, '2223.00', '288.99', '111.15', '844.74', 1, 4, '2017-08-23', 10, '08:23:55', 6),
(1829, 85, '1165.00', '151.45', '58.25', '442.70', 1, 3, '2018-11-15', 7, '07:10:16', 4),
(1830, 1, '860.00', '111.80', '43.00', '163.40', 3, 3, '2015-06-09', 3, '18:36:46', 3),
(1831, 1, '305.00', '39.65', '15.25', '73.20', 1, 5, '2017-09-06', 8, '19:32:08', 2),
(1832, 62, '257.00', '33.41', '12.85', '84.81', 2, 4, '2015-01-05', 7, '02:25:41', 2),
(1833, 45, '1845.00', '239.85', '92.25', '535.05', 3, 2, '2017-08-05', 8, '06:11:32', 7),
(1834, 16, '2127.00', '276.51', '106.35', '489.21', 3, 4, '2017-03-09', 10, '19:08:13', 4),
(1835, 105, '1630.00', '211.90', '81.50', '440.10', 1, 3, '2016-12-08', 6, '21:57:49', 7),
(1836, 32, '2223.00', '288.99', '111.15', '1067.04', 2, 4, '2017-06-23', 10, '17:49:56', 3),
(1837, 93, '777.00', '101.01', '38.85', '202.02', 1, 1, '2019-03-19', 8, '14:47:09', 1),
(1838, 83, '652.00', '84.76', '32.60', '273.84', 2, 3, '2018-01-28', 7, '05:22:43', 5),
(1839, 74, '2224.00', '289.12', '111.20', '556.00', 2, 4, '2017-10-10', 9, '05:02:43', 8),
(1840, 14, '1701.00', '221.13', '85.05', '238.14', 3, 3, '2016-10-26', 2, '22:07:59', 1),
(1841, 42, '2057.00', '267.41', '102.85', '658.24', 3, 5, '2016-07-27', 6, '17:18:59', 8),
(1842, 105, '1492.00', '193.96', '74.60', '686.32', 2, 1, '2016-01-28', 2, '06:00:31', 2),
(1843, 105, '1680.00', '218.40', '84.00', '168.00', 2, 5, '2016-11-26', 3, '06:41:28', 1),
(1844, 77, '1554.00', '202.02', '77.70', '543.90', 2, 3, '2018-03-01', 10, '19:23:43', 8),
(1845, 58, '1243.00', '161.59', '62.15', '161.59', 3, 4, '2018-04-21', 1, '00:39:38', 7),
(1846, 18, '844.00', '109.72', '42.20', '253.20', 2, 2, '2017-02-18', 8, '04:42:50', 4),
(1847, 103, '1302.00', '169.26', '65.10', '351.54', 3, 4, '2016-04-25', 1, '22:05:03', 2),
(1848, 109, '1914.00', '248.82', '95.70', '727.32', 1, 4, '2016-02-16', 9, '12:43:21', 6),
(1849, 12, '1519.00', '197.47', '75.95', '349.37', 1, 1, '2015-05-24', 2, '00:24:53', 6),
(1850, 48, '794.00', '103.22', '39.70', '198.50', 3, 2, '2015-05-17', 10, '16:32:01', 3),
(1851, 117, '1215.00', '157.95', '60.75', '328.05', 1, 5, '2018-09-15', 8, '08:39:53', 1),
(1852, 27, '430.00', '55.90', '21.50', '103.20', 2, 1, '2015-07-16', 3, '21:19:40', 3),
(1853, 20, '1775.00', '230.75', '88.75', '834.25', 3, 4, '2017-04-01', 2, '21:34:38', 6),
(1854, 10, '1816.00', '236.08', '90.80', '399.52', 2, 1, '2018-04-12', 3, '00:13:53', 5),
(1855, 85, '2226.00', '289.38', '111.30', '890.40', 2, 4, '2019-10-05', 6, '20:26:50', 8),
(1856, 76, '364.00', '47.32', '18.20', '134.68', 3, 3, '2015-12-11', 5, '23:52:30', 8),
(1857, 84, '1166.00', '151.58', '58.30', '501.38', 2, 3, '2016-10-20', 9, '22:49:46', 4),
(1858, 5, '1014.00', '131.82', '50.70', '243.36', 3, 3, '2015-04-02', 5, '10:35:24', 8),
(1859, 78, '21.00', '2.73', '1.05', '8.19', 2, 3, '2015-05-19', 4, '20:19:03', 6),
(1860, 115, '466.00', '60.58', '23.30', '97.86', 3, 5, '2015-03-18', 1, '17:16:34', 4),
(1861, 68, '227.00', '29.51', '11.35', '93.07', 1, 5, '2016-11-10', 1, '19:36:25', 4),
(1862, 118, '214.00', '27.82', '10.70', '38.52', 3, 2, '2018-08-15', 1, '18:40:32', 3),
(1863, 24, '2399.00', '311.87', '119.95', '1151.52', 1, 5, '2020-01-28', 9, '12:54:40', 4),
(1864, 24, '1936.00', '251.68', '96.80', '813.12', 1, 5, '2018-12-12', 2, '19:19:14', 1),
(1865, 52, '1196.00', '155.48', '59.80', '490.36', 3, 3, '2017-10-28', 5, '17:00:11', 8),
(1866, 80, '1960.00', '254.80', '98.00', '196.00', 2, 3, '2019-09-12', 1, '00:18:19', 7),
(1867, 118, '1819.00', '236.47', '90.95', '909.50', 1, 4, '2015-05-05', 1, '02:40:20', 1),
(1868, 107, '851.00', '110.63', '42.55', '408.48', 1, 1, '2019-09-13', 2, '14:47:05', 8),
(1869, 109, '585.00', '76.05', '29.25', '269.10', 3, 1, '2015-09-24', 1, '08:03:31', 1),
(1870, 73, '1613.00', '209.69', '80.65', '629.07', 3, 5, '2018-03-24', 3, '08:59:45', 3),
(1871, 78, '835.00', '108.55', '41.75', '167.00', 3, 2, '2019-04-18', 1, '02:23:09', 3),
(1872, 90, '709.00', '92.17', '35.45', '212.70', 1, 3, '2017-01-16', 9, '08:41:28', 5),
(1873, 59, '1357.00', '176.41', '67.85', '569.94', 1, 4, '2020-01-17', 9, '06:36:01', 1),
(1874, 75, '413.00', '53.69', '20.65', '86.73', 2, 1, '2017-12-20', 3, '21:35:01', 6),
(1875, 44, '693.00', '90.09', '34.65', '291.06', 1, 4, '2016-12-20', 10, '06:23:44', 8),
(1876, 92, '163.00', '21.19', '8.15', '53.79', 3, 1, '2019-03-20', 7, '06:17:14', 2),
(1877, 50, '1769.00', '229.97', '88.45', '566.08', 3, 1, '2016-12-23', 7, '11:56:26', 6),
(1878, 66, '230.00', '29.90', '11.50', '105.80', 1, 1, '2016-04-09', 1, '00:16:22', 4),
(1879, 92, '1199.00', '155.87', '59.95', '239.80', 1, 4, '2019-11-10', 7, '18:49:08', 4),
(1880, 104, '1809.00', '235.17', '90.45', '795.96', 3, 4, '2017-10-31', 9, '13:52:35', 8),
(1881, 31, '2135.00', '277.55', '106.75', '789.95', 3, 2, '2019-06-14', 2, '08:58:30', 7),
(1882, 68, '1388.00', '180.44', '69.40', '291.48', 3, 2, '2016-02-14', 10, '02:29:54', 8),
(1883, 107, '402.00', '52.26', '20.10', '156.78', 1, 3, '2017-06-25', 1, '23:27:05', 7),
(1884, 86, '18.00', '2.34', '0.90', '5.22', 1, 1, '2016-06-23', 1, '07:17:09', 5),
(1885, 40, '2248.00', '292.24', '112.40', '269.76', 3, 5, '2017-06-04', 4, '02:45:17', 8),
(1886, 10, '1414.00', '183.82', '70.70', '339.36', 2, 1, '2018-09-30', 4, '04:36:48', 8),
(1887, 85, '625.00', '81.25', '31.25', '175.00', 1, 3, '2019-11-26', 6, '21:31:06', 2),
(1888, 4, '1312.00', '170.56', '65.60', '367.36', 1, 3, '2018-11-26', 2, '03:05:28', 6),
(1889, 40, '2332.00', '303.16', '116.60', '652.96', 3, 1, '2016-06-09', 10, '06:46:12', 7),
(1890, 42, '86.00', '11.18', '4.30', '33.54', 2, 2, '2015-01-29', 1, '23:54:01', 7),
(1891, 19, '13.00', '1.69', '0.65', '2.60', 3, 3, '2019-01-17', 4, '09:24:42', 3),
(1892, 78, '404.00', '52.52', '20.20', '153.52', 2, 1, '2019-05-15', 1, '23:22:19', 4),
(1893, 36, '1978.00', '257.14', '98.90', '652.74', 2, 5, '2016-04-07', 6, '15:09:38', 5),
(1894, 122, '523.00', '67.99', '26.15', '156.90', 3, 2, '2015-03-01', 3, '21:33:59', 2),
(1895, 32, '889.00', '115.57', '44.45', '257.81', 2, 2, '2015-09-09', 2, '07:15:10', 2),
(1896, 5, '1355.00', '176.15', '67.75', '298.10', 1, 5, '2015-04-03', 10, '09:16:58', 2),
(1897, 1, '1588.00', '206.44', '79.40', '539.92', 1, 4, '2017-10-18', 7, '06:13:42', 4),
(1898, 42, '741.00', '96.33', '37.05', '303.81', 1, 5, '2015-12-06', 4, '16:49:20', 2),
(1899, 83, '1708.00', '222.04', '85.40', '854.00', 3, 5, '2017-11-02', 5, '14:39:44', 6),
(1900, 70, '1795.00', '233.35', '89.75', '897.50', 2, 4, '2016-01-24', 7, '17:44:05', 5),
(1901, 42, '795.00', '103.35', '39.75', '365.70', 1, 1, '2016-03-08', 6, '01:32:07', 5),
(1902, 37, '967.00', '125.71', '48.35', '367.46', 3, 3, '2018-07-25', 4, '05:37:10', 4),
(1903, 68, '40.00', '5.20', '2.00', '20.00', 3, 4, '2018-12-14', 5, '02:28:37', 2),
(1904, 122, '724.00', '94.12', '36.20', '318.56', 2, 1, '2020-01-10', 4, '11:05:43', 2),
(1905, 119, '1782.00', '231.66', '89.10', '588.06', 3, 4, '2016-09-25', 4, '00:21:09', 2),
(1906, 59, '1133.00', '147.29', '56.65', '521.18', 2, 1, '2016-08-25', 7, '05:12:02', 4),
(1907, 108, '1539.00', '200.07', '76.95', '646.38', 2, 5, '2016-12-15', 9, '07:38:40', 5),
(1908, 11, '483.00', '62.79', '24.15', '130.41', 2, 1, '2019-11-20', 10, '20:25:07', 2),
(1909, 112, '331.00', '43.03', '16.55', '69.51', 2, 5, '2017-06-25', 6, '15:22:43', 5),
(1910, 61, '709.00', '92.17', '35.45', '155.98', 1, 3, '2018-03-19', 2, '16:31:34', 2),
(1911, 41, '1434.00', '186.42', '71.70', '673.98', 3, 1, '2017-09-02', 9, '04:21:15', 5),
(1912, 98, '2202.00', '286.26', '110.10', '528.48', 2, 5, '2018-09-26', 7, '00:27:00', 6),
(1913, 50, '1048.00', '136.24', '52.40', '230.56', 2, 3, '2017-02-07', 5, '04:39:37', 6),
(1914, 81, '1837.00', '238.81', '91.85', '293.92', 2, 1, '2016-03-02', 7, '14:44:35', 1),
(1915, 117, '1558.00', '202.54', '77.90', '607.62', 2, 1, '2019-03-08', 3, '04:14:57', 2),
(1916, 97, '1329.00', '172.77', '66.45', '146.19', 3, 1, '2016-03-27', 3, '11:33:03', 5),
(1917, 119, '299.00', '38.87', '14.95', '98.67', 3, 2, '2017-04-23', 2, '14:51:54', 7),
(1918, 116, '821.00', '106.73', '41.05', '139.57', 1, 1, '2016-09-24', 4, '18:35:56', 3),
(1919, 98, '2277.00', '296.01', '113.85', '592.02', 1, 3, '2015-05-06', 10, '17:55:24', 7),
(1920, 5, '961.00', '124.93', '48.05', '182.59', 1, 4, '2016-07-19', 8, '19:43:15', 1),
(1921, 60, '1552.00', '201.76', '77.60', '667.36', 2, 3, '2020-01-16', 6, '11:53:34', 5),
(1922, 43, '307.00', '39.91', '15.35', '116.66', 3, 1, '2016-07-06', 7, '13:37:00', 4),
(1923, 99, '1532.00', '199.16', '76.60', '459.60', 2, 1, '2017-10-24', 5, '07:13:38', 1),
(1924, 33, '1079.00', '140.27', '53.95', '194.22', 2, 4, '2018-01-03', 4, '22:29:11', 3),
(1925, 41, '1919.00', '249.47', '95.95', '940.31', 2, 3, '2015-01-17', 5, '18:34:12', 4),
(1926, 4, '275.00', '35.75', '13.75', '90.75', 2, 4, '2015-11-08', 1, '08:48:23', 3),
(1927, 75, '1736.00', '225.68', '86.80', '503.44', 1, 5, '2017-04-12', 9, '22:30:53', 6),
(1928, 41, '551.00', '71.63', '27.55', '121.22', 1, 5, '2015-11-09', 7, '15:31:52', 5),
(1929, 5, '1747.00', '227.11', '87.35', '873.50', 3, 4, '2018-01-19', 7, '03:56:55', 7),
(1930, 63, '1848.00', '240.24', '92.40', '628.32', 1, 2, '2020-01-26', 7, '19:41:17', 1),
(1931, 108, '2266.00', '294.58', '113.30', '725.12', 2, 3, '2015-07-04', 1, '08:35:00', 1),
(1932, 84, '1496.00', '194.48', '74.80', '179.52', 2, 3, '2015-05-15', 5, '08:17:52', 3),
(1933, 113, '1060.00', '137.80', '53.00', '487.60', 2, 4, '2016-11-02', 5, '18:02:04', 4),
(1934, 8, '2327.00', '302.51', '116.35', '1047.15', 1, 5, '2018-05-24', 9, '00:28:04', 7),
(1935, 25, '164.00', '21.32', '8.20', '36.08', 1, 3, '2016-04-29', 8, '00:38:51', 8),
(1936, 61, '534.00', '69.42', '26.70', '160.20', 3, 4, '2015-08-02', 7, '00:48:12', 3),
(1937, 102, '593.00', '77.09', '29.65', '254.99', 1, 3, '2018-05-18', 1, '20:03:43', 5),
(1938, 53, '1240.00', '161.20', '62.00', '272.80', 2, 4, '2017-12-17', 2, '21:12:40', 3),
(1939, 98, '911.00', '118.43', '45.55', '100.21', 3, 4, '2017-07-05', 5, '17:30:33', 2),
(1940, 8, '2263.00', '294.19', '113.15', '475.23', 1, 3, '2020-01-12', 2, '00:44:12', 4),
(1941, 31, '1216.00', '158.08', '60.80', '170.24', 3, 1, '2018-09-24', 6, '05:33:15', 7),
(1942, 22, '65.00', '8.45', '3.25', '9.75', 1, 3, '2016-01-19', 1, '08:08:46', 6),
(1943, 63, '1453.00', '188.89', '72.65', '363.25', 3, 4, '2017-12-11', 9, '07:24:15', 5),
(1944, 34, '624.00', '81.12', '31.20', '156.00', 2, 4, '2016-04-23', 7, '19:36:27', 3),
(1945, 36, '2266.00', '294.58', '113.30', '611.82', 2, 5, '2016-08-15', 3, '14:17:35', 5),
(1946, 105, '1609.00', '209.17', '80.45', '321.80', 1, 1, '2019-04-05', 5, '19:19:17', 2),
(1947, 54, '2291.00', '297.83', '114.55', '962.22', 3, 3, '2018-05-10', 3, '07:52:31', 3),
(1948, 32, '709.00', '92.17', '35.45', '241.06', 2, 1, '2018-05-26', 10, '23:45:29', 5),
(1949, 121, '2017.00', '262.21', '100.85', '726.12', 3, 3, '2017-06-03', 1, '20:54:52', 1),
(1950, 95, '453.00', '58.89', '22.65', '167.61', 2, 1, '2016-12-23', 6, '20:38:10', 3),
(1951, 27, '1058.00', '137.54', '52.90', '444.36', 3, 3, '2018-09-29', 8, '05:40:09', 5),
(1952, 70, '1449.00', '188.37', '72.45', '318.78', 2, 4, '2016-07-17', 7, '23:08:49', 2),
(1953, 60, '1146.00', '148.98', '57.30', '160.44', 2, 3, '2015-08-18', 4, '18:50:17', 8),
(1954, 84, '2084.00', '270.92', '104.20', '812.76', 1, 2, '2018-12-07', 6, '20:42:24', 6),
(1955, 6, '613.00', '79.69', '30.65', '281.98', 1, 2, '2015-10-06', 6, '14:35:57', 3),
(1956, 86, '1436.00', '186.68', '71.80', '229.76', 1, 1, '2016-05-06', 8, '02:13:09', 1),
(1957, 12, '1774.00', '230.62', '88.70', '390.28', 3, 3, '2015-09-14', 6, '13:27:46', 3),
(1958, 4, '630.00', '81.90', '31.50', '107.10', 3, 3, '2017-11-26', 6, '18:17:14', 1),
(1959, 111, '974.00', '126.62', '48.70', '292.20', 1, 1, '2018-01-01', 9, '02:39:20', 7),
(1960, 98, '1497.00', '194.61', '74.85', '568.86', 3, 5, '2016-11-11', 8, '16:05:39', 8),
(1961, 62, '226.00', '29.38', '11.30', '54.24', 2, 3, '2017-05-27', 10, '16:42:27', 5),
(1962, 86, '882.00', '114.66', '44.10', '326.34', 2, 1, '2019-05-08', 1, '02:11:07', 5),
(1963, 16, '560.00', '72.80', '28.00', '84.00', 3, 5, '2015-03-30', 1, '12:10:26', 1),
(1964, 51, '77.00', '10.01', '3.85', '13.86', 2, 5, '2018-06-30', 2, '09:55:29', 8),
(1965, 109, '1825.00', '237.25', '91.25', '730.00', 2, 4, '2017-02-26', 8, '08:34:11', 7),
(1966, 115, '694.00', '90.22', '34.70', '229.02', 1, 5, '2017-11-24', 4, '02:08:07', 5),
(1967, 74, '464.00', '60.32', '23.20', '134.56', 1, 5, '2017-01-01', 3, '06:23:11', 4),
(1968, 7, '2050.00', '266.50', '102.50', '799.50', 2, 5, '2017-07-13', 10, '07:56:54', 4),
(1969, 34, '857.00', '111.41', '42.85', '351.37', 2, 2, '2018-02-16', 10, '09:57:32', 3),
(1970, 70, '604.00', '78.52', '30.20', '169.12', 2, 4, '2018-12-14', 4, '12:23:05', 2),
(1971, 62, '96.00', '12.48', '4.80', '33.60', 1, 1, '2019-08-24', 1, '01:58:06', 7),
(1972, 104, '1287.00', '167.31', '64.35', '321.75', 3, 5, '2017-12-04', 3, '11:18:36', 6),
(1973, 3, '895.00', '116.35', '44.75', '349.05', 1, 3, '2018-02-12', 10, '14:54:03', 3),
(1974, 56, '1321.00', '171.73', '66.05', '277.41', 3, 1, '2015-07-04', 3, '10:57:07', 3),
(1975, 51, '2158.00', '280.54', '107.90', '345.28', 3, 5, '2017-09-05', 3, '11:07:22', 6),
(1976, 119, '668.00', '86.84', '33.40', '160.32', 2, 4, '2019-04-13', 1, '23:03:36', 4),
(1977, 122, '848.00', '110.24', '42.40', '347.68', 1, 5, '2017-04-28', 2, '15:16:00', 6),
(1978, 70, '1268.00', '164.84', '63.40', '469.16', 1, 2, '2019-11-25', 8, '10:18:08', 1),
(1979, 75, '1881.00', '244.53', '94.05', '545.49', 3, 4, '2015-03-15', 10, '16:00:52', 8),
(1980, 91, '770.00', '100.10', '38.50', '138.60', 2, 2, '2018-10-18', 6, '00:57:22', 8),
(1981, 37, '800.00', '104.00', '40.00', '216.00', 2, 5, '2019-11-10', 1, '16:15:01', 3),
(1982, 13, '1152.00', '149.76', '57.60', '368.64', 1, 5, '2017-10-21', 9, '05:42:59', 8),
(1983, 89, '1905.00', '247.65', '95.25', '571.50', 3, 3, '2019-01-25', 6, '15:13:25', 6),
(1984, 26, '1271.00', '165.23', '63.55', '139.81', 3, 4, '2017-01-01', 4, '13:33:20', 3),
(1985, 122, '1257.00', '163.41', '62.85', '276.54', 2, 3, '2015-10-31', 7, '21:17:03', 8),
(1986, 112, '276.00', '35.88', '13.80', '33.12', 3, 5, '2016-01-28', 5, '15:45:13', 7),
(1987, 77, '2107.00', '273.91', '105.35', '210.70', 3, 1, '2018-02-11', 4, '05:36:39', 7),
(1988, 56, '529.00', '68.77', '26.45', '243.34', 2, 5, '2019-08-23', 8, '18:51:40', 3),
(1989, 81, '177.00', '23.01', '8.85', '21.24', 3, 4, '2017-03-24', 9, '12:59:32', 2),
(1990, 17, '2257.00', '293.41', '112.85', '451.40', 1, 3, '2016-11-14', 10, '09:49:35', 8),
(1991, 30, '1354.00', '176.02', '67.70', '135.40', 1, 3, '2018-02-07', 4, '10:38:52', 5),
(1992, 69, '1104.00', '143.52', '55.20', '342.24', 1, 3, '2016-05-28', 6, '17:03:20', 6),
(1993, 118, '1009.00', '131.17', '50.45', '494.41', 3, 3, '2015-04-10', 6, '04:05:57', 3),
(1994, 30, '1286.00', '167.18', '64.30', '527.26', 1, 3, '2018-01-14', 10, '00:54:59', 1),
(1995, 69, '1224.00', '159.12', '61.20', '612.00', 3, 4, '2017-12-12', 9, '05:46:48', 3),
(1996, 31, '504.00', '65.52', '25.20', '236.88', 1, 4, '2015-03-19', 8, '04:43:55', 7),
(1997, 90, '2267.00', '294.71', '113.35', '589.42', 2, 1, '2018-05-29', 9, '01:24:52', 5),
(1998, 15, '2373.00', '308.49', '118.65', '1162.77', 1, 5, '2016-08-25', 4, '21:48:07', 2),
(1999, 98, '271.00', '35.23', '13.55', '130.08', 1, 4, '2016-02-26', 4, '14:27:21', 6),
(2000, 104, '2232.00', '290.16', '111.60', '401.76', 2, 1, '2017-03-26', 3, '01:35:21', 3),
(2001, 45, '1631.00', '212.03', '81.55', '750.26', 3, 2, '2018-07-30', 7, '15:19:45', 8),
(2002, 95, '211.00', '27.43', '10.55', '21.10', 1, 3, '2015-06-25', 6, '10:10:23', 5),
(2003, 102, '659.00', '85.67', '32.95', '329.50', 3, 2, '2017-09-29', 7, '11:31:12', 5),
(2004, 48, '287.00', '37.31', '14.35', '28.70', 1, 2, '2016-07-28', 8, '17:06:47', 5),
(2005, 15, '2317.00', '301.21', '115.85', '301.21', 1, 5, '2016-05-09', 4, '03:13:18', 4),
(2006, 9, '1219.00', '158.47', '60.95', '121.90', 2, 5, '2017-09-17', 3, '13:01:50', 4),
(2007, 76, '827.00', '107.51', '41.35', '339.07', 1, 2, '2016-10-30', 9, '21:21:33', 3),
(2008, 108, '1446.00', '187.98', '72.30', '231.36', 3, 1, '2015-10-08', 4, '04:19:31', 8),
(2009, 85, '1958.00', '254.54', '97.90', '744.04', 3, 4, '2017-10-02', 4, '16:46:09', 2),
(2010, 12, '1572.00', '204.36', '78.60', '267.24', 1, 4, '2019-11-30', 3, '10:05:43', 1),
(2011, 69, '2101.00', '273.13', '105.05', '378.18', 2, 2, '2019-04-18', 2, '03:54:53', 4),
(2012, 1, '1651.00', '214.63', '82.55', '297.18', 3, 2, '2019-11-07', 5, '10:03:13', 1),
(2013, 97, '807.00', '104.91', '40.35', '80.70', 3, 2, '2017-07-29', 10, '18:57:28', 5),
(2014, 3, '849.00', '110.37', '42.45', '348.09', 2, 3, '2020-01-08', 8, '04:29:17', 1),
(2015, 26, '1390.00', '180.70', '69.50', '597.70', 3, 2, '2016-12-09', 6, '23:46:05', 6),
(2016, 101, '494.00', '64.22', '24.70', '197.60', 1, 1, '2019-11-15', 3, '09:49:46', 8),
(2017, 28, '826.00', '107.38', '41.30', '289.10', 1, 1, '2018-09-12', 7, '12:00:40', 4),
(2018, 8, '1530.00', '198.90', '76.50', '657.90', 2, 4, '2016-03-11', 6, '03:28:27', 1),
(2019, 122, '455.00', '59.15', '22.75', '113.75', 2, 5, '2015-09-11', 9, '20:27:54', 4),
(2020, 75, '1429.00', '185.77', '71.45', '571.60', 1, 3, '2017-05-11', 1, '17:19:10', 6),
(2021, 23, '360.00', '46.80', '18.00', '90.00', 3, 2, '2019-05-15', 6, '16:31:36', 4),
(2022, 83, '1000.00', '130.00', '50.00', '170.00', 3, 2, '2016-09-04', 6, '07:42:42', 7),
(2023, 35, '664.00', '86.32', '33.20', '79.68', 1, 5, '2018-01-04', 2, '07:23:42', 4),
(2024, 18, '1957.00', '254.41', '97.85', '684.95', 1, 4, '2016-04-17', 5, '19:25:56', 8),
(2025, 80, '2207.00', '286.91', '110.35', '529.68', 1, 1, '2015-01-22', 1, '09:34:03', 3),
(2026, 72, '1185.00', '154.05', '59.25', '414.75', 1, 1, '2018-09-14', 1, '13:07:20', 5),
(2027, 7, '631.00', '82.03', '31.55', '271.33', 1, 1, '2016-03-05', 7, '21:51:29', 7),
(2028, 117, '957.00', '124.41', '47.85', '229.68', 2, 1, '2019-04-14', 10, '01:12:57', 7),
(2029, 5, '765.00', '99.45', '38.25', '214.20', 3, 5, '2019-10-11', 10, '10:35:33', 3),
(2030, 43, '208.00', '27.04', '10.40', '56.16', 3, 2, '2018-07-31', 7, '00:49:16', 3),
(2031, 113, '1102.00', '143.26', '55.10', '341.62', 3, 5, '2019-10-20', 1, '23:55:30', 3),
(2032, 69, '2297.00', '298.61', '114.85', '987.71', 2, 5, '2016-05-16', 10, '03:23:58', 1),
(2033, 102, '769.00', '99.97', '38.45', '292.22', 2, 3, '2015-08-16', 5, '13:28:58', 5),
(2034, 112, '500.00', '65.00', '25.00', '220.00', 1, 3, '2019-09-27', 4, '21:19:30', 6),
(2035, 66, '450.00', '58.50', '22.50', '99.00', 2, 2, '2017-09-23', 9, '15:19:02', 3),
(2036, 99, '1476.00', '191.88', '73.80', '309.96', 1, 5, '2017-08-15', 5, '22:30:15', 1),
(2037, 68, '85.00', '11.05', '4.25', '23.80', 3, 3, '2015-08-08', 6, '05:55:30', 8),
(2038, 55, '1944.00', '252.72', '97.20', '252.72', 3, 1, '2020-01-19', 6, '18:15:42', 5),
(2039, 23, '1151.00', '149.63', '57.55', '448.89', 1, 5, '2015-04-10', 5, '07:59:20', 2),
(2040, 71, '1028.00', '133.64', '51.40', '514.00', 1, 4, '2018-07-29', 3, '11:51:37', 2),
(2041, 47, '1590.00', '206.70', '79.50', '508.80', 2, 4, '2019-01-08', 9, '23:38:37', 4),
(2042, 16, '148.00', '19.24', '7.40', '20.72', 3, 2, '2019-09-04', 7, '06:35:38', 6),
(2043, 110, '1451.00', '188.63', '72.55', '435.30', 3, 2, '2016-02-17', 8, '18:05:32', 6),
(2044, 34, '659.00', '85.67', '32.95', '263.60', 2, 4, '2016-06-22', 10, '13:24:53', 5),
(2045, 49, '1555.00', '202.15', '77.75', '466.50', 2, 3, '2018-02-27', 6, '19:57:21', 4),
(2046, 100, '869.00', '112.97', '43.45', '182.49', 1, 5, '2016-02-01', 1, '21:12:14', 2),
(2047, 63, '102.00', '13.26', '5.10', '14.28', 2, 1, '2017-06-16', 7, '15:40:45', 8),
(2048, 120, '103.00', '13.39', '5.15', '27.81', 3, 5, '2016-01-12', 6, '22:59:25', 8),
(2049, 76, '2110.00', '274.30', '105.50', '780.70', 3, 5, '2016-04-10', 7, '09:32:40', 4),
(2050, 121, '2055.00', '267.15', '102.75', '719.25', 1, 1, '2018-04-12', 8, '12:36:37', 2),
(2051, 104, '232.00', '30.16', '11.60', '37.12', 3, 4, '2015-07-11', 3, '20:29:39', 1),
(2052, 79, '2216.00', '288.08', '110.80', '1063.68', 3, 3, '2015-08-16', 10, '15:03:09', 5),
(2053, 51, '812.00', '105.56', '40.60', '219.24', 2, 5, '2019-05-27', 7, '03:29:31', 5),
(2054, 1, '98.00', '12.74', '4.90', '18.62', 1, 2, '2019-02-24', 1, '08:36:15', 8),
(2055, 24, '236.00', '30.68', '11.80', '61.36', 3, 5, '2019-01-25', 3, '15:46:34', 5),
(2056, 7, '1309.00', '170.17', '65.45', '445.06', 1, 1, '2019-12-03', 10, '04:29:18', 1),
(2057, 13, '1856.00', '241.28', '92.80', '835.20', 3, 2, '2019-09-20', 2, '18:13:46', 6),
(2058, 73, '1333.00', '173.29', '66.65', '413.23', 2, 2, '2015-02-20', 10, '12:48:48', 3),
(2059, 24, '819.00', '106.47', '40.95', '139.23', 3, 3, '2015-10-19', 3, '20:20:06', 4),
(2060, 16, '742.00', '96.46', '37.10', '207.76', 3, 5, '2017-09-04', 2, '02:57:47', 3),
(2061, 11, '1617.00', '210.21', '80.85', '420.42', 2, 4, '2017-04-16', 2, '23:22:12', 2),
(2062, 97, '428.00', '55.64', '21.40', '175.48', 2, 4, '2019-02-16', 9, '02:18:16', 7),
(2063, 31, '687.00', '89.31', '34.35', '261.06', 2, 1, '2018-10-20', 5, '19:40:27', 1),
(2064, 66, '1097.00', '142.61', '54.85', '318.13', 1, 4, '2015-12-24', 9, '10:57:55', 2),
(2065, 101, '1683.00', '218.79', '84.15', '218.79', 2, 4, '2015-11-26', 5, '04:14:22', 4),
(2066, 56, '587.00', '76.31', '29.35', '264.15', 3, 3, '2015-03-08', 8, '21:20:16', 4),
(2067, 52, '1506.00', '195.78', '75.30', '481.92', 3, 3, '2019-09-21', 10, '19:07:06', 6),
(2068, 93, '885.00', '115.05', '44.25', '203.55', 2, 2, '2016-06-29', 6, '15:01:29', 6),
(2069, 16, '1084.00', '140.92', '54.20', '281.84', 1, 3, '2017-08-23', 7, '18:43:51', 8),
(2070, 106, '443.00', '57.59', '22.15', '79.74', 3, 3, '2015-11-28', 4, '17:15:06', 1),
(2071, 69, '63.00', '8.19', '3.15', '13.23', 3, 3, '2016-10-21', 1, '19:38:33', 2),
(2072, 104, '1382.00', '179.66', '69.10', '594.26', 1, 5, '2017-05-23', 1, '19:44:15', 8),
(2073, 65, '752.00', '97.76', '37.60', '330.88', 1, 3, '2017-11-21', 2, '17:35:44', 2),
(2074, 15, '366.00', '47.58', '18.30', '183.00', 3, 3, '2016-05-21', 9, '06:37:26', 1),
(2075, 30, '870.00', '113.10', '43.50', '348.00', 2, 3, '2018-02-01', 1, '18:31:30', 6),
(2076, 48, '1656.00', '215.28', '82.80', '629.28', 3, 3, '2016-04-26', 9, '12:29:50', 4),
(2077, 71, '1602.00', '208.26', '80.10', '576.72', 3, 4, '2019-11-15', 8, '18:45:17', 1),
(2078, 76, '333.00', '43.29', '16.65', '166.50', 2, 3, '2019-12-26', 6, '23:57:20', 2),
(2079, 20, '574.00', '74.62', '28.70', '166.46', 2, 3, '2019-05-19', 3, '02:29:27', 3),
(2080, 103, '2003.00', '260.39', '100.15', '400.60', 2, 2, '2018-08-23', 2, '11:44:58', 8),
(2081, 16, '1895.00', '246.35', '94.75', '852.75', 1, 5, '2018-03-17', 6, '05:28:28', 4),
(2082, 98, '2379.00', '309.27', '118.95', '499.59', 2, 3, '2016-01-29', 7, '22:37:26', 3),
(2083, 61, '1696.00', '220.48', '84.80', '814.08', 3, 4, '2015-07-02', 2, '03:00:50', 6),
(2084, 8, '2291.00', '297.83', '114.55', '664.39', 1, 2, '2018-09-10', 10, '12:18:32', 6),
(2085, 74, '989.00', '128.57', '49.45', '207.69', 3, 3, '2015-08-20', 8, '19:29:27', 4),
(2086, 59, '692.00', '89.96', '34.60', '173.00', 3, 3, '2016-11-19', 3, '07:39:07', 4),
(2087, 12, '1504.00', '195.52', '75.20', '360.96', 2, 3, '2017-08-26', 5, '15:27:57', 4),
(2088, 9, '2373.00', '308.49', '118.65', '711.90', 3, 1, '2018-08-31', 2, '02:03:20', 4),
(2089, 14, '2232.00', '290.16', '111.60', '1093.68', 2, 2, '2016-11-24', 3, '14:33:58', 3),
(2090, 9, '1529.00', '198.77', '76.45', '733.92', 3, 4, '2019-07-05', 10, '15:38:26', 2),
(2091, 56, '2345.00', '304.85', '117.25', '492.45', 3, 1, '2017-11-30', 7, '12:00:43', 2),
(2092, 38, '2213.00', '287.69', '110.65', '597.51', 2, 3, '2018-05-09', 7, '12:59:44', 5),
(2093, 104, '378.00', '49.14', '18.90', '158.76', 3, 2, '2018-06-13', 5, '06:51:55', 7),
(2094, 121, '977.00', '127.01', '48.85', '459.19', 3, 2, '2016-12-29', 6, '19:30:57', 8),
(2095, 83, '937.00', '121.81', '46.85', '337.32', 1, 1, '2018-04-08', 3, '02:51:28', 3),
(2096, 50, '1937.00', '251.81', '96.85', '329.29', 1, 4, '2017-06-28', 1, '23:33:02', 6),
(2097, 38, '1073.00', '139.49', '53.65', '321.90', 1, 5, '2017-07-30', 8, '12:58:31', 7),
(2098, 29, '588.00', '76.44', '29.40', '241.08', 2, 4, '2019-12-04', 8, '19:30:30', 7),
(2099, 90, '660.00', '85.80', '33.00', '204.60', 2, 1, '2019-04-28', 3, '21:31:34', 5),
(2100, 23, '1493.00', '194.09', '74.65', '671.85', 1, 1, '2017-09-25', 1, '20:37:37', 2),
(2101, 121, '1789.00', '232.57', '89.45', '447.25', 3, 1, '2018-08-18', 1, '18:16:11', 2),
(2102, 118, '60.00', '7.80', '3.00', '20.40', 2, 4, '2018-12-31', 2, '22:39:14', 5),
(2103, 114, '54.00', '7.02', '2.70', '12.96', 2, 3, '2019-10-24', 9, '14:30:12', 4),
(2104, 110, '2114.00', '274.82', '105.70', '824.46', 3, 4, '2016-03-05', 4, '05:39:57', 8),
(2105, 20, '1874.00', '243.62', '93.70', '393.54', 3, 3, '2018-10-22', 9, '23:19:47', 5),
(2106, 76, '2281.00', '296.53', '114.05', '524.63', 1, 5, '2018-09-12', 7, '20:46:20', 6),
(2107, 59, '1107.00', '143.91', '55.35', '431.73', 2, 2, '2019-01-21', 8, '23:19:29', 6),
(2108, 84, '554.00', '72.02', '27.70', '94.18', 2, 4, '2019-12-11', 8, '15:54:15', 1),
(2109, 56, '982.00', '127.66', '49.10', '186.58', 2, 5, '2016-06-06', 1, '09:13:03', 4),
(2110, 61, '2009.00', '261.17', '100.45', '502.25', 2, 2, '2019-01-20', 1, '14:49:51', 4),
(2111, 55, '276.00', '35.88', '13.80', '71.76', 1, 3, '2016-02-19', 5, '16:15:50', 6),
(2112, 49, '596.00', '77.48', '29.80', '220.52', 3, 5, '2017-11-18', 2, '22:12:01', 8),
(2113, 83, '1307.00', '169.91', '65.35', '339.82', 1, 4, '2019-12-09', 9, '21:03:07', 2),
(2114, 14, '941.00', '122.33', '47.05', '254.07', 2, 1, '2019-09-10', 10, '01:03:51', 8),
(2115, 58, '1193.00', '155.09', '59.65', '310.18', 2, 3, '2016-04-09', 1, '09:43:37', 6),
(2116, 100, '1010.00', '131.30', '50.50', '484.80', 1, 1, '2018-01-15', 6, '10:43:42', 1),
(2117, 63, '1052.00', '136.76', '52.60', '231.44', 3, 2, '2019-10-30', 6, '21:54:28', 8),
(2118, 107, '1972.00', '256.36', '98.60', '493.00', 1, 1, '2019-08-01', 8, '03:41:41', 4),
(2119, 55, '1289.00', '167.57', '64.45', '425.37', 3, 2, '2018-01-04', 6, '14:49:54', 4),
(2120, 74, '1918.00', '249.34', '95.90', '345.24', 1, 2, '2019-06-20', 2, '12:43:11', 6),
(2121, 24, '1854.00', '241.02', '92.70', '704.52', 2, 1, '2015-05-15', 5, '13:54:45', 1),
(2122, 86, '2296.00', '298.48', '114.80', '734.72', 2, 2, '2017-07-18', 4, '02:29:58', 6),
(2123, 56, '399.00', '51.87', '19.95', '151.62', 1, 2, '2016-06-27', 2, '05:02:02', 2),
(2124, 49, '1450.00', '188.50', '72.50', '623.50', 3, 1, '2016-01-16', 5, '01:43:14', 7),
(2125, 56, '2167.00', '281.71', '108.35', '325.05', 2, 2, '2017-04-21', 3, '00:36:20', 6),
(2126, 106, '2319.00', '301.47', '115.95', '324.66', 3, 3, '2019-07-10', 4, '10:04:36', 5),
(2127, 120, '149.00', '19.37', '7.45', '46.19', 3, 1, '2016-02-25', 9, '04:45:49', 4),
(2128, 85, '1314.00', '170.82', '65.70', '499.32', 2, 2, '2017-06-27', 8, '00:10:21', 3),
(2129, 120, '544.00', '70.72', '27.20', '70.72', 3, 2, '2018-06-20', 8, '18:58:10', 6),
(2130, 38, '1339.00', '174.07', '66.95', '133.90', 2, 2, '2019-04-21', 8, '09:01:26', 5),
(2131, 62, '505.00', '65.65', '25.25', '227.25', 3, 4, '2017-04-28', 3, '21:54:09', 5),
(2132, 116, '1040.00', '135.20', '52.00', '187.20', 2, 5, '2015-06-04', 6, '11:45:55', 6),
(2133, 110, '1166.00', '151.58', '58.30', '408.10', 3, 5, '2018-07-22', 1, '07:33:20', 2),
(2134, 53, '1830.00', '237.90', '91.50', '402.60', 2, 3, '2016-12-14', 4, '01:06:56', 1),
(2135, 112, '1073.00', '139.49', '53.65', '504.31', 3, 1, '2016-11-20', 2, '13:09:29', 8),
(2136, 44, '1702.00', '221.26', '85.10', '799.94', 3, 4, '2017-10-23', 10, '19:51:18', 5),
(2137, 80, '1129.00', '146.77', '56.45', '383.86', 2, 4, '2015-10-16', 7, '03:37:12', 8),
(2138, 74, '919.00', '119.47', '45.95', '266.51', 2, 4, '2015-04-27', 3, '12:57:20', 5),
(2139, 13, '1094.00', '142.22', '54.70', '393.84', 3, 4, '2016-08-11', 1, '06:24:15', 6),
(2140, 83, '84.00', '10.92', '4.20', '23.52', 2, 2, '2018-02-13', 5, '02:35:04', 8),
(2141, 54, '1014.00', '131.82', '50.70', '111.54', 1, 1, '2018-01-18', 7, '01:57:24', 6),
(2142, 105, '2357.00', '306.41', '117.85', '471.40', 1, 1, '2017-01-15', 4, '20:45:05', 8),
(2143, 111, '1831.00', '238.03', '91.55', '512.68', 3, 2, '2016-05-13', 5, '02:27:24', 8),
(2144, 54, '1857.00', '241.41', '92.85', '872.79', 2, 4, '2018-09-06', 3, '22:33:14', 1),
(2145, 54, '1737.00', '225.81', '86.85', '521.10', 3, 1, '2015-11-15', 3, '11:02:16', 7),
(2146, 114, '1167.00', '151.71', '58.35', '198.39', 2, 2, '2019-08-28', 2, '09:11:24', 7),
(2147, 79, '2108.00', '274.04', '105.40', '210.80', 3, 2, '2018-06-20', 8, '17:21:42', 1),
(2148, 47, '184.00', '23.92', '9.20', '75.44', 1, 3, '2019-05-18', 3, '06:59:57', 5),
(2149, 50, '1145.00', '148.85', '57.25', '206.10', 2, 3, '2019-09-05', 7, '05:43:58', 3),
(2150, 13, '755.00', '98.15', '37.75', '256.70', 3, 2, '2019-08-06', 5, '20:36:36', 6),
(2151, 84, '1861.00', '241.93', '93.05', '930.50', 1, 2, '2018-03-21', 3, '11:55:53', 1),
(2152, 84, '829.00', '107.77', '41.45', '149.22', 1, 2, '2015-01-02', 7, '16:07:06', 6),
(2153, 24, '427.00', '55.51', '21.35', '64.05', 1, 1, '2019-03-09', 3, '22:41:36', 6),
(2154, 13, '282.00', '36.66', '14.10', '129.72', 3, 2, '2019-12-10', 2, '07:48:58', 4),
(2155, 64, '528.00', '68.64', '26.40', '200.64', 1, 3, '2017-04-16', 8, '06:03:40', 1),
(2156, 34, '1130.00', '146.90', '56.50', '226.00', 2, 1, '2016-05-19', 1, '16:39:46', 8),
(2157, 47, '2098.00', '272.74', '104.90', '335.68', 3, 5, '2018-12-07', 7, '08:15:14', 2),
(2158, 76, '1109.00', '144.17', '55.45', '155.26', 3, 3, '2018-09-17', 5, '09:31:39', 5),
(2159, 75, '350.00', '45.50', '17.50', '164.50', 3, 3, '2016-12-05', 3, '15:50:55', 5),
(2160, 87, '565.00', '73.45', '28.25', '146.90', 3, 2, '2015-04-23', 1, '21:38:42', 4),
(2161, 50, '277.00', '36.01', '13.85', '99.72', 3, 5, '2019-04-24', 9, '02:42:47', 8),
(2162, 22, '295.00', '38.35', '14.75', '94.40', 3, 2, '2018-09-30', 8, '13:45:52', 2),
(2163, 69, '1458.00', '189.54', '72.90', '729.00', 3, 1, '2017-03-18', 5, '17:09:20', 2),
(2164, 58, '37.00', '4.81', '1.85', '14.80', 2, 3, '2015-07-28', 6, '04:06:33', 6),
(2165, 65, '1487.00', '193.31', '74.35', '698.89', 2, 3, '2018-12-06', 8, '07:27:31', 2),
(2166, 45, '2199.00', '285.87', '109.95', '769.65', 2, 5, '2016-07-08', 1, '18:30:00', 3),
(2167, 5, '910.00', '118.30', '45.50', '163.80', 1, 3, '2020-01-25', 8, '06:01:45', 4),
(2168, 65, '1486.00', '193.18', '74.30', '341.78', 2, 3, '2016-08-20', 9, '23:19:11', 7),
(2169, 21, '1606.00', '208.78', '80.30', '690.58', 3, 5, '2015-10-19', 10, '12:15:51', 1),
(2170, 21, '1653.00', '214.89', '82.65', '214.89', 2, 2, '2020-01-07', 5, '12:45:53', 5),
(2171, 86, '1010.00', '131.30', '50.50', '262.60', 3, 1, '2016-06-20', 2, '15:51:33', 5),
(2172, 47, '1498.00', '194.74', '74.90', '569.24', 1, 3, '2015-07-11', 3, '04:55:49', 4),
(2173, 25, '92.00', '11.96', '4.60', '40.48', 1, 5, '2017-01-21', 2, '18:50:11', 1),
(2174, 121, '1459.00', '189.67', '72.95', '452.29', 2, 4, '2017-11-27', 1, '12:48:45', 6),
(2175, 6, '1598.00', '207.74', '79.90', '607.24', 2, 4, '2018-04-17', 6, '04:03:19', 7),
(2176, 58, '506.00', '65.78', '25.30', '136.62', 1, 3, '2016-09-27', 1, '19:07:48', 3),
(2177, 36, '1523.00', '197.99', '76.15', '319.83', 3, 4, '2016-02-01', 10, '07:28:09', 6),
(2178, 109, '1102.00', '143.26', '55.10', '143.26', 3, 1, '2015-05-25', 2, '03:40:53', 6),
(2179, 13, '1605.00', '208.65', '80.25', '738.30', 3, 2, '2016-11-17', 10, '14:13:14', 7),
(2180, 85, '1402.00', '182.26', '70.10', '406.58', 1, 4, '2015-12-19', 9, '11:14:38', 6),
(2181, 84, '1743.00', '226.59', '87.15', '766.92', 2, 5, '2017-11-11', 5, '09:14:21', 8),
(2182, 86, '797.00', '103.61', '39.85', '143.46', 2, 5, '2019-05-21', 8, '09:46:01', 5),
(2183, 119, '569.00', '73.97', '28.45', '193.46', 3, 4, '2015-11-07', 3, '16:03:41', 2),
(2184, 76, '862.00', '112.06', '43.10', '198.26', 1, 1, '2016-02-27', 1, '06:23:42', 4),
(2185, 55, '287.00', '37.31', '14.35', '51.66', 3, 2, '2019-04-18', 1, '03:53:31', 7),
(2186, 32, '393.00', '51.09', '19.65', '188.64', 1, 4, '2019-06-08', 6, '04:26:20', 7),
(2187, 89, '919.00', '119.47', '45.95', '294.08', 2, 2, '2019-06-12', 2, '04:59:04', 8),
(2188, 7, '2302.00', '299.26', '115.10', '552.48', 3, 2, '2015-08-16', 2, '23:07:12', 6),
(2189, 122, '1033.00', '134.29', '51.65', '258.25', 1, 1, '2019-01-14', 5, '01:48:31', 7),
(2190, 17, '166.00', '21.58', '8.30', '46.48', 2, 5, '2017-02-22', 10, '07:52:56', 2),
(2191, 73, '720.00', '93.60', '36.00', '230.40', 1, 5, '2017-12-19', 6, '11:25:17', 2),
(2192, 60, '368.00', '47.84', '18.40', '169.28', 2, 1, '2017-11-24', 5, '05:46:47', 7),
(2193, 110, '1128.00', '146.64', '56.40', '203.04', 2, 4, '2018-04-09', 10, '02:16:07', 6),
(2194, 76, '612.00', '79.56', '30.60', '244.80', 2, 2, '2015-09-07', 8, '19:25:48', 2),
(2195, 86, '915.00', '118.95', '45.75', '420.90', 3, 4, '2015-07-25', 6, '21:59:06', 4),
(2196, 60, '713.00', '92.69', '35.65', '71.30', 1, 2, '2017-09-05', 4, '10:00:17', 2),
(2197, 5, '2011.00', '261.43', '100.55', '663.63', 3, 1, '2016-02-21', 10, '16:47:41', 5),
(2198, 98, '1744.00', '226.72', '87.20', '872.00', 2, 1, '2018-03-04', 5, '19:41:30', 2),
(2199, 17, '1677.00', '218.01', '83.85', '469.56', 3, 3, '2019-08-31', 2, '21:58:55', 6),
(2200, 38, '2181.00', '283.53', '109.05', '436.20', 1, 1, '2016-01-19', 5, '08:02:37', 7),
(2201, 29, '744.00', '96.72', '37.20', '74.40', 2, 4, '2017-04-24', 4, '00:22:14', 2),
(2202, 71, '962.00', '125.06', '48.10', '105.82', 2, 4, '2017-05-09', 9, '19:49:45', 6),
(2203, 90, '1735.00', '225.55', '86.75', '208.20', 1, 5, '2017-06-28', 1, '16:16:35', 5),
(2204, 28, '1064.00', '138.32', '53.20', '478.80', 3, 1, '2018-10-16', 10, '05:36:25', 7),
(2205, 68, '1480.00', '192.40', '74.00', '162.80', 1, 3, '2017-10-11', 5, '06:46:01', 3),
(2206, 28, '44.00', '5.72', '2.20', '11.44', 3, 4, '2019-10-06', 8, '18:50:24', 8),
(2207, 79, '91.00', '11.83', '4.55', '34.58', 3, 1, '2015-11-10', 2, '06:51:12', 7),
(2208, 85, '856.00', '111.28', '42.80', '299.60', 1, 1, '2017-05-07', 9, '07:08:41', 4),
(2209, 103, '1076.00', '139.88', '53.80', '376.60', 1, 2, '2017-01-23', 1, '06:47:14', 2),
(2210, 43, '947.00', '123.11', '47.35', '142.05', 3, 2, '2017-10-27', 5, '15:33:45', 4),
(2211, 23, '305.00', '39.65', '15.25', '149.45', 1, 1, '2015-10-24', 1, '00:30:50', 7),
(2212, 12, '2001.00', '260.13', '100.05', '540.27', 1, 3, '2019-07-20', 5, '16:06:14', 7),
(2213, 80, '2038.00', '264.94', '101.90', '631.78', 1, 3, '2018-09-11', 7, '09:48:51', 6),
(2214, 82, '2112.00', '274.56', '105.60', '844.80', 3, 5, '2016-04-23', 4, '07:34:11', 4),
(2215, 71, '787.00', '102.31', '39.35', '173.14', 2, 4, '2018-04-17', 5, '21:08:38', 4),
(2216, 32, '94.00', '12.22', '4.70', '47.00', 2, 2, '2016-09-13', 6, '11:51:19', 3),
(2217, 119, '1808.00', '235.04', '90.40', '849.76', 3, 2, '2015-07-15', 2, '12:48:38', 5),
(2218, 66, '1261.00', '163.93', '63.05', '226.98', 3, 3, '2019-03-08', 8, '18:49:29', 2),
(2219, 39, '1812.00', '235.56', '90.60', '453.00', 1, 2, '2019-04-05', 9, '13:04:18', 5),
(2220, 54, '1804.00', '234.52', '90.20', '306.68', 1, 5, '2017-10-06', 10, '06:57:08', 3),
(2221, 27, '182.00', '23.66', '9.10', '69.16', 2, 2, '2018-08-05', 8, '19:11:02', 1),
(2222, 7, '2178.00', '283.14', '108.90', '871.20', 3, 1, '2017-02-01', 4, '23:27:58', 3),
(2223, 18, '148.00', '19.24', '7.40', '65.12', 2, 2, '2016-07-06', 7, '10:24:16', 2),
(2224, 76, '917.00', '119.21', '45.85', '366.80', 3, 5, '2018-11-09', 1, '03:37:58', 5),
(2225, 82, '2011.00', '261.43', '100.55', '502.75', 2, 4, '2018-02-23', 9, '02:45:43', 4),
(2226, 19, '325.00', '42.25', '16.25', '45.50', 2, 5, '2017-08-13', 6, '04:58:27', 6),
(2227, 97, '1876.00', '243.88', '93.80', '787.92', 2, 1, '2018-06-22', 5, '13:04:13', 8),
(2228, 116, '444.00', '57.72', '22.20', '213.12', 3, 2, '2017-09-06', 5, '02:55:08', 4),
(2229, 93, '1973.00', '256.49', '98.65', '236.76', 2, 5, '2018-08-11', 3, '03:18:57', 8),
(2230, 74, '611.00', '79.43', '30.55', '287.17', 3, 3, '2016-08-26', 10, '07:38:11', 3),
(2231, 78, '666.00', '86.58', '33.30', '279.72', 2, 2, '2018-07-08', 7, '18:55:17', 1),
(2232, 93, '115.00', '14.95', '5.75', '31.05', 2, 4, '2018-11-07', 6, '16:55:00', 2),
(2233, 22, '1795.00', '233.35', '89.75', '735.95', 2, 2, '2018-09-09', 2, '12:39:36', 8),
(2234, 1, '2176.00', '282.88', '108.80', '587.52', 3, 1, '2018-08-09', 3, '21:16:15', 6),
(2235, 108, '2272.00', '295.36', '113.60', '363.52', 2, 3, '2019-05-07', 7, '18:50:43', 4),
(2236, 119, '859.00', '111.67', '42.95', '188.98', 3, 2, '2015-10-20', 2, '06:42:20', 3),
(2237, 87, '1657.00', '215.41', '82.85', '265.12', 1, 1, '2018-11-13', 2, '10:21:16', 3),
(2238, 3, '1003.00', '130.39', '50.15', '461.38', 2, 1, '2019-01-24', 6, '07:24:56', 4),
(2239, 60, '1515.00', '196.95', '75.75', '545.40', 1, 3, '2019-08-06', 2, '23:04:03', 8),
(2240, 109, '364.00', '47.32', '18.20', '91.00', 2, 1, '2017-01-09', 7, '04:07:57', 5),
(2241, 28, '593.00', '77.09', '29.65', '71.16', 1, 4, '2015-07-24', 4, '18:00:41', 8),
(2242, 99, '1197.00', '155.61', '59.85', '287.28', 1, 5, '2016-05-29', 3, '07:09:14', 2),
(2243, 35, '686.00', '89.18', '34.30', '198.94', 3, 3, '2017-11-27', 4, '04:47:08', 2),
(2244, 71, '1622.00', '210.86', '81.10', '811.00', 1, 3, '2017-04-09', 2, '07:54:41', 7),
(2245, 102, '1260.00', '163.80', '63.00', '163.80', 1, 5, '2016-04-03', 5, '23:09:02', 2),
(2246, 33, '1940.00', '252.20', '97.00', '271.60', 1, 4, '2017-07-31', 1, '03:05:42', 8),
(2247, 56, '1009.00', '131.17', '50.45', '201.80', 1, 1, '2015-12-31', 1, '03:54:34', 4),
(2248, 32, '1393.00', '181.09', '69.65', '139.30', 2, 1, '2017-09-03', 9, '15:08:45', 2),
(2249, 115, '905.00', '117.65', '45.25', '199.10', 2, 1, '2019-11-14', 4, '16:42:16', 8),
(2250, 47, '2220.00', '288.60', '111.00', '621.60', 1, 4, '2017-05-11', 6, '17:58:42', 6),
(2251, 33, '2141.00', '278.33', '107.05', '706.53', 3, 1, '2017-02-01', 3, '02:14:56', 6),
(2252, 52, '2201.00', '286.13', '110.05', '506.23', 3, 5, '2017-03-31', 3, '08:39:01', 2),
(2253, 63, '902.00', '117.26', '45.10', '333.74', 3, 1, '2018-01-09', 4, '10:47:35', 5),
(2254, 11, '1237.00', '160.81', '61.85', '296.88', 2, 4, '2019-03-05', 8, '08:33:55', 6),
(2255, 23, '1907.00', '247.91', '95.35', '800.94', 3, 5, '2016-07-17', 5, '21:31:49', 3),
(2256, 4, '1524.00', '198.12', '76.20', '426.72', 2, 4, '2015-03-29', 7, '16:32:59', 6),
(2257, 38, '1339.00', '174.07', '66.95', '522.21', 3, 2, '2018-10-28', 4, '10:29:56', 2),
(2258, 65, '1962.00', '255.06', '98.10', '568.98', 1, 4, '2016-06-15', 5, '22:45:14', 6),
(2259, 55, '2113.00', '274.69', '105.65', '295.82', 3, 1, '2018-01-12', 8, '19:14:14', 7),
(2260, 26, '1174.00', '152.62', '58.70', '563.52', 2, 1, '2015-08-29', 7, '03:05:00', 2),
(2261, 71, '1373.00', '178.49', '68.65', '466.82', 3, 1, '2018-01-18', 3, '12:34:29', 4),
(2262, 69, '277.00', '36.01', '13.85', '80.33', 3, 4, '2019-03-03', 9, '14:22:11', 1),
(2263, 17, '151.00', '19.63', '7.55', '72.48', 3, 4, '2019-06-03', 5, '14:55:25', 2),
(2264, 72, '567.00', '73.71', '28.35', '119.07', 1, 5, '2019-04-02', 4, '09:54:38', 8),
(2265, 118, '581.00', '75.53', '29.05', '273.07', 3, 5, '2015-06-22', 7, '13:16:34', 1),
(2266, 119, '1999.00', '259.87', '99.95', '619.69', 3, 3, '2018-08-05', 7, '07:15:07', 8),
(2267, 115, '2227.00', '289.51', '111.35', '690.37', 2, 5, '2018-09-15', 1, '20:13:25', 8),
(2268, 18, '953.00', '123.89', '47.65', '190.60', 3, 1, '2016-08-29', 1, '23:23:06', 5),
(2269, 67, '782.00', '101.66', '39.10', '304.98', 1, 1, '2020-01-11', 4, '10:01:11', 6),
(2270, 101, '1144.00', '148.72', '57.20', '549.12', 1, 2, '2017-03-28', 1, '08:38:10', 4),
(2271, 28, '416.00', '54.08', '20.80', '170.56', 1, 2, '2019-05-01', 2, '02:17:08', 1),
(2272, 67, '285.00', '37.05', '14.25', '37.05', 3, 5, '2016-10-16', 1, '21:36:45', 3),
(2273, 6, '1316.00', '171.08', '65.80', '355.32', 1, 4, '2017-02-02', 1, '03:02:02', 1),
(2274, 55, '1378.00', '179.14', '68.90', '137.80', 2, 2, '2017-12-20', 10, '23:48:41', 3),
(2275, 38, '1561.00', '202.93', '78.05', '749.28', 3, 5, '2015-01-28', 5, '01:09:11', 8),
(2276, 37, '686.00', '89.18', '34.30', '137.20', 1, 2, '2020-01-04', 10, '09:59:06', 6),
(2277, 69, '1529.00', '198.77', '76.45', '382.25', 1, 1, '2017-10-10', 5, '23:58:23', 5),
(2278, 53, '82.00', '10.66', '4.10', '29.52', 1, 2, '2017-03-13', 3, '09:28:42', 2),
(2279, 13, '508.00', '66.04', '25.40', '213.36', 1, 2, '2017-08-08', 2, '14:47:05', 4),
(2280, 9, '1046.00', '135.98', '52.30', '271.96', 3, 2, '2016-12-13', 10, '14:31:06', 4),
(2281, 98, '2043.00', '265.59', '102.15', '388.17', 1, 4, '2015-11-21', 3, '11:52:34', 2),
(2282, 115, '1960.00', '254.80', '98.00', '235.20', 3, 1, '2017-03-01', 5, '18:08:05', 2),
(2283, 53, '2092.00', '271.96', '104.60', '1025.08', 2, 3, '2017-10-06', 1, '04:42:11', 5),
(2284, 118, '855.00', '111.15', '42.75', '427.50', 2, 2, '2018-03-24', 6, '16:29:36', 6),
(2285, 21, '2053.00', '266.89', '102.65', '307.95', 1, 5, '2019-10-06', 4, '02:49:39', 4),
(2286, 42, '1096.00', '142.48', '54.80', '142.48', 3, 3, '2016-06-22', 1, '04:41:04', 5),
(2287, 110, '240.00', '31.20', '12.00', '96.00', 2, 3, '2016-04-22', 8, '00:41:30', 4),
(2288, 106, '2269.00', '294.97', '113.45', '930.29', 1, 4, '2019-12-25', 1, '04:14:47', 3),
(2289, 97, '2024.00', '263.12', '101.20', '222.64', 2, 1, '2016-05-11', 6, '12:48:26', 1),
(2290, 43, '1358.00', '176.54', '67.90', '624.68', 1, 3, '2015-10-20', 6, '18:14:52', 1),
(2291, 14, '1759.00', '228.67', '87.95', '545.29', 3, 5, '2016-12-31', 4, '22:28:33', 1),
(2292, 67, '2163.00', '281.19', '108.15', '886.83', 1, 1, '2017-02-20', 4, '13:52:04', 4),
(2293, 49, '2289.00', '297.57', '114.45', '961.38', 2, 1, '2015-03-28', 9, '16:56:55', 2);
INSERT INTO `ventas` (`id_venta`, `id_cliente`, `monto`, `iva`, `cesc`, `costo`, `estado`, `forma_pago`, `fecha`, `id_empleado`, `hora_registro`, `tienda`) VALUES
(2294, 118, '2242.00', '291.46', '112.10', '627.76', 3, 4, '2018-03-06', 9, '03:28:44', 3),
(2295, 8, '1894.00', '246.22', '94.70', '587.14', 1, 1, '2015-06-03', 3, '17:13:18', 6);

--
-- Índices para tablas volcadas
--

--
-- Indices de la tabla `cargos`
--
ALTER TABLE `cargos`
  ADD PRIMARY KEY (`id_cargo`);

--
-- Indices de la tabla `clientes`
--
ALTER TABLE `clientes`
  ADD PRIMARY KEY (`id_cliente`),
  ADD KEY `genero` (`genero`),
  ADD KEY `estado_civil` (`estado_civil`),
  ADD KEY `pais` (`pais`);

--
-- Indices de la tabla `empleados`
--
ALTER TABLE `empleados`
  ADD PRIMARY KEY (`id_empleado`),
  ADD KEY `cargo` (`cargo`),
  ADD KEY `pais` (`pais`);

--
-- Indices de la tabla `estado_civil`
--
ALTER TABLE `estado_civil`
  ADD PRIMARY KEY (`id_estado_civil`);

--
-- Indices de la tabla `estado_ventas`
--
ALTER TABLE `estado_ventas`
  ADD PRIMARY KEY (`id_estado`);

--
-- Indices de la tabla `forma_pago`
--
ALTER TABLE `forma_pago`
  ADD PRIMARY KEY (`id_forma_pago`);

--
-- Indices de la tabla `genero`
--
ALTER TABLE `genero`
  ADD PRIMARY KEY (`id_genero`);

--
-- Indices de la tabla `nomina`
--
ALTER TABLE `nomina`
  ADD PRIMARY KEY (`id_pago`);

--
-- Indices de la tabla `paises`
--
ALTER TABLE `paises`
  ADD PRIMARY KEY (`id_pais`);

--
-- Indices de la tabla `tienda`
--
ALTER TABLE `tienda`
  ADD PRIMARY KEY (`id_tienda`);

--
-- Indices de la tabla `ventas`
--
ALTER TABLE `ventas`
  ADD PRIMARY KEY (`id_venta`),
  ADD KEY `id_cliente` (`id_cliente`),
  ADD KEY `estado` (`estado`),
  ADD KEY `forma_pago` (`forma_pago`),
  ADD KEY `id_empleado` (`id_empleado`),
  ADD KEY `tienda` (`tienda`);

--
-- AUTO_INCREMENT de las tablas volcadas
--

--
-- AUTO_INCREMENT de la tabla `nomina`
--
ALTER TABLE `nomina`
  MODIFY `id_pago` int(11) NOT NULL AUTO_INCREMENT, AUTO_INCREMENT=787;

--
-- Restricciones para tablas volcadas
--

--
-- Filtros para la tabla `clientes`
--
ALTER TABLE `clientes`
  ADD CONSTRAINT `clientes_ibfk_1` FOREIGN KEY (`genero`) REFERENCES `genero` (`id_genero`),
  ADD CONSTRAINT `clientes_ibfk_2` FOREIGN KEY (`estado_civil`) REFERENCES `estado_civil` (`id_estado_civil`),
  ADD CONSTRAINT `clientes_ibfk_3` FOREIGN KEY (`pais`) REFERENCES `paises` (`id_pais`);

--
-- Filtros para la tabla `empleados`
--
ALTER TABLE `empleados`
  ADD CONSTRAINT `empleados_ibfk_1` FOREIGN KEY (`cargo`) REFERENCES `cargos` (`id_cargo`),
  ADD CONSTRAINT `empleados_ibfk_2` FOREIGN KEY (`pais`) REFERENCES `paises` (`id_pais`);

--
-- Filtros para la tabla `ventas`
--
ALTER TABLE `ventas`
  ADD CONSTRAINT `ventas_ibfk_1` FOREIGN KEY (`id_cliente`) REFERENCES `clientes` (`id_cliente`),
  ADD CONSTRAINT `ventas_ibfk_2` FOREIGN KEY (`estado`) REFERENCES `estado_ventas` (`id_estado`),
  ADD CONSTRAINT `ventas_ibfk_3` FOREIGN KEY (`forma_pago`) REFERENCES `forma_pago` (`id_forma_pago`),
  ADD CONSTRAINT `ventas_ibfk_4` FOREIGN KEY (`id_empleado`) REFERENCES `empleados` (`id_empleado`),
  ADD CONSTRAINT `ventas_ibfk_5` FOREIGN KEY (`tienda`) REFERENCES `tienda` (`id_tienda`);
COMMIT;

/*!40101 SET CHARACTER_SET_CLIENT=@OLD_CHARACTER_SET_CLIENT */;
/*!40101 SET CHARACTER_SET_RESULTS=@OLD_CHARACTER_SET_RESULTS */;
/*!40101 SET COLLATION_CONNECTION=@OLD_COLLATION_CONNECTION */;
